y,x,z,untreated_prediction_degree_1,untreated_prediction_degree_2,untreated_prediction_degree_3,untreated_prediction_spline
64.51341169663044,0,17.09579950484612,10.927685707980327,10.962708381676434,10.939362300008284,10.892847169962906
52.90750104157994,0,12.8542864172156,8.36485173917649,8.381507452120008,8.408708313633127,8.309252471169662
56.00719788629952,0,6.569539097210948,9.049331277469717,9.087539449273633,9.10892263330754,9.160970433400696
56.76485246658768,0,4.3127771956677865,9.216637657183862,9.258268674258073,9.276372373887392,9.36443830276496
62.58504536326082,0,6.472112882817383,10.501861066524317,10.545614456610618,10.53065140576475,10.584814818669365
55.84163547912345,1,14.617646946620493,9.012771547373646,9.050135255954864,9.07215784723114,9.115850343426443
62.14748921327259,0,14.411968240629886,10.405239284935737,10.450320113934188,10.437684990430604,10.51360179706026
59.794458003068826,1,4.24543481956138,9.885639531465158,9.93371312178952,9.934921011525121,10.087025622954023
67.39722894128593,0,11.607103395573212,11.56449440090346,11.577698781085134,11.55075999259159,11.41869941952433
48.96351353455502,0,8.850243449170371,7.493934716293597,7.4656280705630875,7.472947790358733,7.3625105679277185
63.847724125325406,0,8.702697139289082,10.78068761614092,10.819254897737393,10.79839351367166,10.78595700712712
52.94542130851982,0,9.783267645889648,8.373225347341165,8.390218026886956,8.417441208107176,8.31945228828273
49.069894492968224,0,8.844482112473017,7.517425913318849,7.490589788869868,7.498972517784348,7.384374151234509
48.54055994616153,1,4.7701719723203775,7.400537493466398,7.366242938828489,7.369004000920549,7.2779874024240625
51.43193759580609,1,3.936934309833559,8.039015685948833,8.041149272968427,8.06522945532885,7.925755608869392
59.1950314093207,0,14.846677473456436,9.753273284479311,9.80099189052793,9.805816630545145,9.959845762051101
53.02972231402124,1,10.409507371518348,8.3918408172448,8.409576106131514,8.436839247156467,8.342175284847137
59.211598656486416,0,7.615784922380532,9.756931687948702,9.80466620193366,9.809391743825957,9.963486210362662
49.461989701678085,1,7.737767757545357,7.604008944134236,7.582469414946757,7.594488044821746,7.466984911261383
61.441451576247786,1,11.634345105545473,10.249331033252467,10.296044031026634,10.287387135630956,10.39484256086377
60.513887589626286,1,12.569365223997949,10.044505012804152,10.092405598685785,10.089252165043924,10.228025222816234
67.46300893011055,0,19.88365239142732,11.57902003312982,11.591604236702716,11.56475058777611,11.432682382130329
57.147874300168525,0,9.782666092072912,9.301217092186434,9.34430263523552,9.360553050905082,9.46489293364013
46.650671345510624,1,11.078283813602162,6.983209560574241,6.919399451179107,6.894833506388766,6.951395178151667
56.159909547037984,0,4.937298671110585,9.083053287159897,9.122009688997698,9.142777233349616,9.20240599904494
47.49706238990975,1,6.936617562328308,7.170110854574251,7.120076982449303,7.109212868440288,7.08682756876094
56.07710078467592,0,6.791818390726263,9.064767336543541,9.103321661118141,9.124426059142762,9.179960298596102
59.91351338915432,0,10.696293679043292,9.91192951393165,9.960019603113684,9.960505010701056,10.111183909280479
66.61463166226001,0,6.516672553522789,11.391680138395909,11.411843692238406,11.38452572120236,11.26073212299096
60.09024675890389,0,16.739906392907507,9.95095603213238,9.999037608141405,9.99845007849617,10.146417546475373
68.96493897849268,0,11.91957325315067,11.910678397662025,11.907615730659654,11.88519936688627,11.780720618962745
73.11153591009143,1,10.458076628753563,12.826335926579372,12.765286709017584,12.785868673395505,12.850258046561882
64.05874480812687,0,8.473115642997778,10.827285508376843,10.864789737243258,10.843087724612317,10.819616631307234
54.56274229178589,0,2.9313242231935126,8.730364504928062,8.760038799737286,8.785886496406004,8.763095957244337
52.16611558304902,1,14.054887589376689,8.201137930448054,8.210840771459004,8.237041436835769,8.11296470210577
49.88594477308648,0,8.407419637736641,7.697627315888569,7.68159632623299,7.697061120023741,7.559769937973426
50.604187456951806,0,12.358200500237809,7.856230703659254,7.849014038900179,7.869222594096714,7.724673673493615
74.09928643927226,0,12.781113404627266,13.044452426363641,12.966388433374572,13.005365557608203,13.083620210449686
69.79969649602617,0,15.745816184715151,12.095010759441685,12.082020198257903,12.064343696530008,11.991830733855776
65.03584727778097,0,18.32978919236029,11.043050688263172,11.074899632425314,11.049973296608105,10.978875604928515
71.90313829751862,0,6.9462816741806686,12.559495818864482,12.517586663636585,12.520276828402089,12.543152062180184
72.11740897680235,1,7.321073664465624,12.606811380021938,12.561642835406252,12.567154061079608,12.59877873532625
53.134990512365135,1,10.642596508100029,8.415086292982899,8.433736292364198,8.461030825217218,8.370638043327547
51.241077924661134,0,8.11886953046087,7.996869777452445,7.996924163570552,8.020255867236825,7.8784075146887185
72.10975729639347,1,22.470298999551854,12.60512172489248,12.560070572382898,12.565478518669135,12.596798865829236
68.3100179935478,1,12.868843784859171,11.766057798987262,11.770168229455205,11.745207073060376,11.622828065941802
71.01300142181724,1,16.442057952104538,12.362934507155632,12.333945035124463,12.32644623327392,12.309413324545352
52.18774607411295,1,9.629042661634884,8.20591440675467,8.215829932670328,8.242075496392774,8.118596363455904
71.91681318167416,0,14.531064025496178,12.562515526552652,12.520400087040839,12.523265912947817,12.546712897269932
67.4685989089216,0,10.689821706760268,11.58025442033197,11.592785669452773,11.565939651625404,11.433876082826824
71.12907844418919,0,9.211439747664494,12.388566803041263,12.357949286841777,12.351643226616714,12.340017403989238
63.491087508562686,0,12.394576687242662,10.70193460285962,10.742170683942597,10.722832622255057,10.729307989668538
51.20423612717151,0,3.4119320307080536,7.9887343184708515,7.988382058262954,8.01155955260272,7.869333751272835
60.257928059891725,0,9.912346312215117,9.98798365942312,10.036020695710521,10.034415887514733,10.179182719299837
46.24282726333924,1,6.57619561921099,6.893148840753897,6.822377515471615,6.790309414042529,6.892872928371904
71.3857532769049,0,13.283974455717775,12.44524611066066,12.410968181987501,12.40744211714025,12.407624906071364
59.00677624232792,0,9.363967348449888,9.71170250635498,9.75921600428437,9.76516353325589,9.918001451023827
56.57793727086308,0,4.258313557033781,9.175362773452083,9.216216720450719,9.235179885399413,9.31477389627488
54.33346382743204,1,8.513577766674393,8.679734902975584,8.707812327901594,8.734111545294379,8.69959545714361
52.99889769165425,1,12.11576404454204,8.38503407957245,8.402498874445488,8.429748942858167,8.33385914550968
51.01091237335984,1,9.656428243696075,7.946044287677824,7.9435300968177245,7.965845951405971,7.822076874418862
74.6110733415208,0,18.76388405562177,13.157465949977203,13.070101489541397,13.120035956898732,13.195507618065468
48.21128167257537,0,6.332248852210532,7.32782578907563,7.28871313597204,7.28754809546617,7.214926677950023
54.38173496854023,0,8.34708367382026,8.690394206137732,8.718813344577708,8.745023986439508,8.712959372477682
62.68530143353776,0,10.575023742403618,10.523999756896943,10.567414951873532,10.551936306833321,10.600950838471782
72.16105437416715,0,8.991995593735526,12.616449219763515,12.570609653763878,12.576713608179087,12.610061879078954
68.2540890897358,0,12.095787765974324,11.7537074975945,11.758405394568303,11.733272026849706,11.609741696791751
47.296352127615044,0,1.05011507402215,7.125789724299777,7.0725708243502785,7.058679390728634,7.053058508061428
74.43782708156563,0,7.979872341477704,13.119209460402375,13.035030354565242,13.08114317418666,13.158425951411628
46.00116612390868,0,4.355459550030726,6.8397848785901045,6.764789702810827,6.727989810144799,6.860356511555332
52.35752552416646,0,4.252421206983048,8.24340535035526,8.254969739257342,8.281534112914283,8.16301481606378
48.73650210349026,0,6.8178311538494425,7.443805723909328,7.4123132780373835,7.417252915074281,7.3166612791182715
63.44912712464669,1,16.10693011977509,10.692668850223727,10.733090715552803,10.713939906202055,10.72265093231005
66.91065143562136,0,12.857359181339309,11.457047652687255,11.474669817953329,11.447361322777413,11.318753929318888
45.35069800231982,0,7.935358502448267,6.6961475676388496,6.6094168659687,6.558787837638825,6.781116688550164
68.4043585075704,1,5.564649850053495,11.786890207676045,11.79000075287739,11.765345813193674,11.645054359040365
59.41904324637533,1,12.254410082080962,9.802739902177935,9.850644265676573,9.854123249375151,10.008476474492952
55.605770526196046,1,10.357486525416515,8.960687507492672,8.996788390153068,9.019669187703057,9.051263890288261
64.05045108311137,0,13.250153105112656,10.825454076029187,10.863001147506344,10.841331280013895,10.818290667132707
68.46977930549609,0,4.762116599953659,11.801336522848846,11.803747094851351,11.779316200826567,11.660576535647484
68.70242098731084,1,10.344305460553167,11.85270879534304,11.852586425658153,11.829031078389638,11.716463257672814
60.31357815522672,0,12.030007568184994,10.000272393924936,10.048286801485798,10.04634475113701,10.189919625437593
66.13316480725881,1,9.825391697352334,11.285361931447342,11.309422632146036,11.282416352453042,11.170318720546106
46.30120918328261,1,14.5114587774348,6.906040820714965,6.83627885839392,6.8053216433494885,6.900971905373867
62.2667222970196,1,13.27943338219128,10.431568506856731,10.476311574953339,10.463030274048576,10.533152550884594
46.45928331733748,0,7.79423640013121,6.940946979515074,6.873896352457516,6.8458846662280735,6.923369978833129
69.97038795241382,1,12.506975885628997,12.13270309359941,12.117574117766512,12.101085989236935,12.035979117218966
63.8966201877891,0,12.57260495571638,10.7914849153402,10.829810879670209,10.808750550867726,10.793743390823646
62.0449524984636,1,8.357825479226147,10.382596979340555,10.427953915152557,10.415881021452073,10.496687699540402
46.01783206114192,1,1.8625182921431005,6.843465074942873,6.768763560579301,6.732296941732258,6.862546439389684
70.33205417004248,0,8.835341406719357,12.212566750614915,12.19278527664244,12.179072674597133,12.130270611598057
67.54662349131137,0,5.891645058518328,11.597483921410646,11.609271916501715,11.582538931127212,11.450627571476424
71.31582758422094,1,15.141865391621115,12.429805018114891,12.396532537035473,12.39222948857184,12.389220894617834
70.90511918917957,0,16.852063647563114,12.339111796585835,12.311620177709342,12.303048321883049,12.280968756570083
71.34534938342459,0,8.036392275456624,12.4363240644929,12.402627848439153,12.39865102857029,12.396992495343202
45.15032421752024,1,7.742614461143408,6.651900738811276,6.561447321757687,6.506228965882354,6.759214155587362
67.77078226949264,1,6.07199634949305,11.646982986861278,11.656592901954603,11.630253251658953,11.49967661661584
47.846551208011086,0,12.729681607613642,7.247285480622008,7.202676166742375,7.1967643929327245,7.147990413693337
52.82006529997189,0,15.177050246145566,8.345544052314093,8.36141587471624,8.388554894296488,8.285786759627523
73.76090691412453,0,9.54301611969446,12.969730970445925,12.897634561909973,12.929909900643398,13.006010675383145
57.353311928195765,1,13.871265059254348,9.346582126196031,9.390371492026306,9.4055810456138,9.517957730959854
68.39273958331835,1,10.011486348601307,11.784324500025939,11.787558797358635,11.762865071698897,11.642306834368442
47.047829603488886,1,6.611485599451384,7.070910621248416,7.013677482498846,6.995848393125719,7.012651772336486
47.8092574038596,0,12.69241115128386,7.239050208875904,7.193869393632948,7.187448208349939,7.141323082460868
73.60590526080918,0,13.69250189702368,12.935503281284413,12.866092163055987,12.895438521561687,12.969597000952875
71.81569788465218,0,8.800480605602948,12.540187100488055,12.499591393035157,12.501172340465521,12.520352299016448
73.64397120649022,0,15.685067358404751,12.943909058439312,12.873841285914741,12.903898843778201,12.978587149156262
71.11792106735135,0,13.254397127513222,12.386103014958394,12.355642726208664,12.349220288884997,12.337076110294547
69.35075103853899,0,11.314413425778646,11.995873974506361,11.988332145807174,11.967890049323424,11.87715956408416
58.84590166121164,0,12.444256657868223,9.676177948786334,9.723480708979181,9.730380389942018,9.881566371454493
48.037994676554725,0,-0.4197301684653576,7.289560304103935,7.247857079283553,7.244489711695838,7.182736126777354
53.22435145685313,0,6.378036417506562,8.434819105928392,8.454234611498006,8.481539878548016,8.394872111073518
70.16788356910155,0,13.184245073927451,12.176314361183735,12.158665259439612,12.143648862600608,12.087358896843279
53.46926988796009,0,5.496570763211876,8.488902347949036,8.51036424468138,8.537625617947741,8.461599898374407
62.27495394168618,0,11.449450794002914,10.433386230531992,10.478105317746401,10.46477971825006,10.534497912267046
57.777120807729794,1,9.011396389234584,9.440168215649326,9.485241164391882,9.49821214225565,9.625382314980289
54.31257872062693,0,12.546043027806904,8.675123023498557,8.703051689937952,8.729388142517882,8.693814578769036
46.20664971130726,0,2.6227526623367425,6.885160061414519,6.813761103848291,6.780998352488929,6.887901501696353
47.36031395187828,0,10.940059690820403,7.139913866799285,7.087715485587042,7.074803490190083,7.063710820966367
64.18848702020365,1,13.448844537809617,10.855935371208021,10.892758087992991,10.870563009104453,10.840398602309659
50.18532435155423,0,10.328521063302794,7.763736747200573,7.751458937552623,7.769064316032823,7.6273624160731845
68.46589615331779,0,8.912892171426831,11.800479039571197,11.802931310431784,11.778486848712049,11.659652744498219
54.40589942256653,1,12.01989545728176,8.695730235808893,8.724319330351344,8.750484320037593,8.719650612749778
62.15760823311094,0,9.105482160796958,10.40747378152489,10.45252664269114,10.439836356738034,10.515265787262395
71.5497910203718,1,16.881112184508382,12.481469162312361,12.444808336541843,12.443163402367166,12.450735221767792
58.33144672501598,0,16.04325192475816,9.562575266059554,9.608984762429815,9.618870601331881,9.761141073275002
63.40894191933237,1,17.35500062598903,10.683795095092924,10.724392800705695,10.70542284123091,10.716275446105058
59.23347928131821,0,13.346025088040316,9.76176339915554,9.809518391858013,9.814112833508918,9.96828361362766
73.16138902007603,1,19.559916183660157,12.837344562395764,12.775466106864911,12.7968926192411,12.862495527595035
58.20682467011094,0,12.563341212809126,9.535056043736937,9.581198871092498,9.59179179475379,9.731131097479288
72.27939184500656,0,8.062897473700962,12.64258067114752,12.594909636228412,12.602651819211868,12.640563605699862
69.36925214568603,0,6.448061147717289,11.99995941573249,11.992198071987737,11.971859852403547,11.881837390934031
67.30059185001014,0,9.591489484953875,11.543154858705604,11.55726042799305,11.530212021226696,11.398367715991721
61.48501871364312,0,4.572730612036394,10.258951591514451,10.305582096254195,10.296673196495899,10.40234453563633
63.1993325675021,0,3.6396073592083145,10.637508855002336,10.678990700203004,10.660987490705793,10.683002009893503
63.60006323475704,0,14.92030917176296,10.725998780257402,10.765741974303594,10.7459253084631,10.74660036257501
59.47161047466062,0,7.238157072430867,9.814347873521122,9.862286647943066,9.865448604699957,10.019699249279178
63.99469548144105,0,12.940569197783354,10.81314204346588,10.850974875065079,10.829523029400367,10.809383768311042
71.29680362292999,0,18.2621542295636,12.425604119480845,12.39260411176642,12.388092233982139,12.38421168109743
65.52920698611432,0,15.426442403536289,11.151995092277312,11.180530528523295,11.154447848196375,11.062802925102712
52.64494295963145,0,4.267948623171249,8.306873283956456,8.321146046187264,8.348117056512372,8.239022228839243
59.61912060106664,0,8.862837504306778,9.84692127288047,9.894937974819229,9.897208377896796,10.05079857973002
47.44140553267468,0,14.913687288990271,7.157820626899886,7.106908645276324,7.095218595990264,7.077362961570239
67.96437610059041,0,4.495274826299685,11.689732656511056,11.697410420240146,11.671494159530003,11.543088549818219
52.57521125238086,1,10.261821925699378,8.291475027554513,8.30510028236703,8.331987747442682,8.220493310987605
46.541115185287126,0,3.4363599778536837,6.959017210895044,6.893357793789642,6.866835468615699,6.935232028970624
56.954919040235225,0,9.57722020473018,9.258608432744339,9.300984382843376,9.31818328607079,9.414520660226987
56.735519300769774,0,6.693049620464794,9.210160265102786,9.251672252637864,9.269912865385297,9.356670442067399
56.75291930526865,0,9.76341057018784,9.214002559250352,9.25558528446031,9.273744772132194,9.361279430168928
68.9192339426653,1,6.836083709195555,11.900585745577645,11.898041248143805,11.875414875634743,11.76944821051682
49.50860329554208,0,6.864364242063913,7.614302225317707,7.593379461841133,7.605801318999473,7.477013615133654
65.46131685735448,0,9.802780861028932,11.137003495899956,11.166013133699577,11.140068995094815,11.051067867655135
61.527992383228415,0,14.109432602076998,10.268441099356684,10.314987886740214,10.305831153403282,10.409719309358449
58.72382719166558,0,8.836987803304993,9.649221287945574,9.696342328707331,9.703959286133328,9.85351753160509
61.48548364993596,0,9.72544242791908,10.259054259418766,10.305683870890547,10.296772285836123,10.402424455947607
65.10179286479486,0,7.223922361209837,11.057612888121081,11.089036723532148,11.063936191364078,10.989923886613559
66.88702204036561,1,15.51196999625678,11.451829775467306,11.469658867523393,11.4423437760859,11.314048851762163
67.62659050454093,0,12.506401923759984,11.61514235287542,11.626160613792667,11.599556189217472,11.467970426792386
50.85067629305342,1,11.414651979434575,7.910660724781055,7.906318852399167,7.927852787369412,7.783371108739623
57.971771546166366,0,8.747381040157153,9.483151273105562,9.528737751186757,9.54064375740749,9.67370669409847
49.56344464342235,0,5.011564355323929,7.6264123710374125,7.6062117255628054,7.619100209630407,7.488867899640968
51.794444259140015,0,7.2985150566926595,8.119064931399954,8.125020968382794,8.150295358551336,8.017214155297388
59.281520524604986,0,8.902199836589554,9.772371935948415,9.820169771014797,9.82447603079125,9.97877425441139
46.455027814654045,0,3.9954651853654672,6.940007273260598,6.8728840678131915,6.844794270740074,6.9227580769595765
61.804533819975966,0,11.857626391070236,10.32950737919833,10.375459646984698,10.364727030013954,10.456619275014559
71.99420809099959,1,10.388038010724213,12.579605982314982,12.536318598119275,12.540189820059668,12.566839586560603
59.42151546006156,0,8.230613402183769,9.803285819978058,9.851191879999206,9.85465596327493,10.009005912696946
54.61230059191502,0,7.302888335878576,8.74130804040598,8.77131877232785,8.797058757842674,8.77682676362059
56.17058392605536,0,13.582059723628936,9.085410418965811,9.124418020138995,9.14514162941974,9.205295229843195
53.20081997427458,1,2.6255321922748758,8.429622849927371,8.448837752221813,8.476141598253665,8.388484334432665
69.89176727634106,0,13.28866701296704,12.115341962251918,12.101202512850339,12.084157476317397,12.015611923542231
53.7872523656506,0,8.604319869636699,8.559119698360485,8.583125455653528,8.61017474304856,8.548799257140479
67.82329069414283,0,9.197906893844111,11.658577973100751,11.667668508348346,11.641435937052146,11.511357699602724
52.45384723594984,0,13.90381496306212,8.264675249997675,8.277158912747234,8.303877984332026,8.18837780727495
73.95309691957716,0,8.83032257149506,13.012170645287318,12.936702556426713,12.972732117724606,13.05042079558931
52.56387524175243,0,13.829569237516816,8.288971793299766,8.302491205150941,8.32936418220672,8.217486315019915
73.54814175339219,1,10.859397442732805,12.922747860071421,12.854329692846127,12.882606870676813,12.955897289332855
63.7988762229899,0,6.670555104964273,10.769900951730765,10.808706298396459,10.788046114086617,10.778184687640284
59.045548148606194,1,7.620581700474418,9.720264174749522,9.767823574758056,9.773540566238934,9.926690352644462
45.05839240195894,1,9.78539082620515,6.631600222398823,6.539421851342367,6.482044870860591,6.749570373927533
74.09286774810998,0,11.122760128969496,13.043035041702078,12.965085592578097,13.003931619105881,13.08217347366033
56.097507605280654,0,13.284967167521026,9.069273600170371,9.107927813891566,9.128949859184258,9.185496820926808
47.10802105278742,0,5.041574924248844,7.084202184097618,7.027948439695163,7.011092444046282,7.022293606102327
63.91875663127525,0,15.308957677426694,10.796373116792116,10.834588838128653,10.813439257724873,10.797270797682705
67.50875233641912,1,11.551373026337988,11.589121158239326,11.601270870090765,11.574481499269602,11.442475795102244
70.67177428058481,0,11.3093987274069,12.28758423653747,12.263282141851635,12.252504629640532,12.21948939358575
65.15558476081937,0,8.767394628332598,11.06949129236487,11.100564299478624,11.075326054419774,10.998972087746562
46.0620389114962,1,5.3515108278624375,6.853226895545249,6.7793026270464125,6.74371501664586,6.8683931769796835
49.36695702387071,1,6.597595751238217,7.583023690837879,7.5602182421337885,7.571395873940508,7.446674174995028
61.058434972933966,1,20.092923761286517,10.164752753205018,10.212087823102081,10.205675416766232,10.327703565539665
48.18187860101851,0,9.54321844013546,7.321332960308222,7.28178341404653,7.280251368161356,7.20941565277707
64.59405686222641,0,11.236957636201828,10.945493890031015,10.980049149100923,10.956436728962096,10.905973744633144
53.215666590232736,0,9.218458316123716,8.432901301126098,8.452242850581342,8.47954770970922,8.392514039879606
59.83477330109093,1,6.623547575135965,9.89454201385576,9.942623195356143,9.94358649623179,10.095245342138137
60.7464406007666,0,13.37374408594884,10.095857704911827,10.143562591887013,10.139009875088224,10.271257809264277
74.13848237148534,0,14.992790692181156,13.053107728778096,12.974343141379565,13.014124180717715,13.092432511615105
53.43958848909866,0,6.455353305746794,8.482348058543872,8.50356598885631,8.530838315913485,8.453491013348112
69.78136620180766,1,13.843109700752173,12.090963037373367,12.078199929693339,12.060400360709615,11.987105725152167
52.43270296816806,1,10.979564544963162,8.260006142219128,8.272289012194031,8.29897573085445,8.182800451973915
58.06478084838365,0,4.376124511912208,9.503689721679047,9.549504685509017,9.560894482666534,9.696554413068924
47.20121130035695,0,12.388099247867574,7.104780589285366,7.05003414870244,7.034660198446334,7.037404207107773
73.52099486882119,0,14.578521693134084,12.916753245775864,12.848800276430744,12.876579141891357,12.949435312107445
53.23221731425373,0,8.849314887643454,8.436556055930783,8.456038461134467,8.483343980155636,8.397008316839672
67.98955247594112,1,15.407596604634142,11.695292140111947,11.702715155106992,11.676859762899896,11.548802473392714
70.89289341008985,0,18.460319867381425,12.336412082373181,12.309089280946997,12.300397962103638,12.277745667265764
56.34141088417133,0,12.990287141401083,9.123132674811071,9.162940066606525,9.182944978242888,9.251397703791735
58.6053676375865,1,8.139351305564972,9.623062877964095,9.66998959058029,9.678297759093459,9.825978776297196
46.78936650398848,0,2.7574394398306312,7.013836425972434,6.9523457517826435,6.9301953430945495,6.972316353778491
48.238567746932745,1,11.87266198666888,7.333851139461036,7.295142946951917,7.294316058375344,7.220058700448808
72.64273106278658,0,12.064531128506912,12.722813762475003,12.669408953018609,12.682469491282758,12.733264162641307
49.658044732325294,0,6.1673646703118,7.647302099426526,7.628338165498166,7.642011941114363,7.509455986152744
68.53142462248638,0,12.14123298268794,11.814949130863509,11.816695180111028,11.792484246373723,11.675282490724234
71.53255523727621,0,11.544342666087132,12.477663131772475,12.441254279412702,12.439407815398908,12.44621044477159
48.89925096082767,1,6.5816599899615325,7.47974416186265,7.450542280574659,7.457203756406473,7.349419367786391
48.66082446895327,1,7.765558477507323,7.42709447924834,7.394525536981113,7.39863752130955,7.3016245190561015
60.480265029346725,0,13.354229241717324,10.03708043043714,10.085003660093138,10.082053232143927,10.221686832055907
71.83010942375994,0,8.971607503329334,12.54336947738771,12.502557957813297,12.504320058922165,12.524113616591144
59.607478352831976,1,7.062653828693016,9.844350414794805,9.892361964997649,9.894702824592859,10.048365041417451
53.04896136758867,1,9.880905954996548,8.396089212866283,8.413992721293882,8.441263126894931,8.347370049858377
72.50571265456645,1,18.77436542441187,12.692557159492697,12.64133418547418,12.652337550096016,12.698488723421553
64.16364801334333,1,9.408050213118049,10.85045038580489,10.887405222489177,10.865303102578029,10.83641385431367
50.77048678682585,0,6.782864206881074,7.892953162090816,7.887684461304535,7.908803659923942,7.764161831118951
49.37367878878258,0,13.531841933388096,7.584508000682962,7.561792466628571,7.573030421270349,7.448104785642972
53.50920545317782,0,5.005848351543728,8.49772097719282,8.51950936920233,8.546753587619241,8.47251913784412
64.31506042211235,0,13.042069686754802,10.88388549279693,10.920022859439255,10.897364879574413,10.860754061345775
73.69531616668209,0,13.739435670135592,12.955247126775152,12.884290732642487,12.915315938919592,12.990664826380018
46.01793566899169,1,10.342159242480072,6.843487953778041,6.768788263935067,6.732323713727982,6.862560078105483
53.26165858422392,1,3.4466115817190994,8.443057319727044,8.462789431393544,8.490094904571386,8.405008200892869
59.08487545936255,0,8.397346325349451,9.72894848836383,9.776552508797462,9.782035271505936,9.93546646058422
69.14278059773116,0,11.990563135447315,11.949949641117023,11.944845638108177,11.923294186354529,11.824900186153906
57.83512196552565,0,6.741898364103717,9.452976115162535,9.498207087185783,9.510862983984037,9.639852099016606
66.55486911745177,1,4.349832189004468,11.378483286856296,11.39914648963029,11.371845583574352,11.24925324914212
54.060765350109754,1,11.938321555998996,8.619517230989757,8.6456089493451,8.672341637451192,8.624190649064877
65.93357715049667,0,15.541173457212237,11.241288696549454,11.266879102016095,11.240114910791908,11.134124558262956
52.71947527617514,0,4.983331560732066,8.323331617842447,8.338289675832709,8.365339452275482,8.258885795423607
55.758956923411525,0,9.491690096753306,8.994514349178004,9.031443391427263,9.053774003345543,9.093248821488109
72.97420505999638,0,8.033269231970449,12.796010329730565,12.737229192143145,12.755529503090631,12.816333398117278
46.89029827849212,0,5.958100161090865,7.036124326329223,6.976306290254729,6.955871118237763,6.987860326859698
68.48398483492241,0,8.630353744944152,11.804473408392832,11.80673127344159,11.782350303694672,11.66395859732402
58.53247432325343,1,18.491821386618856,9.606966470915658,9.653764798464461,9.662495742991709,9.808880098679989
62.75886577401651,1,16.918958073206213,10.54024434090893,10.58340330706996,10.567550905340775,10.612756885674445
71.15219289616681,1,14.9532314559256,12.39367096974211,12.362727229307795,12.356663440295321,12.346110399414002
68.38998630436318,0,12.642323084477384,11.783716516986813,11.786980114265798,11.76227724198152,11.641656180584611
68.94591826837076,1,17.144819009867234,11.906478216955824,11.903631513014995,11.881127146325253,11.776025277435803
45.31812870329924,0,11.306034258373897,6.688955567945681,6.601623216597668,6.550258949468753,6.777474754493329
54.68869235267552,0,8.627723878769135,8.758176979452013,8.788700238452135,8.814267301098916,8.797992658859442
64.86521633414475,1,12.446831560757584,11.005371716618695,11.038295122117503,11.013846436480309,10.95050166539858
49.53755180676997,0,12.014964500083572,7.620694677416143,7.600153563832384,7.6128227790767955,7.483263565274866
53.96145476810543,1,7.382445238568566,8.597587324704325,8.62293256843925,8.649794181053462,8.596783038764794
49.705348463542286,0,10.854205575293282,7.657747777737975,7.639398009685477,7.6534551999829485,7.5198166491578515
66.65211209369902,1,16.898559073181303,11.399956621449439,11.419804516381166,11.392479054207694,11.2679703724985
65.13135135863787,0,13.535186655063338,11.064140037462403,11.095371545971341,11.070194850895707,10.994891754365192
62.12445376863826,1,10.438463320379778,10.40015256475065,10.445296578934286,10.43278724856221,10.509810386262131
70.46907484322261,0,8.548960197897308,12.242823853748963,12.221236595279759,12.208668968787789,12.166198430474411
48.47240065687794,0,6.8801826285370815,7.385486460673077,7.350205815721921,7.352181673909721,7.264733590138908
47.28096014760837,0,9.51859753404508,7.122390845023458,7.068925592990396,7.054796399729932,7.05051044348958
48.76232491728913,1,11.127483460660688,7.449507954982858,7.41838117768293,7.423599288823626,7.32182070001997
47.12050583417757,1,10.115925950840124,7.086959091572677,7.030907918178417,7.0142521992712155,7.02430512857422
67.96375613926216,0,8.617571116883699,11.689595755754311,11.697279782503745,11.671362039924185,11.54294804025835
58.255253519857575,0,1.8464192786161,9.545750172348617,9.59199895853059,9.602317956289996,9.74282997370097
51.908595865579606,0,6.379132246677316,8.144272054155945,8.1513974088189,8.176987780476715,8.046414313824215
55.54277269089824,0,4.813756923440011,8.946776234430091,8.982527938180645,9.005627086297084,9.033960276371454
49.67973487424007,1,8.756419291959498,7.6520917479202595,7.633409777741276,7.647260123852119,7.5142012307893955
55.53212260424267,0,3.0767719244103016,8.94442446689863,8.980116645061116,9.003252242757528,9.03103303071388
46.33200944314874,0,10.8126573934024,6.912842178624657,6.84361098665588,6.813234820093612,6.90528246232461
48.4782922013928,0,10.800112281587744,7.386787440049894,7.3515922622741945,7.353636553976916,7.26587512754948
46.0786197451613,0,10.684983945058578,6.856888299205073,6.7832549189466365,6.747995128832324,6.87060029800319
49.042159741447335,0,8.434182578570995,7.511301485393572,7.484083356121972,7.4921921351497325,7.378651081578248
67.28141701232454,1,12.456816695999905,11.53892064332798,11.553203625488084,11.526135637568068,11.394362815715779
50.67038776326929,0,3.168333889539863,7.870849151002016,7.864412114008452,7.884991402576851,7.740336262318475
46.316510175176425,0,7.676801483960824,6.909419607864666,6.839921472038873,6.809253343311898,6.90311005091528
53.77198033742465,0,11.563752192032194,8.555747307009794,8.579633806847893,8.606697173665449,8.544598978122742
45.09913642275751,1,13.00287766338134,6.640597375972703,6.549184818305488,6.492768675840875,6.753812831010166
70.0899317732987,1,9.238025277290365,12.159100932944405,12.142452411899743,12.126842602257728,12.067044564330724
70.11078949616396,0,10.685743477225817,12.163706765460246,12.146791268836639,12.131338632720007,12.072475905944541
51.64834218160594,0,5.8948908003650615,8.086802459428037,8.091237885676183,8.116066241049097,7.9801175097961075
63.310970782566855,0,13.88525785643784,10.66216096704148,10.703178823793888,10.684655896482004,10.700729042564564
45.49239946144145,0,11.117265940590904,6.727438288691227,6.643309633881044,6.595831383255772,6.797328340655644
63.32737747844818,0,13.517433754585266,10.66578391734415,10.706732258555592,10.688133871165025,10.703332999580486
69.36794534010195,1,18.782647783243064,11.999670845034245,11.991925020682567,11.971579435818176,11.88150682993243
48.20720756759674,1,8.598923328481991,7.326926139324565,7.28775301522887,7.286537284478731,7.214161879546639
52.626613793800814,1,14.603246135304756,8.30282581106038,8.31692896908511,8.343878945951506,8.234146599199185
56.57899512124608,0,9.780442650260214,9.175596369502927,9.216454838477983,9.235413227173552,9.315056055937315
53.54879786193,0,14.501957331854934,8.506463830129801,8.528573923938547,8.555798413040925,8.483354361962784
71.21445456788908,0,9.41823377511656,12.407419682099714,12.375593859699155,12.370190570916423,12.362519226722188
63.39729547521017,1,18.355337659269612,10.681223310465308,10.72187159684188,10.702954326477283,10.714427631902506
48.77481671525606,1,9.31723416141294,7.4522664118685435,7.421316224723955,7.426668331055167,7.324321765889348
57.986400456569434,0,10.999947556666353,9.486381650248891,9.532004789505994,9.54382990789243,9.677310915818364
49.81632279194542,1,13.706701090445002,7.682253289364757,7.6653332617179135,7.680265903269634,7.544293188004822
63.419587906064784,0,11.895913243928335,10.686145957273428,10.726697277292043,10.707679262766648,10.717964490843244
68.41101485530233,0,13.163885102415042,11.788360072004886,11.791399644233605,11.766767060875427,11.646629652100605
53.362169291578475,0,8.92708332683063,8.465252239427262,8.485828587162686,8.513122223409688,8.432368065542928
73.25473557422809,0,14.700745437134158,12.857957483429029,12.794517896668678,12.817549246485886,12.885293122064997
47.89689134958661,0,12.641470744739385,7.258401663458381,7.214560991628623,7.209329694669819,7.157042754071254
69.90213908754609,1,9.40662308535236,12.117632280596107,12.103362737629157,12.086390233290981,12.018295736753963
53.78284023545872,0,6.678260359879516,8.558145405393168,8.582116739137538,8.609170133801465,8.547585671731499
54.39979351882712,0,8.117188512275337,8.694381921318225,8.722928140762036,8.749104748182686,8.717959787681245
68.22904641369874,0,10.751428243552322,11.74817753766933,11.753137197872137,11.727928955377433,11.603904413393883
68.93096213386421,1,11.295701721408149,11.903175581712919,11.900498370395713,11.8779254125176,11.772337481158743
53.290654404824174,0,8.558808153165929,8.449460218749477,8.469437188988666,8.496741096373086,8.41289348083867
68.86379722460521,1,17.694900418641645,11.888344129354142,11.886424591987439,11.863550160235162,11.755822550224048
50.48477314343808,0,1.5342489608072118,7.82986146231918,7.821224484823236,7.840736505480656,7.696613547276199
60.62869108527648,0,11.877142488233527,10.069856086678023,10.117668597519623,10.113823243453027,10.2494980374218
49.062308218891886,1,14.291493945926325,7.5157507013103,7.488810183759922,7.497118202082321,7.382807118215697
73.87738858590626,1,6.217025143264961,12.995452621599199,12.921318287691284,12.955852671162248,13.033027561536073
71.85645508435026,0,12.901984373545089,12.549187164245575,12.507980441695564,12.510075402939659,12.530986094468103
49.48048166640058,1,2.3496198954857093,7.60809236651696,7.586797841270509,7.598977162948865,7.470958177384611
58.9177076184985,1,12.603650496983809,9.6920342440799,9.739435104522297,9.74591070880147,9.897904512133376
60.775230948414695,0,4.8202546997771165,10.102215231099926,10.14989113980849,10.1451658746699,10.276538752139604
59.10216891041097,1,16.420626816058597,9.732767253224427,9.780390276443804,9.785769921604587,9.939313625625267
63.2700629591136,0,12.741264686210554,10.653127642328592,10.694317346144485,10.675983601392723,10.694235216315171
59.68713023733133,1,14.358110167183955,9.861939259077815,9.909982635350795,9.911841199626748,10.06494382069663
45.50628168360153,1,7.790979799534135,6.730503781057294,6.646628680169874,6.599454918452896,6.798948455240328
73.5126183987636,0,11.55913489172241,12.914903541548396,12.847093926260488,12.874719568537161,12.947438391201466
70.41943960871748,0,14.443674256893178,12.231863329510915,12.2109329483134,12.197944540781343,12.153173324029307
71.01628518157855,1,14.65200853018986,12.363659631733258,12.334624337011993,12.32715873144403,12.310279169740673
62.013512476808366,0,10.74565114306035,10.375654348307728,10.421093285108062,10.409193947097812,10.491481529730287
63.20692438082658,1,5.734360781960658,10.63918529019567,10.68063608117479,10.66259718752241,10.684208096830162
70.78803536220315,1,14.624727962893973,12.31325717665197,12.287374537143037,12.27767638653194,12.250108893827267
62.994728163521934,0,15.28009100193974,10.592327814731357,10.6346191802368,10.617595837982583,10.650449510780444
65.8188451724806,0,10.343412844554152,11.215953415302934,11.24240039535188,11.215804039874568,11.113627022575367
57.07744861853344,0,10.651620320911084,9.285665591357672,9.328497592170619,9.34509756703725,9.4465653330276
53.388391316927176,0,13.079831964687726,8.471042624972341,8.491837125517598,8.519124724915246,8.439517848509219
57.27627432158758,1,10.260014795949694,9.329570570536251,9.373102253214444,9.388705729848015,9.498130154170415
62.305056988227975,1,7.309018951955523,10.440033628787486,10.484664289552327,10.471177042159916,10.53941326617967
48.47707618673451,0,6.580737482519883,7.386518917935133,7.351306103325937,7.353336279081009,7.26563945066112
64.20457219044752,0,6.035493578031988,10.859487321754619,10.896224065117085,10.87396915568128,10.842980674218191
68.94686507426903,1,5.517271917692414,11.906687292003019,11.903829848736745,11.881329842197747,11.776258859753154
66.92201277406477,0,14.85299081115872,11.45955647986672,11.477078900890074,11.449773943411296,11.321020877886273
58.41442300297748,0,15.577400730731616,9.580898207712746,9.627474382804305,9.636885575749687,9.780947983590265
58.92766993416006,0,7.71809615942353,9.694234137026198,9.741648093527122,9.7480647423938,9.900161707024013
72.04436076181214,0,13.670578391253756,12.590680767586461,12.546629912828068,12.551162862055142,12.579856758643778
52.34447468657339,0,7.538028759201827,8.24052344553116,8.251962378812411,8.278504344430127,8.15958719465882
60.68993426983468,0,8.92796192093117,10.083379895227694,10.131138614300154,10.126925031474121,10.260848280981694
61.05453337208271,0,7.789362417788452,10.163891196064737,10.211231649592808,10.20484234597049,10.327007956154343
69.94818081676608,0,9.285755952113053,12.12779928180218,12.11295059780803,12.096303505796412,12.0302208565354
59.3150987148781,1,10.121754133176635,9.77978672046646,9.827612769649729,9.831717343510293,9.98607164450673
51.95650332126423,0,0.6808593099070878,8.154851047777104,8.162462243031863,8.188176836476247,8.058724627742066
66.87134296625732,0,3.921728129434516,11.448367499656435,11.46633350701156,11.439014604908893,11.310934063513937
66.15863615300353,1,9.567478019237573,11.29098655083706,11.314848411510518,11.287815880861508,11.174989069444829
73.60808529187933,0,13.232591140149568,12.935984678896864,12.86653600356745,12.895922950320587,12.970112684760606
70.43888810860508,0,13.728980696271194,12.236157975371603,12.21497058159924,12.202146230742986,12.158275609967184
52.886956665499895,0,12.435917394305449,8.360315100350746,8.37678749377022,8.40397512928532,8.303732145368418
45.92112125262995,0,4.05433400049171,6.822109254398358,6.745698763944413,6.707283730604989,6.849947943701872
46.56275984524731,1,14.435454200032448,6.963796815997814,6.898503962070641,6.872371553418644,6.938399790882867
72.17333253757393,0,12.686547155130809,12.61916050155679,12.573131732757698,12.579403543680591,12.613232859986098
55.186300936690735,1,3.034698501423489,8.868059626336565,8.901741101965609,8.925985098112935,8.935716931492081
49.129469830220415,1,3.575151912446443,7.530581425415302,7.504562578284365,7.513526196102774,7.396721988252969
62.10180458914855,0,14.797915776871006,10.395151140193198,10.44035662676766,10.42797127374057,10.506077851783225
45.987872007217625,0,4.2891443375613925,6.836849252523893,6.761619576876524,6.724553094963429,6.858615266142989
62.316328028452894,1,10.009695146253978,10.442522516183805,10.487119774311628,10.47357214660204,10.541251809133723
46.25303272283677,0,6.806234188599103,6.89540242507355,6.824807852040929,6.792934838870022,6.894281886372804
68.4680678335755,0,4.569665752460865,11.800958593145172,11.803387545971766,11.778950667884779,11.66016934345028
62.25063515070951,1,16.477005134511188,10.428016119952336,10.47280580700974,10.459611197337821,10.530521713644543
71.01443826176993,0,11.189478720203972,12.363251792231136,12.334242271726632,12.326757991324797,12.309792183355317
48.365292931601545,1,8.569511826947679,7.361834777938453,7.324992706292457,7.325705809006951,7.244116452841888
48.218917412560394,0,1.4601131402134944,7.3295119242176465,7.290512550173197,7.2894423735701555,7.2163611009079744
55.48338593015816,0,6.43028364793539,8.933662364071656,8.96908031527834,8.992380986119379,9.017630433008396
65.79028065785621,0,7.695968897399815,11.209645757889607,11.2363034127244,11.209752034915113,11.108557224692607
55.460070467059936,0,10.262489337566327,8.928513809804567,8.963799511095978,8.987178144073335,9.011214736122506
70.83823322519547,0,9.847398177588095,12.324341941325915,12.29777159686296,12.288551473691811,12.26333741468782
74.17583549293381,0,12.521546728026616,13.061356099055473,12.981922050650333,13.02247459760001,13.10079461333235
45.15101346896165,0,9.582181677057534,6.652052940310976,6.5616124156562945,6.506410117340023,6.759287426562034
74.16135023019619,0,11.940407009732157,13.058157442397293,12.978983215130402,13.019235951967934,13.097556037201338
65.63025523007056,0,12.213429593459963,11.174308711586999,11.202127564213836,11.175851290743672,11.08039095598228
46.0045805384766,0,7.86579323601264,6.840538854551003,6.765603870880697,6.728872341645026,6.860804532298344
53.17026152965131,0,10.836391266218731,8.422874890009187,8.441828241370231,8.469128744780068,8.380195606606629
51.65558393494685,0,8.259531719916678,8.088401593869737,8.092913026207459,8.117764601702957,7.981948844177863
50.5690126595399,1,17.10457359553609,7.848463354044702,7.840830191377032,7.86083730354219,7.716382392919256
69.91643058782793,0,13.858751926962697,12.120788150348691,12.106339126638757,12.089467031072868,12.021995364767719
65.45985374118551,0,7.622593708983818,11.136680408472387,11.165700201835602,11.139759123184573,11.050815665039497
49.424507315956056,0,8.365127032269484,7.595732029533105,7.57369456367251,7.585384531476112,7.458952313241538
45.5596114113546,0,1.9146241795236636,6.742280128635256,6.659376813471029,6.613365856632855,6.805224889998914
56.394838766281765,1,14.0870116255949,9.13493069697612,9.174980666799904,9.194754901004114,9.265761893606586
74.45739025508622,1,18.95577433705242,13.123529428660477,13.038992527017266,13.08553107945732,13.162655376839727
55.711342131040254,0,6.513828516373746,8.983999981892786,9.02067478176087,9.043179290416106,9.080213238775366
48.429788926082935,0,5.929295682038445,7.37607687667775,7.340176769001118,7.3416544913294555,7.256500356481592
72.00101469151564,0,19.86217625056565,12.58110902568082,12.537718211364409,12.541678768842399,12.568607437912748
68.52680500371909,0,11.04347019928246,11.813929019969015,11.815725034000668,11.791497317843532,11.674177812703094
59.33798070225976,1,19.120186572851104,9.78483955399917,9.832684014126334,9.836651030542892,9.991027860357875
51.078098645606055,1,7.512873509809142,7.960880457442321,7.959122958217855,7.98174830977207,7.838431668265997
59.74857211026172,0,5.944847682048144,9.875506942281062,9.923569395196687,9.925055562953172,10.077620694685441
62.854320478840634,1,7.553070645862096,10.561322786821226,10.60413909252719,10.587807672777695,10.628038085573914
52.402966568666166,0,9.965088368130628,8.253439707493024,8.265439235782425,8.292078929146939,8.17496590782263
49.44271588156258,0,4.943829573625721,7.5997528713133455,7.577957519652271,7.589807641720078,7.462850944699701
59.738774797535534,0,2.5269173941164853,9.87334348552149,9.921403215997582,9.922948783107794,10.07560572521147
70.48636013340813,0,16.948805101465126,12.246640816516015,12.22482407259546,12.212404594405378,12.17073690809876
50.24527903690681,1,6.701237276069102,7.776976027492953,7.765436239340001,7.783441902863593,7.64109812794624
47.28932638120422,1,6.382641422349232,7.124238288820646,7.070906977339095,7.056907116673889,7.0518946912367255
48.22047263609268,0,13.238923886266424,7.329855350926337,7.290879040180038,7.289828162721318,7.216653423927114
72.58417190351327,1,8.83732448010926,12.709882644268873,12.657413212151374,12.669586848396989,12.718430723451482
57.39820433338752,0,9.36557550986987,9.356495332008679,9.400431402553394,9.41540946857862,9.529471195223634
47.01335323317392,1,2.1989495161891774,7.063297499315086,7.005501323849535,6.987109239308583,7.007171123204085
55.14328374888554,0,14.394397613538167,8.858560508738103,8.891981309872607,8.916352685413862,8.92383065280688
74.40170629218059,0,8.859422645871465,13.111233215472755,13.027713461950004,13.073044092339874,13.150589266279608
72.90285883285291,0,9.18290827982884,12.780255552711866,12.72264332976912,12.739784068485381,12.798590070133384
58.11936387707624,0,9.349381850730737,9.515742824982292,9.561686790643526,9.572771560826299,9.709887039019394
62.29972781999625,0,10.725981959840594,10.438856834154503,10.483503232485361,10.470044561336321,10.538543620438453
68.68256111704483,1,5.091843207927173,11.848323310080696,11.848419837498975,11.824784891830358,11.711651993601283
50.16696080127701,0,13.868984182394136,7.759681681481295,7.747176914832992,7.764657812186151,7.623168452216524
58.57402398224506,0,6.881650208958629,9.616141526679993,9.66301385678405,9.671504063591982,9.81864055040003
52.661083998616526,1,8.166083049433757,8.310437571519254,8.324859339406544,8.3518483271361,8.243318867031183
49.45550384085976,0,0.8948375331039741,7.602576726972122,7.580951162963642,7.592913204560629,7.465592952476351
65.27906801793463,0,12.326631771912966,11.09675904371326,11.12701287772031,11.10147362284016,11.019871662850186
63.63662701413088,0,7.498343343885721,10.734072846876755,10.773647306564339,10.753672597333185,10.75240452918531
66.73295222140163,1,15.550921279265213,11.417807855314361,11.436968878411134,11.409635762087554,11.283687108996507
62.32584586006882,1,10.601294129129352,10.444624257520582,10.489193183861328,10.47559462915873,10.54280359749251
74.09557216354281,0,7.05485521813587,13.043632234627564,12.965634530574178,13.004535774201054,13.082783158027032
51.627120976469456,0,4.090704307016216,8.0821163622316,8.086328679181115,8.111088318105494,7.974755467131791
62.19904191037434,0,7.845866028307632,10.416623226036329,10.461560220571997,10.448644682967677,10.522069833352607
58.01379480467571,0,15.24903139732556,9.492430909800053,9.538121974574569,9.549795313408715,9.684049622120877
50.12181008351968,1,10.637560867068746,7.749711434714489,7.736646835139493,7.753817909372506,7.612883063105493
48.90815740834415,0,5.324799344953174,7.481710896478745,7.452633401310146,7.459386833690534,7.351228484485608
67.069562948205,1,12.687626657123108,11.492138722624633,11.508350957122595,11.481113728360636,11.350742882380434
69.04610316507505,0,17.547534846308178,11.928601190677247,11.9246118434073,11.902580742879238,11.800822098499767
60.07878094624078,0,10.398087330765453,9.948424134804686,9.996507459509427,9.995989530071633,10.144153885138628
66.9785265827986,1,11.092592993314533,11.472035940809882,11.489059790076482,11.461775978209849,11.332342762175116
72.0892223321494,0,12.129322875213733,12.600587164401965,12.555850693939611,12.560982401403038,12.591482899172512
58.7344035572323,1,13.20729569569576,9.651556776279623,9.698694305500027,9.70624931200593,9.855961049199122
50.80226403757308,0,7.461538105468216,7.899970260539249,7.895069811759439,7.916355244494049,7.771761061551133
68.82946551891575,0,18.319960518477576,11.880762952472548,11.879228504205509,11.856204095583497,11.747410583186333
49.36970749149776,1,0.9793976592559424,7.583631053075468,7.5608624032913285,7.5720647339641065,7.447259453531785
60.63558758807166,0,12.455387473489786,10.071378982395107,10.119185672463828,10.115298819961957,10.2507797578303
57.60364480635612,0,4.9062447868551375,9.401860994242341,9.44643595727068,9.460337234354043,9.581761946054081
52.38745136035287,0,9.160682406696147,8.250013616763894,8.261864865949677,8.288479313519456,8.170882487834911
45.595169717027034,1,9.277920970574328,6.750132165098311,6.667874805433894,6.622633081068262,6.809456065402584
63.52019774594676,0,15.73474071846772,10.708362767561661,10.748468653623162,10.729001647159855,10.73392658081746
53.58936423998277,0,10.586550375313402,8.515421756375748,8.537859412770603,8.565060893615513,8.494465905092515
46.168759327042416,1,6.012692993949374,6.876793051985345,6.804734974875147,6.7712395278970705,6.88273362814068
53.302594599444994,0,9.202033501047849,8.452096869786857,8.472174361783887,8.499477187265663,8.41614238648264
56.96052650761492,1,3.750569180433576,9.259846681797496,9.30224391663666,9.319415672345148,9.415991414790524
49.20284631803376,0,8.458413572998062,7.546784527530146,7.521766127877658,7.531431081687943,7.4120318293412755
62.71628355566246,0,3.9624788301240854,10.53084127389348,10.574149389315599,10.558512855113374,10.605926345494312
69.90723489778267,0,9.281553265508055,12.11875754477925,12.104424035330942,12.08748727107265,12.019614678901926
59.67560889316983,0,13.855639000882174,9.859395099204368,9.907434367550655,9.909362729484114,10.0625559389864
56.5175073040064,0,4.873486709602403,9.162018540810882,9.202611822808413,9.221846130204383,9.298635832558164
52.78584808557462,0,9.765333126445729,8.337988157565153,8.353550583105367,8.380661430652466,8.276624323785574
54.95142535372696,0,4.139143133907044,8.816194060561232,8.848423791770522,8.873333846188004,8.870761134100732
47.4439466245276,1,10.604598751635434,7.158381754476348,7.107509949389883,7.095857834803146,7.077793409743357
68.89828099973488,1,13.0136801965218,11.895958886429362,11.893651056000316,11.870930069877193,11.764292126690885
60.66584087454326,0,15.55181696871344,10.078059556849093,10.125840003003578,10.121771203923444,10.256391568942899
58.95175655488137,0,12.81105537178622,9.699552979434433,9.746998081437633,9.75327207326402,9.905609399116601
53.295294777853165,0,3.595338947171864,8.450484912630042,8.470500970491468,8.497804487654202,8.414155992648606
68.42106491516356,1,10.83773116530552,11.790579340752199,11.793511648716958,11.76891300828598,11.649009845578723
57.60124179825136,0,15.55705442252274,9.401330358518765,9.445898156556114,9.459812188725808,9.581154196842927
63.874624039859135,0,3.8668622270776254,10.78662769415582,10.825062589888612,10.804091451681078,10.790239802137911
48.64996037010758,0,1.8016533065352656,7.42469545323567,7.391971378131118,7.395963129126226,7.299476164351064
68.93169573705849,0,10.53724205323534,11.903337577030804,11.900652058633531,11.878082452743998,11.772518282300409
61.75387995116803,0,14.731124170661843,10.318321918660958,10.364390308254906,10.353943752806574,10.4480973678273
60.740784035017015,1,15.07687563452054,10.094608613885654,10.142319071325423,10.13780027554856,10.270218443026828
55.39286429427954,1,16.377017791165752,8.913673245575344,8.94857389918475,8.972173566776437,8.992708183124948
74.78507126516254,0,19.876862000715068,13.195888423013937,13.105286640695613,13.159177018998923,13.23187729327228
53.17645709632822,0,7.388885019037578,8.424243003999333,8.443249478759583,8.470550796918436,8.381875497255617
48.08308522864827,0,4.097808516488317,7.299517265001887,7.258491775592148,7.2557066250663995,7.191045194463728
47.125935215742416,0,5.563616487251164,7.088158015458751,7.0321948747334035,7.015626085257363,7.025181143545979
64.23408624664343,0,13.914697059512386,10.866004658310466,10.902582802664424,10.880218868131733,10.847721880096149
55.3436887420647,0,4.711640266919209,8.902814229045173,8.937429525314517,8.961187420554777,8.979154766733709
74.9699975431219,0,13.104960347273575,13.236724111049538,13.142639772522232,13.200865371823067,13.269525184434343
55.06701577615648,0,9.609689962250515,8.841718904744127,8.874671795158628,8.899263113388582,8.902744376881346
62.51085544643661,1,9.346600112110476,10.485478341839366,10.529473826517691,10.514896798404534,10.572836041187061
73.73233474337133,0,9.994332740350163,12.963421622395161,12.891822486549826,12.923551315716496,12.999337371264936
72.67818814232369,1,22.910346965950417,12.73064344603652,12.676670168766274,12.690273333688031,12.74222391551527
74.93633352394339,0,16.07549482047101,13.229290373668523,13.135843215393843,13.193269518089938,13.262751148885707
48.90414697918335,0,5.11052103163187,7.480825307713825,7.451691815885878,7.458403870744658,7.350413658840667
47.72118387662856,0,6.370825007181139,7.219601685270231,7.1730642338077155,7.165422059141993,7.125709855288617
71.29449466367565,1,15.013189222695948,12.42509425176038,12.392127283340985,12.38759013392983,12.383603648564476
57.19831486703157,0,9.438122369453,9.312355451079977,9.355618738014364,9.371616471799344,9.477977616616666
52.27195010914681,0,6.392470335774966,8.224508463499474,8.235246311122346,8.26165740878598,8.14057920305645
53.99119070653048,0,10.170165243397616,8.604153657614773,8.629723719728654,8.656548381130586,8.604985901975342
47.3663057853894,0,1.06443550512184,7.1412369921372365,7.089133946724812,7.076312996543907,7.064713962222083
52.75078739151609,0,14.7849572360934,8.330246004418047,8.345489872690006,8.372569519873297,8.267248435104314
70.70881647555521,1,15.857089018821895,12.295763947580468,12.270960124792376,12.260522315386444,12.229241826634466
70.14180166898667,1,17.177328710194683,12.170554918295359,12.153241455113044,12.138024680539694,12.080557199554287
47.83948937414864,1,13.099875490495156,7.245726076259642,7.201008679526735,7.195000791290607,7.146725358870387
64.11926789355512,0,7.15922220854009,10.840650303595632,10.877839260793529,10.855904935289765,10.82930162062088
59.40403087822063,1,13.672038996987586,9.799424849339552,9.84731874508373,9.850888190380267,10.005258041801673
70.28605886603759,1,16.42945968145048,12.202410001091955,12.1832293807936,12.169144061033991,12.118231964290255
71.83937065800413,0,7.355805802260825,12.545414556521912,12.504464211979407,12.506343072921874,12.526530014849692
53.549222497659294,0,4.769595784336438,8.506557598805415,8.528671132195425,8.555895395068516,8.483470623396869
48.97479131876527,1,9.487480987252512,7.496425092906508,7.468275018993951,7.475709003041981,7.364817068066833
46.82193273283608,0,9.421483472853357,7.021027747705567,6.96007816568923,6.938485093323315,6.97730248067296
48.89443541736871,1,11.411611272766512,7.478680786594506,7.449411610423915,7.456023269429608,7.348441919355716
46.50073377000038,0,2.1312984146272287,6.950100128394482,6.883755250374119,6.856500983358213,6.929355852253909
67.46687656748712,0,16.6146794410002,11.579874090406523,11.592421659653084,11.565573283958184,11.433508197731024
47.73814739470066,0,8.380723586427932,7.223347593854034,7.177072200704469,7.169667163869576,7.128702542366668
50.67650870853129,0,6.619768450003865,7.872200786983447,7.865835555648311,7.886448571276647,7.741788253177775
51.42252029371562,0,4.588527899831357,8.036936143687198,8.038968218633055,8.063013435192538,7.923406111770807
64.99969958912116,0,9.487454313771602,11.03506850339681,11.067148138424315,11.042319770957661,10.972839585938695
71.4473318895096,1,18.969035839572133,12.458843988916467,12.423675520941426,12.42084597925452,12.423819746422424
74.10502041252604,1,18.22201315801487,13.045718610626796,12.967552248815831,13.006646616792935,13.084911751966029
47.09071399939938,0,6.350224546105969,7.080380415548721,7.023845531139618,7.006711015795291,7.019511731423092
63.386731428969725,0,11.896924421010938,10.678890542502696,10.719584560626123,10.700715188920338,10.712751503812118
55.61986549453326,0,6.769355791338441,8.963799978777129,8.999978299744079,9.02280960605379,9.055132515201143
71.14598120096433,0,7.3989038124835105,12.39229929422763,12.36144328841823,12.35531423634049,12.344473047537083
51.26404066782416,0,2.5232477541566647,8.001940443593538,8.002247417057218,8.02567363322827,7.884073882068903
70.04007982317718,1,10.918297878646111,12.148092553250653,12.132079903768535,12.116099171700663,12.054076191405587
58.13302558596318,0,9.537805646723816,9.518759623288604,9.564735288460463,9.575743477925549,9.713215194681387
65.77499327004176,0,9.68079817421218,11.206269974812377,11.233039957026119,11.206513168798233,11.105849281673091
48.79384421755882,0,14.783344030446806,7.456468092433936,7.425786508700974,7.431341819819445,7.328137882901563
65.12090025156297,0,13.402826834360912,11.061832208889598,11.093131845219277,11.067981943032814,10.993134113618527
59.16630180723779,1,11.704558312833374,9.746929172214733,9.794619370350981,9.799615992298799,9.953516478024266
51.86031679938651,1,16.448740871821116,8.13361100096509,8.140243814513788,8.165703995973276,8.034041593737262
58.72702705459575,0,3.6928892048387594,9.649927886303661,9.697053930525536,9.704652148783568,9.85425707977387
46.64039724860184,1,16.106327328764298,6.9809408196422105,6.916957927531421,6.892210334299997,6.949865750043104
56.333786830239134,0,14.418908390150452,9.121449120200134,9.161221602709325,9.181259205832092,9.249345762232315
74.69207829448558,0,10.767173070312325,13.175353580794797,13.086486737081552,13.138248126552572,13.212550950357958
69.06991395066596,0,17.49224904854686,11.933859122773228,11.929596341207853,11.907681271999571,11.806738983311247
55.34770383189704,1,13.276460785492946,8.903700846986322,8.938339556618347,8.962084644857391,8.980261737253935
65.03525334836166,1,6.547607198870823,11.042919535910192,11.074772283801554,11.049847543517606,10.978776316289432
71.02760602246542,0,15.881450813184705,12.366159516183743,12.336966142246709,12.329615224543197,12.313264182440985
58.71287440651558,0,13.72515046203341,9.64680267809498,9.693906494684633,9.701587567930396,9.850984396096795
55.37910829397918,1,10.854407328125747,8.91063562570281,8.945456763210565,8.96910099244887,8.988917833382109
71.84365301311061,0,10.145555412250228,12.546360192367265,12.505345619134982,12.507278560853601,12.52764715353728
46.28146666698674,1,6.260970995195836,6.901681249725961,6.831578441365412,6.80024696216825,6.8982226249798835
56.457014957852955,0,6.543313893808668,9.148660533483191,9.188988263043568,9.208490602120921,9.28244329941419
49.13581481760132,0,2.7499058180122606,7.531982534701314,7.506050466462573,7.5150753443623906,7.398041440876494
59.935894063039946,1,17.590791624648297,9.916871646693446,9.964962838872328,9.965312382087188,10.115686703796886
65.68988779570392,0,17.144939876472648,11.187476860937315,11.214866779598802,11.188483436346559,11.09084102158056
58.32747787657642,0,2.0044380187672206,9.561698859209608,9.60810016528296,9.618008631710474,9.76019015401246
51.75902932820263,1,4.3821133390246025,8.11124455515316,8.11683447324761,8.142005061155988,8.008193246630206
52.4557334742014,1,10.824770584327126,8.265091771855205,8.27759331950333,8.304315233530039,8.188875614462566
47.597198767480734,0,9.715627847983143,7.192223114230515,7.143759264328086,7.134355197681245,7.104048328090646
58.33614293060646,1,16.976408279823954,9.563612288967061,9.610031450949574,9.6198905064337,9.762265850575982
60.358740539395846,0,6.706834064806171,10.010245216885659,10.058238385720594,10.056022839960358,10.198584202911551
74.55532763210172,0,20.493386114534424,13.14515610183512,13.058820733278083,13.107512812131612,13.183668414485302
50.930265501728,0,8.757447014803478,7.92823572889783,7.924805717828501,7.946735786108751,7.802543097632798
48.4111721461209,1,2.724094277355183,7.371965892413392,7.335794425938413,7.337052760326085,7.252916112656635
73.77193293774833,1,9.663233682635758,12.97216575292218,12.899877170794761,12.93236420859252,13.008581098650778
53.262531662419214,1,7.879479603462418,8.443250114116285,8.462989614095097,8.490295062128139,8.405245537926346
53.308643074855226,0,6.9749189901781685,8.453432502870855,8.473560846898883,8.500863027250075,8.417788567328662
64.62683226638488,0,10.109657316525585,10.952731402158687,10.987094349875093,10.963375955888626,10.91132282643916
57.07060377286254,1,15.819942736488343,9.28415410264145,9.326961127126717,9.343594872313558,9.444780447911965
45.82701596850536,0,2.9395930340862524,6.801328789515708,6.723244027862826,6.682899394410548,6.837943968195678
64.98143364754146,0,9.558316274505204,11.031034991771225,11.063230570651651,11.038452371571529,10.96979475863961
64.29653536249808,1,11.971226745042662,10.87979476235236,10.916033699374776,10.893442329631212,10.857769329434213
52.59316105054364,1,8.920059173617458,8.295438727933744,8.309231245949686,8.336141132132171,8.225257670309603
68.89054615894419,0,11.515400048963432,11.894250867704175,11.892030263501987,11.869274613869825,11.76239061140927
74.89593522417235,0,16.386178123806772,13.22036956271173,13.127685159650003,13.184158227685717,13.254574915829743
61.87061107783457,0,9.79745306730862,10.344098654802517,10.38989457342997,10.378790657795193,10.467692663272915
65.37934294078997,0,4.97460186145921,11.118901897139502,11.148476353175013,11.122708437024174,11.036982285340322
55.150632259330514,1,5.101313516571731,8.860183217437855,8.893648714383225,8.917998498956493,8.925861528842661
65.14533332065825,0,10.828610432804568,11.067227554528612,11.09836770288015,11.073155396928671,10.997245160871438
46.13351092620992,1,2.6109610668675134,6.869009449157055,6.7963365832645914,6.762154779250468,6.877961963797837
61.39663556156446,1,3.6853314744146175,10.239434696102322,10.286230050793352,10.277833146525115,10.38709830847056
71.87893908385541,1,18.505449650351963,12.554152113520047,12.51260742239101,12.51498818936486,12.536847486667286
49.55724756836782,0,14.245507606812248,7.625043923965139,7.604761869446837,7.61759804456409,7.487525373765051
47.42487037686312,1,0.8067675846283348,7.1541693098897134,7.102995696101634,7.091058273755054,7.074565905201461
65.93012004237868,1,18.08680050097596,11.240525292937107,11.26614175161979,11.2393823152415,11.133503723778919
54.59683870043954,0,9.240142971473395,8.737893723178054,8.767799821597887,8.79357379208923,8.77254276220222
53.919326318955925,0,11.2771952633702,8.588284459660608,8.6133092800331,8.640220807066681,8.585167312445497
63.73602137536995,1,10.52432269678904,10.756021253413918,10.795128496520219,10.77473075928732,10.768191807049387
49.0226791326926,1,6.079957830059542,7.506999749206427,7.479512722893558,7.487427739997334,7.374640923943664
54.07135945150815,0,4.13566626045359,8.621856635775796,8.648027250276161,8.674745259678675,8.62711634974768
68.90638829754701,0,10.18889977003806,11.89774915165246,11.895349813687448,11.872665312610021,11.766286289546583
51.28456888585779,0,3.758350063517312,8.006473514376113,8.007005732030475,8.030515401453759,7.889146539314975
54.3230667173316,0,7.9627874416729245,8.677438998092738,8.705442436301954,8.73176027270418,8.696717501061633
63.79881033954618,1,7.689951777343067,10.76988640325348,10.808692068973988,10.788032157671921,10.778174208708297
51.816020460859434,1,7.781748330196397,8.123829419455033,8.130007734443984,8.15534402043122,8.022718988818255
62.33733698419957,0,15.498159324673797,10.44716174416315,10.49169631238286,10.478036347191367,10.544676181662894
45.964904865147695,0,9.450714396031287,6.831777615009818,6.756142287589926,6.718613686534972,6.855618830450288
53.513250688343575,0,6.687383441663483,8.498614251870071,8.520435603580715,8.547677930237285,8.473625751999958
51.97709135595226,0,2.8015051100039505,8.159397327359777,8.167216420293103,8.192982885033938,8.064024916610878
74.43704847216064,0,9.688399802238752,13.119037526747977,13.034872651094522,13.080968557152392,13.158257403134726
65.08954991320978,0,14.88999793646568,11.054909381853179,11.086412554802171,11.061343917488951,10.987869111346479
58.45328118834792,0,13.565349619921282,9.589478928381151,9.636130170855715,9.645318077895332,9.790174642080514
48.966297899006975,0,5.0678603426575135,7.494549563677063,7.466281588786934,7.473629553959764,7.363079767437122
48.21668856473475,0,5.587482065668125,7.329019746818679,7.289987314591624,7.28888946644069,7.215942258980284
56.07356444927871,1,14.095185762096062,9.063986437848866,9.102523398991512,9.123642023919023,9.179000528189796
72.42490558505266,0,10.110586157233906,12.674713225584819,12.624765883191259,12.634585411379309,12.677872636324894
57.095674499276186,1,4.708952345650835,9.289690256691328,9.332588473880126,9.349098350497627,9.451314904026429
62.958015495861616,0,8.151080621400272,10.584220870385346,10.626651896575847,10.609807981110524,10.64459630314892
45.66043745522754,0,5.821226225934462,6.7645446814013255,6.683468826738864,6.6396264184584695,6.8173183977850025
70.20861649429128,0,9.87394910710164,12.185309064609232,12.167134067245565,12.152434297721173,12.097990390772914
48.79526448543982,0,7.307661935530079,7.456781718040614,7.426120165308553,7.431690600844755,7.328423043031229
58.942845032210975,0,10.847619819816932,9.697585124115513,9.745018788345966,9.751345579168744,9.903595473738852
62.273438007663074,0,6.9689584776535405,10.433051479789517,10.477774989734373,10.464457545148374,10.534250192563043
59.379025862235295,0,13.796121128356951,9.793903205561445,9.84177903415695,9.84549907544715,9.999884213694584
66.15739477944874,1,6.030843096512278,11.290712428934112,11.31458399928154,11.28755272333357,11.1747611783514
59.54736214890606,0,8.079620083866532,9.831075467737564,9.879057692692797,9.881762130829523,10.03574227481481
61.225701167190095,0,11.7441118158903,10.201688716027169,10.248774906986085,10.241376322720313,10.357296273550618
67.87166059045195,1,16.20159767334747,11.669259083529136,11.677868093880043,11.65173925106056,11.522180328817928
45.4257618935348,1,3.961780461254979,6.7127232846122205,6.627374130292955,6.5784238860559086,6.789630516296455
52.65991761812473,0,6.686033141988232,8.310180009692889,8.324591021191125,8.351578726926867,8.2430082887424
63.868383229269355,0,14.47591386497213,10.785249589339426,10.823715280144022,10.802769538565155,10.789246009197434
65.35365911028808,1,7.168666154102334,11.11323035655853,11.14298003404366,11.117269322097954,11.032587365340655
65.73100957501208,0,14.430459189179397,11.196557431691383,11.223648947643634,11.197194911149865,11.0980787502813
67.15556816382512,0,13.046607581006638,11.51113051867035,11.526566379020046,11.499387509432534,11.368313846597818
56.79539207619823,1,5.724243381796023,9.22338145792731,9.265135245659565,9.283095613887333,9.372514948643207
46.136142825224525,1,13.25236851395644,6.869590628902235,6.796963721758667,6.762833324533275,6.878317053812242
72.02916314294093,0,9.97174084277267,12.587324807417051,12.543505640339252,12.547837216822199,12.575914368646277
48.37731310183781,1,0.619647925141165,7.36448908930685,7.327822970487207,7.32867955147516,7.246417332293304
69.82831742275688,0,11.823107350658717,12.101330873857886,12.087984318285466,12.070501730110092,11.999214831339128
58.16345401470842,0,3.7387321609573823,9.525478872912647,9.571524294682442,9.582361585541031,9.720614999570032
66.71662188261182,0,16.403702402800878,11.414201766295022,11.4335022080038,11.406169696587781,11.280500537326606
54.40387497694111,1,10.552121246247625,8.695283194799272,8.723858079086137,8.750026926853575,8.719090005092967
65.77101012650172,0,4.8132294128640565,11.205390411297678,11.232189612055672,11.205669289821598,11.105144333186084
50.113502763401215,0,8.320153225599798,7.747877000276546,7.734709116165659,7.7518226021394,7.610994741335262
73.53264593706345,0,9.122851068123978,12.919326051508357,12.851173539641184,12.87916594816556,12.952210532685012
65.43180324775669,1,7.966267524275363,11.130486257962552,11.159700228534719,11.13381841640033,11.045986138902556
67.04019370255534,0,8.33401414353105,11.485653363342951,11.502128576392819,11.474874621814962,11.344784726785193
70.85362417656165,0,11.826565370363731,12.327740593456353,12.300958757380817,12.291886657203886,12.267394074597211
47.7258197431448,0,5.20653522864075,7.220625384016135,7.174159585110205,7.1665823099656425,7.1265270205232465
68.44479285219646,1,12.08612259911824,11.795818978109834,11.79849753183296,11.773979930185263,11.654637701984422
60.38757679579175,0,12.428788592967232,10.016612880709816,10.064591141347105,10.062201069995846,10.204093959619717
45.817721700159225,0,11.091469572776194,6.79927641574336,6.721025688650579,6.680488668087775,6.836772129048226
46.977905622712896,0,4.010278627930127,7.0554699067286375,6.997093268208959,6.978118039872264,7.001568090651361
54.60700667597106,0,7.750986684891704,8.740139030234145,8.770113971225348,8.795865631345444,8.775359981630107
66.05045810306356,1,9.788864323632229,11.267098517462921,11.291799212576457,11.26488546609295,11.15523505587242
69.11728481014354,1,16.77397775651499,11.944319624444224,11.93951072444352,11.917830577247258,11.818536478074126
56.587936975041885,1,13.090352121838382,9.177570922584808,9.218467558707722,9.23738553375509,9.317440632103132
56.066806129401776,1,13.195947815538892,9.062494055883551,9.100997789700513,9.122143567404263,9.17716602864427
69.901080010408,1,10.033777715704968,12.11739841365143,12.103142160909734,12.086162237213008,12.018021645904179
53.41787849741336,0,13.280098588286286,8.477554026795115,8.498592807293239,8.525872171925435,8.447563578913668
51.12707110291619,0,5.728061115392107,7.971694626262033,7.970485092314949,7.993329273019562,7.850398926020426
64.9556401016032,0,8.736831867028345,11.025339223668983,11.057697810679953,11.032991209652725,10.965501032522708
46.18262760999164,0,10.039857519124492,6.879855466274721,6.808038844252539,6.774812184754777,6.8846204960386395
69.27196817311348,1,12.30950876278091,11.978477028271527,11.971865116770703,11.95099021805476,11.857291467453006
67.74212960680137,0,11.516731842616045,11.640655864464389,11.650547725192148,11.6241520562908,11.493332562666165
64.56376704429749,1,13.04122076868352,10.938805248647814,10.973537028710648,10.950023716478777,10.901037750246346
54.33224525153256,0,5.105338737798808,8.67946581528384,8.70753457578212,8.73383598383034,8.699258141537339
68.50621650999024,0,12.904319627432796,11.809382639020283,11.811401006010783,11.78709908445085,11.66925969936714
58.99854632896238,1,16.096887973581694,9.709885164988117,9.757388675293432,9.76338508881792,9.916152440396932
58.46361431137365,0,10.681184019457746,9.591760703545654,9.638431586927354,9.647560012913244,9.792622860399144
71.26411740835249,0,10.690392919703104,12.418386302325379,12.385853380381914,12.380985244843476,12.375603102373049
59.20784215901595,0,10.818574246675292,9.756102172746735,9.803833110111515,9.808581149497527,9.962661371258005
65.18129912131252,0,12.949963471426576,11.075169574622647,11.106073583050046,11.080770909802657,11.003309234803215
48.86548393339611,0,3.0911172365624204,7.472287678050286,7.442613301716022,7.448924010114398,7.34257587045934
60.083169536958415,0,14.759614605089284,9.949393229751273,9.997475904744576,9.99693133515269,10.14502066891771
51.324416565532,1,11.274979705824173,8.015272736607127,8.016240660697262,8.039909531817393,7.8990120590779735
49.75548104799879,1,6.027609775065484,7.6688181275112735,7.651116169569083,7.665573005422616,7.530844424850105
48.171378361023194,0,2.1874742003627565,7.319014282132901,7.279308450795494,7.277644682956124,7.207452419167487
74.49614799742145,1,11.91474366920562,13.13208796935264,13.04684079047015,13.094227145202627,13.171003218118402
61.16500631617176,0,10.115038118513551,10.188285991282465,10.235466575289228,10.228424844590904,10.346609046948627
65.62438576430245,0,12.559572377531492,11.173012607670957,11.20087343632581,11.174607991037362,11.079365262725887
69.0028195078239,0,13.485649375394788,11.91904323091051,11.915549103679568,11.893310579515699,11.790089141942417
51.090338629209455,1,7.685916190094429,7.96358330831622,7.96196304924584,7.984643627189764,7.841419083801001
56.72146769315806,0,7.4305214539174145,9.207057368796418,9.24851195214146,9.266817886586951,9.35294584059588
71.64857497872131,0,10.63881608478174,12.503282778801031,12.465170574281881,12.464698362502574,12.476641937792266
47.99667209065127,0,-0.0502830174318091,7.280435390947198,7.238108810797484,7.234202189120799,7.175163185457295
53.303441948276,0,9.341516215935096,8.45228398258068,8.472368601371853,8.499671340405047,8.416372988621482
63.65955204024662,0,11.518163015214268,10.739135184284942,10.778602988623096,10.758529849073934,10.756044490933968
65.10713096463321,0,9.745043290404052,11.058791655044352,11.090180838914819,11.065066463971231,10.99082032428582
59.674043695755685,0,10.78586183947853,9.859049470048667,9.907088167392697,9.909026010611324,10.062231276540007
48.473150173448005,0,5.734794394845075,7.385651970005609,7.350382200538799,7.352366770689224,7.2648787723063935
67.57019888796353,1,17.362533092339444,11.602689874580886,11.61425178061814,11.587555352867758,11.45572225711245
63.514190915149086,1,18.38654326331202,10.70703633050121,10.747169169627002,10.727728705657002,10.732973519914637
60.54220769992071,0,9.058878334480552,10.050758700500019,10.098639106089665,10.095314802510472,10.233346396414152
56.63419996660018,1,13.466490431215687,9.187786783260288,9.228879274515057,9.24758700349558,9.329764068775296
66.83356511793451,0,5.171688605795192,11.440025340576666,11.458319962618239,11.430993727358095,11.303452649630024
56.234535464156714,0,12.46682188806645,9.099532290060182,9.138843619689819,9.159301586971793,9.222584629505901
73.35807373839356,0,15.371617716933702,12.880776766229713,12.815596115647221,12.840440003691835,12.910347461901058
49.870479339435114,0,10.792012386825704,7.694212216472243,7.677984269742137,7.693331985826513,7.556324021194193
55.67140479316339,0,8.930230885629205,8.97518096120785,9.01164030534503,9.03428867623778,9.069269189855609
54.69841836774086,0,10.1249443042673,8.760324692159047,8.790912676051606,8.81645712772037,8.80068738982933
58.86512648983504,0,7.236613449651832,9.680423203235113,9.727752866332487,9.73453915875722,9.88595242344128
68.2196109371832,0,11.955318167496426,11.746093982104878,11.751152062986305,11.725915966648948,11.601708675879626
59.74132106254243,0,13.54767643559566,9.873905755441292,9.921966205120665,9.923496335303954,10.076129638068124
52.222781158219554,0,14.143309718552617,8.21365090467517,8.223909664638342,8.250225886013673,8.127731397318804
65.35093605596478,0,13.014705276968137,11.112629047766305,11.142397253763752,11.116692662040538,11.032121909760704
55.10498551283118,0,7.386982000717901,8.85010343688716,8.883290193091275,8.907772961401717,8.913243964194224
73.43433195682462,0,14.342920331510411,12.897616216265506,12.831142103666329,12.85734792300509,12.928707656265864
52.88277254913647,0,11.187116302139644,8.359391157726654,8.375826150531557,8.403010994464285,8.302608360829291
51.94179861476357,0,9.949628771445775,8.151603933229932,8.159066312910051,8.184743302168977,8.054942639459194
53.644805248412624,1,13.35888970418798,8.527664320004906,8.55054628702254,8.577711782334804,8.509667096292013
58.538699684285525,0,11.659888553268456,9.60834116413839,9.655150718288112,9.663845635639557,9.810344868072871
54.734540422658974,0,10.50483889663497,8.768301216545511,8.799128540637465,8.824587848787502,8.810695215325463
60.67050995337394,0,11.706908314864696,10.079090589586285,10.12686688249262,10.122770017436727,10.257256099257248
59.67620691839552,0,8.555453732999982,9.859527155999235,9.907566641695318,9.909491380996817,10.062679968204339
74.39577629511545,0,14.292514965486864,13.109923744948196,13.026512080716081,13.071714777140494,13.14929930430091
59.92758576319706,0,15.730716585769397,9.915036995911338,9.963127852446261,9.963527833212128,10.114016555424467
56.702900442496485,0,12.230850958708556,9.202957321663789,9.244335670950942,9.26272765457032,9.348020828019129
55.7548649037072,1,9.448998611842985,8.993610743471313,9.03051804855036,9.052863706135065,9.09212908239065
57.76784650862112,1,13.214101616179132,9.43812025151286,9.483167538637337,9.49618871437238,9.623063200552354
74.53662225905079,0,10.217167376645412,13.141025554316798,13.055034616435865,13.103312518445698,13.179675915152206
59.27427808838869,0,12.623604038459476,9.770772650713186,9.818564213655845,9.822913947012067,9.977196504100284
70.55767462847632,0,11.50649537309836,12.26238858641198,12.239621057499296,12.227821648225053,12.189474117890894
48.889294180414005,0,8.639907208193174,7.4775454912177945,7.448204436436351,7.454762833582578,7.3473989095939105
45.94836527672187,1,1.2926340436442665,6.828125319183356,6.7521974526028075,6.714334838851894,6.85347022113984
61.77022671568776,0,2.935317761650585,10.321931634833724,10.367962904252114,10.357423899386475,10.450850729000198
66.94010875518636,0,15.99489666606903,11.463552460578242,11.480915675566006,11.453616845007927,11.324637912918945
62.13020314677756,0,13.549486869878102,10.401422150742894,10.446550457389487,10.434009702199232,10.510757126290944
55.64306595651479,0,11.892700143080328,8.96892313833138,9.005228377239822,9.027977716229056,9.061497970451935
46.2579650180607,1,6.735710285866176,6.896491581635217,6.825982385766585,6.794203521928415,6.894963866921323
57.07808118513642,0,8.883852385357756,9.285805275629405,9.328639581644032,9.345236433784768,9.446730251518808
71.0368225646584,1,15.007669385039978,12.368194726354588,12.338872537190912,12.33161526762581,12.31569432918399
66.56976020198377,0,15.028574819864794,11.381771557669783,11.402310684360172,11.375004939931383,11.25210632489266
59.10892504989342,0,9.692780546702137,9.73425915371188,9.781889498281252,9.787228838447191,9.940814626527922
73.12725718360804,0,14.122379456875652,12.829807520924591,12.76849714037276,12.789344495110557,12.854121735078698
50.50928135541777,0,9.094479860368116,7.835273401118558,7.826929392612324,7.846587301047034,7.702352161759945
59.51389712358883,1,12.46751063871702,9.823685672468672,9.871649595623362,9.874556244441571,10.0286738575148
69.45370874321205,0,10.96026044161491,12.018609243691927,12.009840335098488,11.98998719568251,11.903247625403719
51.32933904728876,1,6.725489412793805,8.016359726144787,8.017381334980636,8.041069617667944,7.900232496292876
70.14744034509685,0,11.381406477998146,12.1718000589055,12.154414106414116,12.139240495710357,12.082027272812153
64.00152525426361,1,13.4579803780179,10.814650203773946,10.852448242208595,10.830969510992096,10.810474178408011
58.49033713802943,0,14.031149135973203,9.597661676759342,9.644382728928278,9.653357127555541,9.798943837023218
73.14838352989875,0,8.851505875498033,12.834472671253575,12.772810846741796,12.79401619717606,12.85930715975138
69.4979424765362,1,19.56150772655875,12.028377000630568,12.019076790813045,11.999484874465189,11.914496802157538
46.630731053041806,1,7.913370081091815,6.978806316364815,6.9146607431125995,6.889741906233373,6.948429390021724
48.02576057270234,1,8.497910074557524,7.286858751605154,7.244971198793241,7.241444745769721,7.180489884009054
65.32866617924813,0,14.367727613197166,11.107711381395536,11.137630767179761,11.111976625027943,11.028318876322922
48.6799849519637,0,7.141712759377596,7.431325524805841,7.399029819566844,7.4033529847975235,7.305419774606304
59.51648430806844,0,5.113576605818582,9.824256978285595,9.872222366792052,9.875113387683887,10.029221388677076
47.64951055788544,1,7.240049404663611,7.203774679411641,7.156125982650583,7.147471459036272,7.11314218522849
73.71726780481347,1,23.342383658375358,12.960094519241466,12.888757194654081,12.920199037426412,12.995811147682957
47.66691585888909,1,13.129899481878589,7.207618143141046,7.160239899906736,7.151832767611685,7.11618268993763
62.125598917081774,0,10.673001017255828,10.400405438085418,10.4455463270054,10.433030736010084,10.509998979756869
67.08846409597975,0,7.460888070149823,11.496312501400485,11.512354914913102,11.485129310030256,11.354588612164052
51.04756872595961,0,7.0912036265912395,7.954138796450754,7.952038157740158,7.974524206496785,7.83099081849286
64.52591884166867,0,13.261562624629114,10.930447553828484,10.96539827490688,10.942010370582622,10.894879784080924
62.17134058720177,0,9.833081744336607,10.410506179807252,10.455520879497245,10.442755827914208,10.517522511544506
66.85854783452328,1,18.982775211545288,11.445542060169783,11.463619569178373,11.436297891202873,11.308396444954035
62.49728423500099,1,17.923795763579417,10.482481527311082,10.526520545238338,10.51201453285318,10.570641063156307
61.93493650022376,0,7.8654794351146675,10.358303087565831,10.40394150612338,10.392478230847045,10.47842709227422
73.19805749928572,0,5.304876826352718,12.845441748984227,12.782951360615849,12.80500462829416,12.87146921483553
45.49871998185886,0,6.8070466822200615,6.728833995146989,6.644820812602654,6.597481286896128,6.798065269487099
46.925905220557226,0,11.817209196148054,7.04398710275082,6.984756074244719,6.964917502254064,6.993407588159629
64.827850568694,1,11.429086785236564,10.99712055427446,11.030274344674154,11.005935347142568,10.944326749623226
55.735286058741615,0,10.454114287788078,8.989287314622073,9.02609032254141,9.048507705996577,9.086770117222162
50.53848855793445,1,10.660377584710853,7.841722977801359,7.833727119064946,7.853556903460747,7.709204818958042
58.134105116978645,0,12.827193992363837,9.51899800688805,9.56497616686796,9.575978301062067,9.713478028471457
46.68086214496414,1,5.137789083192488,6.989876336554559,6.9265731839999525,6.902538848051689,6.955905749689856
69.9914663476678,1,17.012413861773663,12.137357655311142,12.121962058212212,12.105626026163097,12.041448479368917
59.52118916729473,0,13.644520218641706,9.82529591210147,9.873263943725581,9.876126542657252,10.030216626962925
57.65585747087555,0,11.547815072365015,9.413390670302178,9.458119514144155,9.471742745418714,9.594943746979455
50.764341741522806,0,2.758830068269001,7.891596204303481,7.886256144271442,7.907342910516636,7.762694272905613
57.8334449493026,0,5.793563337098347,9.4526057940158,9.497832256670229,9.510497291011166,9.63943455280444
60.110392478455694,0,12.228515265299375,9.955404639047245,10.003482740476937,10.002772929793121,10.15038754864831
62.45438012155905,1,13.760189624480187,10.473007378956979,10.517182493357343,10.50290179514419,10.563693842775267
48.32749162140338,0,10.478276249506512,7.353487437973452,7.31609083673509,7.316349804480815,7.236901924124881
63.75100786418081,0,6.0888750528610895,10.759330591538182,10.798366306368592,10.777905633791192,10.770573659908193
58.25492127124512,0,6.957924407137468,9.545676804729702,9.591924874064949,9.60224575484819,9.742749871320774
69.08943237828902,0,14.19572313264454,11.93816921017755,11.933681752217733,11.911862819962495,11.811595793420047
62.43713211599642,1,10.096888941553887,10.469198649434253,10.51342782132293,10.499238043426704,10.560897457027014
72.79784085525203,1,12.000005819059613,12.75706533107997,12.701161996597572,12.716627734953786,12.772332810089601
68.93713454946594,0,16.845725439639054,11.904538583449176,11.901791456542737,11.879246741725137,11.773858990520491
51.175991836819115,1,4.17982161723338,7.9824973734441915,7.9818322024123525,8.004889321095497,7.862392088880273
48.54989614499002,0,11.401450396406688,7.402599126388478,7.368439185829558,7.371306695763896,7.279810912838667
58.78351521147169,0,10.713307931578743,9.66240168276648,9.709613925841586,9.716880773766366,9.867274439822117
63.085558036863674,0,5.580137277536083,10.612384998669876,10.65432351907371,10.636860919362066,10.664913286470863
60.2524799902162,0,13.552499902186655,9.98678060880143,10.034819650249876,10.033247869981325,10.178127977317812
69.43413974788353,0,9.790618015917246,12.014287989853784,12.005753340526962,11.985786211140363,11.898278707294308
46.43844412602681,0,7.911969452448904,6.936345239163907,6.868938977627994,6.840544158887024,6.920378189429311
51.995180292521695,0,10.9416934620517,8.163391752483111,8.171393065518517,8.197204357409346,8.06868675300064
66.4576112917631,0,9.3869898237935,11.35700667318803,11.378473364929452,11.351213553866517,11.230733376426905
52.37442030525512,0,5.94850270156696,8.24713608033901,8.258862556654217,8.285455423431006,8.167455174959404
60.177857715836296,0,8.348306320402285,9.970302410295998,10.01836514402762,10.01724593373955,10.163615382435754
55.57236531292918,1,14.363286722799598,8.953310920007208,8.989227271298956,9.012224433916849,9.042091021459994
70.33672594363925,0,9.32171503870153,12.21359837841425,12.193755725887213,12.180081306646956,12.131494035802525
57.149203054713674,0,6.668440072764844,9.301510509685993,9.344600776239032,9.36084456013275,9.46523807681373
60.82792759418033,0,9.951705403130676,10.113851780598214,10.161471937559027,10.156431297796184,10.28616560893178
74.55328234134576,1,13.690895034919905,13.144704457773637,13.058406771613853,13.10705349728587,13.183232348633043
52.61448600847784,1,7.026696705393785,8.300147735972962,8.314138439454815,8.341074136555708,8.230922607486567
60.061110279761,0,3.742890306455665,9.94452207268722,9.992607767348376,9.992197108610972,10.140659281295955
49.29362753994685,0,9.063676551846141,7.5668309681898585,7.5430409109645495,7.553552133199661,7.431126893994184
51.87611442038994,0,12.806854981990782,8.137099454472724,8.143893758695489,8.16939709516089,8.038086457979329
55.38310675575909,0,10.035738295795484,8.911518571813382,8.946362846929135,8.969994147389558,8.990019655760394
49.36563671516438,0,9.062855960246447,7.582732138360656,7.559909021654467,7.571074789636377,7.446393277817368
74.89115745659441,0,16.18815895461961,13.219314529168244,13.126720198260271,13.183080959451017,13.253604566385581
51.59635910186109,0,10.073088917536433,8.075323480610018,8.079211372745805,8.103869617492183,7.966994677635311
61.74978457684645,0,6.775141063038377,10.317417572182835,10.363495208681607,10.35307183435615,10.447407080028043
73.74831489969868,0,15.933023538424528,12.966950383616904,12.895073254704394,12.927107372965102,13.003071900343711
64.04909345608837,0,6.077458525192765,10.82515428286733,10.86270835911907,10.841043760653886,10.818073642430527
54.04649058482331,0,10.921904847332844,8.61636505668305,8.642350244205875,8.669102429941873,8.62024905254584
46.6759900105498,0,2.137924524770332,6.988800464789839,6.925415578376844,6.901295671469358,6.955176198752897
58.16296157885117,1,11.404411650291792,9.525370132514764,9.571414434691977,9.582254494893284,9.720495388067347
47.389369064604765,1,9.36931219778798,7.146329858794746,7.094593349122693,7.082121715477203,7.068583542334865
58.96993181918232,0,9.45745087873992,9.703566467572237,9.751034586359921,9.75720082507583,9.90971099894918
47.436601776128526,0,13.747669031586971,7.156759854434867,7.105771899599544,7.094010078382152,7.076549667231967
51.94812580418501,1,10.505158293505444,8.153001112344807,8.160527558345544,8.186220784899271,8.056569590709376
74.02369152505673,1,15.012166940250902,13.027759448123621,12.951041172070857,12.988484127598994,13.066517293181931
55.068726732943794,0,10.924635085717174,8.842096720695327,8.875060188519647,8.89964665601285,8.903217574596468
72.56454151435771,0,11.157685873619725,12.70554783335709,12.653390992352572,12.665269896040636,12.713448419519825
49.194835365992496,0,9.465950996115962,7.545015537519452,7.519888243613343,7.52947738341129,7.410354938644942
66.0693543200727,0,7.654673319380185,11.271271207419986,11.295826442622213,11.268890576473508,11.158670441321824
66.35505566115633,0,15.660781543288586,11.334360190579037,11.356661200798097,11.329462364908412,11.211414541332084
66.50811301744237,0,5.9905053779714486,11.368158537259784,11.389209503222078,11.361926304452206,11.240325342929799
59.640012885067215,1,13.526149032420117,9.851534737236175,9.899560254931812,9.901704188321384,10.05515672863418
62.99054443993776,0,7.497719804125935,10.591403958841346,10.633711325804482,10.616708376629557,10.649782707776687
70.60423182358366,0,16.676273209241877,12.272669413540473,12.24927770615739,12.237890822961631,12.201716588145343
46.04969317939095,0,6.888519734223084,6.850500693134297,6.776359610035279,6.740527248642357,6.866754815710813
74.4874148309162,0,18.44015557172704,13.130159498899946,13.045072530219967,13.092267346050672,13.169125874452419
51.14721444234014,0,11.567202285383123,7.976142707593625,7.975157683591168,7.998090225823839,7.8553325168048325
61.654412418684,0,11.32799208493957,10.296357354343703,10.34264434127602,10.332762982752653,10.431275610582702
58.84688274397261,0,13.168265601379732,9.676394592899902,9.723698737304183,9.73059263454203,9.881790408379228
58.4308208954118,0,6.002547577974015,9.584519214025523,9.631127299579976,9.640444344086983,9.784845417771335
45.811508041218886,0,10.471312998789502,6.797904306593447,6.71954256289825,6.678876740378604,6.83599007973133
68.38335543533377,1,19.898613646283263,11.782252278901897,11.785586401522526,11.760861570530803,11.64008982829208
53.36475679096728,1,5.7875616543045725,8.465823614782888,8.486421527698987,8.51371462223391,8.433073367890605
70.67150574573802,0,10.387643921868912,12.287524938284395,12.263226474516157,12.252446513924044,12.219418706860607
45.0698881969366,0,12.855935356518897,6.634138740464558,6.542176653488397,6.4850714389060915,6.750762256424682
70.64030012499754,0,13.632991498724705,12.280634068000424,12.256756922053313,12.245693838512592,12.211205768037336
57.43905113441605,0,14.873968195292433,9.365515181661523,9.409582525064296,9.424348751732339,9.539920507471981
54.71109091056423,1,11.21390035548042,8.763123061385224,8.79379519957484,8.819309989853128,8.804198452247153
48.49179632178144,0,10.632930850910448,7.389769439436197,7.354769997218347,7.356970744745418,7.268494595041055
53.75044084734216,0,14.767458045600495,8.550990925671453,8.574708725578295,8.601791291989144,8.538676854799943
73.89644348308852,0,13.138609310806086,12.999660351541486,12.925191008773796,12.960099709321879,13.037417792704268
55.59353250587737,1,4.6891385683190245,8.957985090154144,8.994018533186635,9.016942113224099,9.04790408192606
56.936900333310646,0,6.608789980874479,9.254629515832711,9.296936802014946,9.314222766739775,9.409791915228334
73.70906094377884,0,12.65858510192389,12.95828226832364,12.887087429989945,12.918373302514775,12.993888360054523
66.14339337667859,0,6.948105716038688,11.287620618933436,11.311601569559679,11.28458462045991,11.172192768848483
55.321864079921085,0,12.253592494183073,8.897994875600041,8.9324825487416,8.956309708416885,8.973136568804719
71.24959737186718,0,14.5693300528275,12.415179966877965,12.382854103390065,12.377828739078677,12.3717782267717
68.94042283487491,0,16.144182602749478,11.905264707386857,11.902480314090385,11.879950682512801,11.774669815383948
72.78460560951275,0,8.965229419154289,12.754142704982435,12.698453750789305,12.713711068130754,12.769012216469797
70.18225636876357,1,21.68082492175523,12.179488183582983,12.161653756359923,12.146748568404607,12.091109026260382
55.04260689329325,0,11.112605801239669,8.836328899943837,8.869130488190637,8.893790588683581,8.895992899477026
74.92597232499757,0,15.015847687451968,13.227002398738756,13.133751065451134,13.190932267270115,13.260659020642887
71.52382632394338,0,12.120458948689334,12.475735600511463,12.439454214812026,12.437506036292891,12.443918428764142
59.63347534313949,1,11.708656669023044,9.85009110777677,9.898113926126333,9.90029743854049,10.053794216489417
48.31730350165451,0,12.629111339179191,7.351237682642163,7.313691317210434,7.313827127915062,7.2349630304795
50.32863186528228,1,14.470462554138257,7.795382119552915,7.784860834243362,7.803407490617266,7.660302882007045
47.569242764461485,1,6.002509558505403,7.186049829229519,7.137148935651596,7.1273405996108385,7.0992158793412
60.31020085649508,0,14.64347018312728,9.99952661393666,10.047542506253897,10.045620915476908,10.189269927729585
68.04437322688037,0,8.675071884342685,11.707397737585358,11.714263276514536,11.688545101149504,11.56129715077714
67.50179653302075,0,18.305474248448174,11.587585167677318,11.599801119261523,11.573001704729213,11.4409828794646
70.01112027780522,1,8.627382110743252,12.141697664576572,12.126052958874238,12.10985981106372,12.046551475899708
48.87638695517931,0,5.374839013509943,7.474695299082284,7.445173643872916,7.451597980690854,7.344782895562427
52.3000713410918,1,5.691505229721521,8.230718234590713,8.241728714877711,8.268191835970736,8.147941476871615
55.66967640603626,0,9.43025861473744,8.974799296263813,9.011249270553561,9.033903826062234,9.068795352082484
72.96748238943292,0,12.285709995051452,12.794525819898187,12.73585509877032,12.754045397954862,12.814664897184837
53.45637006385724,0,11.42461200283588,8.486053790142158,8.507409793377596,8.534676115959954,8.458074991492461
51.29952346576689,0,4.911453324209424,8.009775806330563,8.010471776865957,8.034041624924669,7.89284608713961
63.69945411099447,0,6.613632688405394,10.747946417231468,10.78722700019842,10.766983764036219,10.76238180917332
69.70573555059637,0,15.941370680216735,12.074262167638283,12.062433044650435,12.04413495025996,11.967645741199517
53.17383437411013,0,4.867763788085524,8.423663850687625,8.44264784303875,8.469948824815463,8.381164324039881
46.320743703741314,1,11.175775256100088,6.910354461762518,6.8409292701018245,6.81034097592485,6.9037027766485615
66.39755621748303,1,14.828046470096655,11.343745224867554,11.3657020927642,11.338475808353396,11.219394868988154
50.974825640491694,0,9.44852082169203,7.938075563157497,7.935152589149122,7.957297751213717,7.81332293621687
67.60264189629528,0,13.959327426627633,11.609853986581578,11.62110361534491,11.594459331166401,11.462758230397673
73.43868776552438,1,12.111433482726907,12.898578072239513,12.832029856422757,12.858314095923328,12.929752992258695
61.95856460573272,1,9.883595749883456,10.363520679982026,10.409099933301135,10.397505190830245,10.482359198665243
47.40729283451196,1,5.082749883520645,7.150287811576952,7.098835693591452,7.086634299092518,7.0715999731396995
73.89866020987414,0,14.199054155145085,13.000149852354872,12.925641506994316,12.960593840549986,13.037927979427298
70.47129240486815,0,19.876879076695552,12.243313538917324,12.221696860434028,12.209148193494727,12.166780609295389
69.16863780990643,1,12.47013012446916,11.955659468089756,11.950255340378947,11.928836027073034,11.831364007660461
46.38063247865991,1,5.517733704485099,6.923579187617584,6.8551834615927305,6.825717542211926,6.912140313205198
70.46242096825667,0,12.333141417684898,12.241354535459882,12.219855515551702,12.207231082604665,12.164451708581419
63.55267285141992,0,15.158653260954251,10.71553396729952,10.755493346300671,10.73588342993267,10.739079488133584
63.493021670569526,0,11.758003022370772,10.70236170731007,10.74258917107415,10.72324251739426,10.72961485293504
68.51891757014639,0,10.529710909969497,11.812187305485109,11.814068565986314,11.789812308039949,11.672292689754466
64.24392169710362,0,4.380850935087968,10.868176536699595,10.904701584167121,10.882301535682124,10.849302889490522
53.077298869773514,1,10.900400725357857,8.402346741064536,8.420497171470576,8.447777029611984,8.355027398259258
47.618375002347086,0,8.084823620265622,7.196899281026891,7.1487658279745965,7.139666269653545,7.107721553949307
51.20682727175675,0,10.04666717552479,7.989306498764023,7.988982894697887,8.01217133865679,7.869971219256422
55.35432740221732,0,7.428294432488471,8.905163473359735,8.939840762806949,8.963564680089817,8.98208773510286
50.98331953278304,0,13.816273750954904,7.939951196732373,7.937124587776755,7.959310207777218,7.815381464540192
69.25847344177942,0,14.134419729125971,11.97549710218983,11.969043690159259,11.948096199668118,11.85389679177831
52.6920149958203,0,11.631126895668492,8.317267799036843,8.331974186504508,8.35899620205136,8.251560411762007
67.84437338097383,0,11.732484627283416,11.663233482484726,11.672114501677912,11.645926539990729,11.516067614150284
54.48426058825444,1,11.098110374129458,8.713034061698046,8.742169222220156,8.768180204319181,8.741353944730964
61.34364127891462,0,7.826113523538351,10.227732421996988,10.274621889925317,10.266533387171972,10.377904377086754
56.241148278902976,0,4.262401794439563,9.100992541372193,9.140334982982534,9.160765246864408,9.224370390604259
46.90755990651707,1,7.921217075608498,7.039936063983774,6.980402798933319,6.960257400581707,6.990545413597812
68.53151087968929,0,12.896196176091092,11.814968178303753,11.816713294355987,11.792502674440518,11.675303121219835
63.1742109380972,1,8.588914014292529,10.631961460480342,10.673545546539446,10.655660767626234,10.67901028325095
71.17430523135732,0,6.3981634666708285,12.398553847565331,12.36729739479276,12.361466860254737,12.351938646089362
66.32340906247657,1,18.093378648106075,11.32737194290902,11.349927725539986,11.32275131799334,11.205495511982644
60.88129719683688,1,4.6080932222103455,10.125636933410005,10.17319705266957,10.167837638775406,10.29586465034574
53.84809931367087,0,5.002246079522153,8.572556009385034,8.597033989030738,8.624023358377537,8.565544735204917
67.04555538682388,0,12.689212296707694,11.486837338214189,11.503264622858202,11.476013600726073,11.34587087477022
74.52846761750065,0,19.99869665645565,13.139224834581029,13.05338391359203,13.101481678994142,13.177932275872962
59.37793081294416,0,11.46990833462295,9.793661395193931,9.84153641452647,9.845263048576285,9.999648503052786
62.71913095912069,0,5.19914048043654,10.531470041641443,10.574768255129252,10.559117244969789,10.60638337207742
48.90750674686506,1,6.221266479353608,7.481567216470311,7.4524806376519335,7.4592273600762535,7.351096261915349
73.33171680924097,0,9.782520958474848,12.874956591031639,12.810221288747508,12.834599278223312,12.903975999551461
69.45870888548028,1,16.461752407438887,12.019713382335997,12.010884539777276,11.991060681097817,11.90451801660003
70.50571050146127,0,10.565391223615372,12.250913792763154,12.228839699124133,12.216587059698082,12.1758190686034
73.00027856530986,1,17.63418830000047,12.80176791886676,12.742557997270405,12.761286462458047,12.822797818286292
61.2659185319749,0,13.168169881643852,10.210569572658736,10.257590654946265,10.24995627541049,10.364346822210106
58.2959711563355,0,5.48728462477769,9.55474149969867,9.601077081375504,9.61116492665104,9.752629956765373
63.38998978445912,0,7.341481064365003,10.67961005727227,10.720289985007032,10.701405828752879,10.713268490951553
62.42523581781749,0,2.786234705909356,10.466571691672629,10.510837929203541,10.496710973773208,10.55896753059597
71.35014730209467,0,9.874696623223734,12.437383547829686,12.403618361890404,12.39969480996202,12.398255326062301
64.38163168412646,1,7.348600672140842,10.89858585511289,10.934354643918942,10.911460568257581,10.871496863009515
66.59187086296176,0,13.475575187177354,11.386654065790973,11.407008444615952,11.379696233065392,11.256351347174462
74.7757254026795,0,10.022328974804942,13.193824656149687,13.103397730020266,13.15707260616348,13.229946712655384
65.94445628701638,1,13.593327174840288,11.243691043203038,11.269199363611486,11.242420332881744,11.136079576137288
53.956895418720734,1,11.461888002463514,8.596580522582023,8.621891196661032,8.64875834936087,8.595525599669907
47.518901071096906,1,7.660698668099751,7.174933303724845,7.125242916368035,7.114700062026816,7.090562210466005
69.65674862992954,1,10.412951318426837,12.063444804999236,12.052216781345932,12.033603692427032,11.95507281101017
57.02243344739627,1,16.314864075903145,9.273517061735092,9.316146643139154,9.3330170076728,9.432201756215916
53.520157171208574,0,5.362949906759948,8.500139351400602,8.52201692788457,8.549255959380977,8.475515323423668
64.53896016805489,0,5.561248422850915,10.933327358374136,10.968202843369445,10.944771531296334,10.897000428974849
51.657990383968176,0,5.208956772194178,8.088932989421483,8.093469664074764,8.11832892985261,7.982557572628651
63.278712168309525,0,15.424739878175288,10.655037573206869,10.696191119270484,10.677817252973645,10.695608377451824
72.91971990613237,1,11.741299560236923,12.783978839288459,12.726090949728437,12.743504143428943,12.80279039923299
72.14279560913691,1,14.109223946177725,12.612417292873957,12.566858736914646,12.572713976955743,12.605343758848718
57.09179725541534,0,8.695449613700385,9.28883407809688,9.331718244011098,9.348247309042977,9.45030488919625
45.498737199320566,0,8.237130390280141,6.7288377971317725,6.644824929071647,6.597485781048947,6.79806727852878
56.01995463018712,1,13.061232906748245,9.052148240096622,9.090420042396643,9.111752734927453,9.164438737512747
70.31222102281302,1,15.45643996803493,12.208187166372136,12.18866510774187,12.174791076823738,12.125078110591529
45.76840821440248,0,4.256332222453418,6.788386940529063,6.70925381003333,6.667690556951585,6.830596050739318
47.64381119515904,0,2.9048268439107745,7.202516137895175,7.1547787980353155,7.1460430495872975,7.112148173482719
59.99999057719767,0,11.697052795400165,9.931025531610167,9.979116383096821,9.979076787352277,10.128516044517273
48.54482204166701,0,9.321676245863072,7.401478655557369,7.3672455676415325,7.370055257551303,7.278819618392252
61.665552314810235,0,14.7292526944415,10.298817282310566,10.3450804086077,10.335135528353177,10.433165492061555
73.56333071932073,0,16.722936420591004,12.926101909485523,12.857423053187198,12.885980203024873,12.959506292071381
55.150259967459114,1,8.994511731353,8.860101007408613,8.893564241604643,8.917915121702187,8.925758643779158
56.807230678921314,1,4.680309041772372,9.225995675294966,9.267796738007949,9.285701329790841,9.37564287142082
49.22152238062118,0,6.049480964425436,7.550908602669544,7.5261437552808435,7.5359847388980725,7.4159463357932935
45.55811549893869,0,8.99996316919,6.741949799093025,6.659019274047696,6.61297584959745,6.805047697954107
54.25042835710414,1,7.388421019797732,8.661398890378473,8.688881619737227,8.715324959627663,8.676616569097542
64.59942511648248,0,10.820953369305412,10.946679315696397,10.98120316915295,10.957573301243192,10.906849287784922
57.1637062546272,1,16.07837059291132,9.304713127257289,9.34785480533115,9.364026117201696,9.469003684928456
56.71767539936839,0,11.608428902594946,9.206219948999495,9.247658997190005,9.265982531372524,9.351940244541883
50.17272516449144,0,3.9959529297476735,7.760954576499493,7.748521098060838,7.7660411653936405,7.624484281363021
63.46977860472639,0,2.3100074296696365,10.69722913990951,10.73755984636293,10.718316674006378,10.725927288423339
47.841983044669846,0,8.51626973310997,7.246276732189081,7.201597508800441,7.19562357888211,7.147171938321021
45.75369623951204,0,11.295589227858937,6.785138220965553,6.705741243294878,6.663870043907812,6.828767045645603
69.66935572723067,1,9.01167503025259,12.06622872245058,12.054846291611735,12.036313676802449,11.95830609638918
63.400702911758685,0,7.214949310165172,10.681975745529874,10.722609251059232,10.703676552532135,10.7149682577531
47.6198127561628,0,10.519955063249585,7.19721676790295,7.149105726513211,7.1400267890310865,7.1079713433619185
55.9015128620017,0,5.115263923247865,9.025993757621894,9.063666870567824,9.0854616533631,9.132190739418963
45.660186106398555,0,3.2215551634585,6.76448917818955,6.683408783818849,6.63956101797963,6.817287881974837
71.01371892020151,0,17.47812015006006,12.363092946186093,12.33409346310325,12.326601911905144,12.309602510968244
48.7406368162848,1,1.0514666642362955,7.444718757165919,7.413284918250958,7.418269278604565,7.317486424077335
47.33504844258454,0,11.883512924743725,7.134334700512237,7.081733822281029,7.068436589923494,7.059490799306301
56.220505062079205,1,14.363135046215634,9.096434076390532,9.135679212899323,9.156195813186292,9.218794512608312
74.93087638693852,1,13.90570264199186,13.22808532078606,13.134741318416312,13.19203847573317,13.261649667345658
50.369974227503135,0,3.6733163513358034,7.80451139974465,7.794492029203398,7.8133003628908195,7.669874739040789
71.94869736195551,0,12.73591187879348,12.569556237335389,12.526958910966036,12.530236614967336,12.555009950842642
45.90013215160841,0,12.441512683788972,6.817474410768121,6.74069146230564,6.701848940161437,6.847248722287878
53.143831894232605,1,8.321336763872564,8.417038659708318,8.435764847829793,8.463061090511511,8.3730328772398
69.80075306906811,0,16.107722264961463,12.09524407342823,12.082240388707136,12.06457100742242,11.992103186533537
54.14437974509286,1,3.8916381205371904,8.637981082566148,8.664691637260189,8.69130366960603,8.647291086042047
63.48303409990616,1,4.130848373448886,10.700156237517765,10.740428148364364,10.72112589921463,10.72803029041026
59.71859975700815,0,14.293396056315574,9.86888840390641,9.916942146437083,9.918610010221428,10.071448737872391
49.29192561339031,0,11.67399636058694,7.566455146307273,7.542642156375686,7.553137729987536,7.430767353517785
51.91194296241744,0,0.0246798804741814,8.145011164918369,8.152170557431594,8.177769768356391,8.047273325301788
73.9881433086257,0,7.6456796330882275,13.019909639581437,12.943821687231246,12.980550598897509,13.05842672218121
45.95211532624744,0,13.037786576609928,6.828953410540809,6.7530919021519455,6.7153051094195355,6.853956699577424
64.59219895377784,0,13.89634695063433,10.945083624001537,10.979649743818339,10.956043370438078,10.905670778612986
66.93147499138965,1,8.019328117622836,11.461645940375348,11.479085165648076,11.45178333637173,11.32291122215985
55.529220433083,0,6.057831592730091,8.943783605267658,8.979459537749147,9.002605044651041,9.030235253222047
69.226525924285,0,14.187486156624196,11.96844240519214,11.962363309274526,11.941245755394545,11.845870404072713
45.14799976851804,0,7.85866313006897,6.651387450622295,6.5608905504935615,6.5056180278403275,6.758967160615458
52.13161184162427,1,2.825501576430157,8.193518764386692,8.202881119557553,8.22900814358751,8.103994598092182
66.67757697891612,0,15.003651923742366,11.405579814216107,11.425212232742613,11.397883101964117,11.272905636714121
74.91658857136437,0,11.65147473495335,13.224930264695953,13.131856165856206,13.188815757559134,13.258761347172367
67.7192962882061,0,10.424443014743762,11.635613778043448,11.64572957913122,11.619290482876982,11.488292337582525
62.3444349926238,0,5.480882385185802,10.448729136644547,10.493242398723059,10.479544541735924,10.545832363212758
56.68845817906018,0,9.12416043328659,9.199768160173486,9.2410869109251,9.259545617519498,9.344187269791258
52.1727650492542,0,4.11488495281388,8.20260627518821,8.21237456092304,8.238589132392296,8.1146952645111
68.34406939011663,0,17.428384379516338,11.773577077603614,11.777327904239602,11.752474987775143,11.630828648329743
74.15066242646343,0,10.762575298300863,13.055797346126319,12.97681465537705,13.016846688315962,13.095163083461076
56.837585186218114,1,4.039750666563956,9.2326986014779,9.274620069936308,9.29238110620191,9.383655288628198
51.11456111769364,0,6.565660229010949,7.968932153240269,7.967582929881948,7.990371751164865,7.847338214753132
51.09973253351856,0,5.494714259790854,7.96565768384595,7.964142625109113,7.986865346819374,7.843713500863399
52.33231538841292,0,13.137828426007095,8.23783841173341,8.249160266082871,8.275681041870344,8.156395661747151
56.60110554748918,0,11.635323898214372,9.18047882578962,9.221431486432722,9.240289812558592,9.320950809270158
55.69549079627655,1,9.87159769745634,8.980499667234959,9.017089192668111,9.039651019920987,9.075870595831683
57.35373043106634,0,3.748571091295908,9.346674540604916,9.390465285819667,9.405672687915054,9.518065203368396
70.45221201690447,0,20.635242273545,12.239100180063833,12.217736434708705,12.205025084474691,12.161772111281367
67.13569162991702,0,5.807397235985561,11.506741353718473,11.522357470583824,11.495163865730914,11.364236607197952
70.93663055918257,1,9.39583553180959,12.346070182863958,12.318142574797788,12.309880634157777,12.28927663157175
53.6017946823357,0,5.8655405337231565,8.518166664626053,8.540704277570377,8.5678981449244,8.4978726535964
47.44674272429704,0,6.288683058544243,7.158999193269587,7.108171587161453,7.096561189198426,7.078267240107911
53.60154289691996,1,5.22164417579527,8.518111065006558,8.54064665521227,8.567840679396294,8.497803639232796
55.15902475042091,1,9.46881721151352,8.862036459452948,8.895552918600437,8.919877959549689,8.928180739581759
45.34031253806896,0,2.971483454004853,6.6938542344093435,6.606931828469304,6.556068802553147,6.779951942179659
48.179149409036775,0,10.784821763670877,7.320730296189389,7.281140142153697,7.279573892882345,7.208905130075342
50.33555621446023,0,6.50563552934379,7.796911164348499,7.7864740942035855,7.80506488490118,7.661903914385679
62.80076874745868,0,8.202951929852933,10.549497416081,10.592507376967088,10.576443854580505,10.619470052370977
52.40883216340066,0,3.2560910375475824,8.254734956601826,8.266790463297243,8.293439573997771,8.176510437135834
45.184621582520734,0,0.7871586375574062,6.659474332532288,6.569661717481137,6.515240112095439,6.76287755345716
59.831671637073455,0,11.663143980321546,9.893857099923537,9.941937770270458,9.942919891328454,10.094614388619762
60.33140222208134,0,10.675311021939129,10.004208330134935,10.052214663140392,10.050164651391945,10.193344431159037
57.7852955959532,0,14.32909799482527,9.44197338420261,9.487068862200527,9.499995551200698,9.62742525571026
58.523958616064746,0,11.689349878115271,9.605086020143617,9.651868911504637,9.660649113321584,9.806875087002918
59.86484894970876,1,6.998680129472253,9.901183362062076,9.949268870026517,9.950049658589714,10.101351158024038
53.06725151736008,1,11.453782697070274,8.400128070179758,8.418191067887152,8.445467744277577,8.352311609150592
58.63389023978512,0,12.00671220767784,9.629361280214978,9.676336402618269,9.684478600404063,9.832637892736388
63.083126596879055,0,9.9505366629054,10.611848084577488,10.653796186053471,10.636345257285432,10.664526397269926
74.04056267580783,1,17.000394743359344,13.031484960022071,12.954466974556789,12.992250467189766,13.070346397975108
63.34984633717109,0,14.049160573110024,10.670745523209199,10.711598111867383,10.692896770466948,10.706898725765813
54.16179820627447,1,9.262826451635238,8.641827452345074,8.668665811261118,8.695251331266926,8.652105855797537
60.725649823662174,0,10.529332724094122,10.091266655455673,10.138991818081497,10.134563809525536,10.267434687460119
56.12921646909105,0,8.687352031842316,9.076275597316549,9.115083979094464,9.13597720404735,9.194093023895691
55.34111805258879,0,12.08649929901278,8.902246565678814,8.936846860689174,8.9606129452072,8.978445988273457
49.50832612628639,0,9.578572848267815,7.614241020401979,7.593314597681279,7.605734075184183,7.476953855226551
55.60172180837009,0,4.294622363626441,8.95979346376936,8.99587205623659,9.018767026985621,9.050152448804885
47.26782966697159,0,8.249671177968342,7.119491353307311,7.065815708538906,7.051483054429153,7.048341476722637
48.955548321875355,1,6.146324718910293,7.492175826514853,7.463758501311858,7.470997293843947,7.3608831711822305
49.728443090947984,1,3.313657128137475,7.662847566748193,7.644796620266554,7.659038769960061,7.52489076754407
60.135236613908255,0,14.660560325604308,9.960890756953527,10.0089638677579,10.00810327477387,10.155270687200378
72.79948307789152,0,12.948019907913793,12.757427969057282,12.701498018950728,12.71698965975203,12.772744652564915
45.41766343412885,0,-0.4686521924319695,6.710934971098752,6.625437107419325,6.576306798278998,6.788703939821913
52.45119087900565,0,3.8765957925991343,8.264088669417127,8.276547137552571,8.303262194046878,8.187676826633524
72.59398275742451,1,13.368788847375304,12.712049091212506,12.659423250292484,12.671744672082689,12.72091895003404
48.29259554597674,0,7.117889008602512,7.345781636150617,7.307871522229995,7.307707313334539,7.230270687915061
52.03495253241984,0,14.1029047230341,8.172174315993713,8.180574824382571,8.206482226583264,8.078952895957556
52.95572962340411,1,12.034191997734812,8.375501644336016,8.392585611613736,8.419814392547167,8.322227358681262
69.58312170464532,1,11.860110610992464,12.04718640092003,12.036856124686084,12.017781214682865,11.936224843416735
61.745691565799135,1,15.091298162058433,10.31651374756635,10.362600604473608,10.352200405728402,10.446716995486604
73.64142363066163,0,19.43896280423543,12.943346499061969,12.873322730469928,12.903332526669537,12.977986432268546
72.51258080081033,1,12.177713485578888,12.694073793475129,12.642742017758657,12.653847003733887,12.700237413679197
74.19465178310355,0,7.179066047420273,13.065511139452315,12.985739188953419,13.026682372104066,13.104993545789775
59.664769407115294,1,4.92080668815095,9.857001508223822,9.905036758728997,9.907030777210295,10.06030625089924
48.88931514053483,0,11.579242490044114,7.477550119661977,7.448209357987571,7.454767972433946,7.347403160654567
68.25009156056774,1,19.778024074327256,11.752824757424625,11.757564492431491,11.732419080072663,11.608808968813468
57.50841524920693,1,13.450135281961296,9.380832265765106,9.425117703963966,9.439521600021111,9.557605920351111
68.3654276904786,0,6.533071402356336,11.778293448365933,11.781817970930897,11.757034262544803,11.635859543233035
46.12025333718561,1,0.8653891609067181,6.86608188918302,6.793177383608595,6.758736240404872,6.876176219914595
53.98692008448168,0,7.153154434740054,8.60321061268018,8.628748455445194,8.655578510901549,8.603807623631647
55.95967483337965,0,3.6205634311329833,9.038837168222779,9.076806486907863,9.098376241248907,9.148039173143804
61.09617906450283,1,16.735607631983903,10.173087458069581,10.220369454282709,10.213733777239547,10.334420093992964
72.12669253070402,0,19.377082602228008,12.608861387815171,12.56355031562204,12.56918710105423,12.601180150386922
61.26495272439296,0,13.6853558168674,10.210356301632283,10.257378971419165,10.249750248086311,10.364177790499102
59.60915547303238,1,10.392175374843989,9.84472075890197,9.892733061788258,9.895063772648086,10.048715823188692
68.43748047960385,0,18.73906861873136,11.794204249422883,11.796961079813327,11.772418368994057,11.652902097821709
66.24364744860009,0,10.815648966842602,11.309758868026325,11.33295116485265,11.305838759630001,11.190663774010865
58.15612372110236,0,13.1311419360257,9.523860186881599,9.56988891099224,9.580767413430673,9.718834002691969
68.46467399476987,0,16.201266759496832,11.800209160753846,11.802674551707643,11.778225826821862,11.659362059793683
56.04702982792102,0,4.885220650784479,9.05812702440118,9.096533196583787,9.117758154106589,9.171795832426662
69.66972299291209,0,13.933445420719984,12.066309822589284,12.054922890604212,12.036392626279659,11.95840031292671
54.69181600639515,0,5.319507295595342,8.758866749182058,8.789410808560525,8.814970623931032,8.798858114581673
48.207952573865455,1,3.410908374206159,7.327090652685833,7.287928588110726,7.286722130666518,7.214301704955137
46.64303506358639,1,3.1880432640434315,6.981523305760425,6.917584787330653,6.892883867125414,6.950258152931843
71.3233475031503,0,9.134317779274186,12.431465577483959,12.398085265280958,12.393865065291255,12.39120072438849
64.83279331181615,1,6.975865314583114,10.998212017956112,11.03133543422503,11.006981823651941,10.9451428090043
67.68243206978373,0,5.630577660171928,11.627473368039073,11.637949329678193,11.611442384059702,11.48018393501211
53.07375041976962,0,11.267848607917708,8.401563167204898,8.419682733333648,8.446961489043503,8.354068156277112
68.94429487304139,0,6.637964906354153,11.906119736452348,11.903291443546548,11.880779605909963,11.775624811128912
66.80253677916762,1,8.287306812040613,11.43317361795439,11.451736795416398,11.424406483252245,11.297332520111663
62.38827049729902,0,10.047536119102084,10.458408956157236,10.50278922724845,10.48885806259022,10.552964276790846
62.24407620649661,0,10.546377585153127,10.426567764409377,10.471376364859578,10.458217145057308,10.529448477136867
62.73425928805436,0,7.916327297324778,10.534810701106677,10.578056133663484,10.56232831121039,10.608810886820947
45.73449065993412,1,9.754222597740947,6.780897217118824,6.70115539189158,6.6588809510421445,6.826388776733561
56.22126713571309,1,8.860991061801382,9.096602358592051,9.135851096822464,9.15636451748666,9.219000420276279
71.8265696803271,0,6.206887407625152,12.54258782612568,12.50182933834007,12.50354688405713,12.523189892995342
62.67132227038612,1,12.357941854150878,10.520912857880976,10.564375970428168,10.548968790880837,10.598704245441166
61.25876850072802,1,7.084855425021342,10.208990692422436,10.25602349930955,10.248431001036408,10.363095122050002
74.87948358986782,0,13.564928144771306,13.21673668904148,13.124362316715898,13.180449051606521,13.251230652980837
57.9489277738196,1,14.17784340269041,9.478106878272104,9.523635567640548,9.535667653043479,9.668070675665296
48.2064086792815,0,7.885073012951081,7.32674972765189,7.287564743384949,7.2863390667059775,7.214011955552869
52.77486112288601,1,4.119904593374898,8.335562000581074,8.35102476688833,8.378126091860205,8.273684841287146
60.25732205977041,1,16.24759534532659,9.987849841600275,10.035887102778522,10.034285968246037,10.179065430195035
64.50625528761394,0,4.140946539685194,10.92610541939572,10.961169174501663,10.93784710791129,10.891684646345814
64.86977980031264,0,5.337393651514607,11.006379427815014,11.039274575689701,11.014812617776714,10.951256719000446
61.779761015791365,1,8.955573058292376,10.324037012765757,10.370046475934403,10.359453607942903,10.452455214291648
50.2691037041909,0,8.21799873491451,7.782237024964491,7.770989250031334,7.789151381174209,7.646574572005818
70.05584181490481,1,9.755018405494045,12.151573139050097,12.135359781470212,12.119495605375306,12.058174451063033
50.25147899389315,1,16.827745663614216,7.778345110957577,7.766881383177928,7.784927906531385,7.6425222854730634
47.211839000951855,0,9.328394239510564,7.10712741349455,7.052552173829946,7.0373453552404115,7.039141506823236
69.17437149976455,1,19.293371814561667,11.956925589773071,11.951454796754302,11.930065005657159,11.832798660337891
51.06321724393177,0,1.2607719423813766,7.957594324811472,7.955669713853712,7.978227441335877,7.834802833459536
72.43801254465454,0,19.816724457309263,12.677607523352037,12.627453832911304,12.637463906673869,12.681221738459417
56.756582614470446,1,12.434000551111623,9.214811496484113,9.256409065730324,9.274551440345206,9.362249335376102
58.88434794985512,0,11.989846389669829,9.684667713824036,9.73202380853645,9.738696620946234,9.890329109253154
49.99616158299696,0,9.09317440653228,7.721965551186706,7.707329460781261,7.723610022372929,7.584459110192308
72.59380436678278,0,8.884583616372225,12.712009698733109,12.659386702877415,12.671705434600627,12.72087371755562
55.70259169377525,0,12.94870872442176,8.982067697685954,9.018695462604109,9.041231648479986,9.077816144593239
74.97714572016902,0,13.83655360950386,13.238302581838765,13.144082761038426,13.202478663833473,13.270958951497532
67.4878610822258,0,8.357959822227778,11.58450792128715,11.596856395593004,11.57003715033355,11.437995948805204
67.92315324905846,1,14.206480457029889,11.680629766842413,11.688722918428796,11.662709898669982,11.533766178415021
70.31024059371242,0,11.4494655742933,12.207749845155156,12.188253663040333,12.17436357214901,12.124559734766711
66.59383738479934,0,8.486332213000658,11.387088315986029,11.407426233444674,11.380113488286739,11.2567294051537
74.77330624312062,1,14.675911884840206,13.193290453838664,13.102908770947112,13.156527920814867,13.22944655517742
55.276186290186246,0,16.41436622573259,8.887908240037206,8.92212685842373,8.946097060883439,8.960535101189592
59.549039969007126,0,9.471343938549833,9.831445966397803,9.879429071714263,9.88212336810348,10.036095872175403
58.452656781887455,0,12.926819629471932,9.589341046043884,9.635991097344585,9.645182597281734,9.790026630070727
63.43195208012445,0,13.715237888960118,10.688876232063414,10.729373500554816,10.710299805065638,10.719926101407765
67.17272082607215,1,10.013682605750862,11.514918194344295,11.530198099442106,11.503032551758684,11.371840361892758
57.409930319220216,0,13.61803860790766,9.359084681151797,9.403058652092794,9.417976022308723,9.532473513269187
60.34120375395522,0,13.672504699102864,10.006372718572802,10.054374440388159,10.05226507221232,10.195224857435718
72.00970907674358,1,11.989799736965542,12.583028932395797,12.539505916918733,12.543580802434963,12.570865057887787
64.3178572328967,1,18.303172520414,10.884503088597508,10.920625083056631,10.897957081049059,10.861204853534066
47.5881122078528,0,4.171575827545809,7.190216606997591,7.141610812730119,7.132075629694372,7.102475535332981
67.24914206405795,1,18.04173088091853,11.531793642593831,11.546374196411614,11.519274860927592,11.387643455122785
70.1784867310773,0,15.744803937171255,12.178655766739563,12.16086997114252,12.145935561559696,12.09012532538669
48.563530695757805,0,10.197805612360073,7.405609927599656,7.37164637921025,7.374668867519016,7.282477435933936
65.82555343376684,0,15.079327947452663,11.217434743257888,11.243832097788173,11.217225362876817,11.114819547001506
46.515222536040895,0,6.400511939330984,6.953299558657071,6.887200859415712,6.860209885341767,6.931459147435302
71.66445547063606,1,12.520927003684893,12.5067895319831,12.468442854397615,12.468161990303525,12.480802201868695
68.3405409925565,0,10.117856868008657,11.772797931753596,11.776586088448951,11.751721836551184,11.629998476729318
58.40556683012058,1,8.846050843791529,9.578942574819656,9.625501374502393,9.634963368074658,9.778840731548415
73.46666919704117,0,13.804466315906144,12.904756972398095,12.837732151049256,12.864521778513751,12.93645931208566
45.07813559438152,0,6.56955683833856,6.635959942691104,6.54415292101892,6.487242354811891,6.751619823052469
50.756770671455655,0,7.450018659596536,7.88992434966622,7.8844963051327674,7.905542984958014,7.7608870322338195
72.70472208827519,0,11.543744004395808,12.736502710340034,12.682102987432613,12.696115000889144,12.748917848981296
60.52879506929828,0,8.767515891725044,10.047796904016154,10.09568699339409,10.09244360099253,10.230828243425528
74.00821125371534,1,16.42157644972166,13.024341072227134,12.947897480963068,12.985028909963571,13.062997807481645
73.22733926717652,0,17.924213775943418,12.851907791300734,12.788927522142073,12.811484684919474,12.878618242694456
69.57718219939949,0,9.367868900354125,12.045874830785264,12.035616677719707,12.016505117701497,11.934707020712446
72.45068139811767,0,18.185653718361014,12.680405077888352,12.630051730506056,12.640246522221867,12.68445702064256
45.45583254761952,0,4.068650371785673,6.719363529918516,6.634565828517713,6.58628196168738,6.793087987042012
72.06258545627887,0,15.22074457987322,12.594705170964929,12.550376096190067,12.555151505874663,12.584581858298499
69.27528947475798,0,8.167924013815462,11.979210442902069,11.9725594865032,11.951702522976259,11.85812734798298
54.65626957113436,0,5.255850832742781,8.751017333960462,8.781323962329811,8.806965433370586,8.789009312725074
49.264631123456674,1,9.536170111425935,7.560427937582152,7.5362466668022625,7.546490147217618,7.42500935251806
54.9649018334855,0,13.438197145589534,8.819169956303636,8.851484868191626,8.876358678919331,8.874491344239159
60.898731649615975,0,10.395687610363852,10.129486834476607,10.177026561613014,10.171563156260092,10.29902217889913
73.18061919342657,1,15.502310618569396,12.841590997074915,12.779391835280078,12.801146449842516,12.867204550493943
58.53747434666455,0,10.737290703699305,9.60807058331353,9.65487793159994,9.663579941370957,9.810056623288471
71.2008710765804,0,17.35201813886779,12.40442015591211,12.372787192856109,12.3672388178625,12.358939837820474
70.29528722100443,0,8.864584528727256,12.2044478197766,12.185146860284386,12.171135855324383,12.120646409463255
59.15703831424208,0,8.709862674461217,9.744883594299756,9.792564410459276,9.797616414940522,9.951471288420409
48.03485723173996,0,12.728257976520169,7.288867489004327,7.247117011156049,7.24370889149257,7.182159742009392
73.53079916156052,0,17.85852642039833,12.918918243872028,12.850797372316766,12.878755900124686,12.951770823905806
63.96408057260078,0,8.146738198854495,10.80638161503767,10.844369685524267,10.823038965835698,10.804498012213745
57.716641743758366,1,4.942488442550099,9.42681314131227,9.471716791657368,9.485014191985922,9.610232477932929
45.93401780050827,0,1.9568232654748847,6.8249570887446,6.748775175559974,6.710621988704656,6.8516126639985435
47.74725631252991,1,7.003241869718944,7.225359038257295,7.179224212886689,7.171946124170911,7.1303123929810575
49.83678486615278,0,11.20754235972826,7.686771754171998,7.670113652111674,7.685204055091262,7.548832223273637
68.76740295964561,1,13.086703540197366,11.867058208414466,11.866216121311842,11.842927629895625,11.732256339202099
66.39074947087526,0,12.338602343087135,11.342242149241532,11.364254287214575,11.337032192121908,11.218114340415687
46.27914383114831,0,1.690946182030228,6.901168317758138,6.831025374277279,6.799649766826866,6.897899860187485
46.1495133933494,0,2.8950630587691406,6.872543137084583,6.800149574397125,6.766279938752066,6.880123965884288
70.41086900752751,1,18.555015673139344,12.22997075696615,12.209153484932733,12.196093114297282,12.150925398596614
55.025478806195736,0,8.791017453540249,8.832546650989936,8.865241619002843,8.889949515681705,8.89125449178403
64.6550484964352,0,9.305193506087507,10.958962150868878,10.993158451866371,10.969349887126384,10.915934704123732
55.33970334152548,0,8.330306822811187,8.901934167136652,8.93652620304054,8.960296790814251,8.97805591988183
62.46670856415846,0,8.458443298011844,10.475729763474257,10.519866008719276,10.505520442331646,10.565691381701566
73.31237625108861,0,12.467118850628328,12.87068578102097,12.80627671466387,12.83031440154199,12.899292411739935
67.10434560499955,0,14.678268972832267,11.499819479181166,11.515718853464435,11.488503537496534,11.357826797513297
48.898146308209895,0,10.021976288234864,7.479500230874663,7.45028291519061,7.456932969447359,7.349195104018845
73.95486206211427,0,12.132328391202796,13.01256042661412,12.937061154868182,12.973125830203655,13.050824717894704
57.89301894897433,0,7.479369101822179,9.465761010745801,9.511145485666354,9.523484935193803,9.654236860975367
64.33152872369648,0,15.032284599434265,10.887522046959953,10.923568756302142,10.900851893415258,10.863409100879831
74.55004561358184,0,9.653274468319283,13.143989718869669,13.057751655325363,13.106326641531254,13.18254201967655
65.90228848355527,1,13.6528772544741,11.234379487883338,11.26020513900885,11.233484669402872,11.128513006975172
60.9772229017069,0,3.6325009225249607,10.14681938623333,10.194262552695582,10.188331896248467,10.313172444610895
60.80744182702081,1,3.048139400622054,10.109328083879028,10.156970330890784,10.152052221655815,10.28242915000372
50.788955986347915,1,11.604144207496352,7.897031557429071,7.891977042920893,7.91319315980034,7.76857648929652
61.9502983466048,1,7.833906974656496,10.361695312691372,10.40729534505906,10.395746563163044,10.480984210092311
57.499998270430325,1,4.955524947154668,9.378973616343744,9.423232913745066,9.437680948574299,9.555463901366592
48.070785493918265,1,4.301755565962668,7.296801219797832,7.255591113357322,7.252647787825939,7.1887739515135145
46.54344243898299,0,8.60322338210446,6.959531118420534,6.893911142908349,6.867430822476974,6.93557202432641
72.36671464161603,0,12.968512244933391,12.661863417332054,12.612829578498971,12.621810005660855,12.662980280954068
45.71984658711582,1,3.3984885584924114,6.777663491789046,6.697658410594768,6.655075559960641,6.8245825202385735
67.42658314393998,0,16.307612361043702,11.570976438369104,11.583904740933557,11.557002886637484,11.42492479100449
50.84317420481009,1,9.567548005757798,7.9090041028098526,7.904575865759143,7.926071666980938,7.781569408505945
71.19629782871448,0,11.647951522730327,12.403410284707093,12.371842200513429,12.366245102368492,12.357734673970825
63.5942430803211,0,18.19156308294108,10.724713565341016,10.764483462462762,10.744692072500552,10.745676596635715
55.34546007647329,0,9.04062736229949,8.903205377669988,8.937831005705705,8.961583253353034,8.979643135871168
54.45087391467212,1,12.728388297575608,8.705661568172525,8.734565019046364,8.760642728165356,8.732106190968981
54.77423107834111,0,5.018442342268871,8.777065764511596,8.808154174087825,8.833517817877198,8.821690953462442
73.75911324773011,1,15.687377054636611,12.969334890439717,12.89726972936443,12.929510671989314,13.005592275762574
70.88199742008703,1,11.922646547826682,12.334006014109091,12.306833508919198,12.298036086840316,12.274873263385135
58.792296642455526,0,10.051518088432148,9.66434081105111,9.71156609239351,9.71878133295756,9.869291554027294
48.37141702993153,0,5.943118513163717,7.363187110184915,7.326434706689864,7.3272209653911045,7.2452883084389885
62.37031387156748,0,9.406000941358538,10.454443748104403,10.498878790561427,10.485043050368361,10.550044509077855
45.82679286349394,0,2.0722955374942758,6.801279523144558,6.723190778838709,6.682841531036798,6.837915809702757
57.008008835644574,0,8.982540943166454,9.270331798115304,9.312907674094847,9.329848537918144,9.428429114256007
54.766130358416994,1,8.496388018598168,8.775276951827237,8.806312236363445,8.831695583514861,8.819446845900105
69.47702830661501,0,8.995746036321881,12.023758703394236,12.014710006253349,11.994993964737953,11.909175088278204
62.81190832504336,0,16.75183746127657,10.551957273707053,10.594927249650604,10.578807822556715,10.621253354651571
60.69414224569487,0,7.407478204222931,10.084309106540355,10.13206395572958,10.127825096947667,10.261625530997339
60.00915509650695,0,13.08761407645664,9.933049254012628,9.98113963288665,9.981044396797511,10.130342424180476
55.605042025428354,0,9.237227263702515,8.960526638900001,8.996623512330663,9.019506861532328,9.051063910931898
70.07673526368369,1,10.976177054855873,12.156186860613829,12.139706969087014,12.12399832173119,12.063609841212738
48.13966457156204,0,10.11640109189808,7.312011197297402,7.2718324941650545,7.269768776726324,7.2015383481780555
68.86481301818884,0,13.015044757662588,11.88856843836175,11.886637484454058,11.863767532541255,11.756071749844962
55.31112364676,1,9.984235003353072,8.895623157622623,8.930047803571634,8.9539088322335,8.970174211218415
50.45926482131805,0,10.383186686915158,7.824228677752812,7.815285970518768,7.834644532982977,7.69065199490632
59.945615358506615,0,11.84896112824796,9.91901831721188,9.96710979145766,9.967400317801756,10.117638789990645
65.36781144497614,0,14.599961708346552,11.116355495563512,11.146008725355445,11.120266375865373,11.03500799462996
54.28243761481719,1,17.182770973234714,8.668467220940496,8.696180230096443,8.722569254548436,8.685473094764893
56.57655671795142,1,12.069298733729376,9.175057917762349,9.215905961207737,9.234875357896035,9.314405644441791
54.61598977467736,0,6.923141431332109,8.742122691076787,8.772158343779003,8.797890169808184,8.777848925813238
60.700787928753485,0,7.0875014725995165,10.085776615880615,10.133525307798205,10.129246537259439,10.262852367385499
50.59910772022419,1,2.407467979300409,7.855108988851597,7.847832272441762,7.8680119280302705,7.723474968254837
49.93054854334458,1,13.523342043195347,7.707476784917906,7.692012146426845,7.707810997055159,7.569733754935237
74.72335686088023,0,12.181671508548572,13.182260559043574,13.092811380377514,13.145285072724363,13.21908027700517
56.65857153010316,0,16.899080475482325,9.193168547145497,9.234363128932792,9.25295932643597,9.336246696625311
63.381271092336725,0,6.750277570633455,10.677684783073722,10.718402383746026,10.699557809425038,10.711885127964711
61.699915060109085,1,8.173985345337556,10.306405313403578,10.35259385065272,10.342453377277131,10.438985616647544
65.01656054869787,0,16.389169492828692,11.038791764865396,11.070764000282749,11.045889718209551,10.97565333166767
56.77244342284182,0,4.439007841099844,9.218313903117682,9.259975546176182,9.278043693917429,9.366446867258746
72.34683392382368,1,19.09444803121057,12.657473328488809,12.608750604768273,12.617446917701292,12.657883816014433
67.52657432936776,0,10.411451387858966,11.593056636486411,11.605036351675595,11.578273156952571,11.446307022171341
53.92116686928728,0,3.000311544304475,8.588690892645548,8.613729758815238,8.640639165038461,8.585674647773393
45.02207594840208,0,12.03930108755242,6.623580770623921,6.530718038594765,6.472479062012514,6.745831547161846
70.06621685590001,0,11.084236794501772,12.153864170601219,12.137518529400243,12.121731437614732,12.060873087640317
62.409732365184645,0,5.1813834869517645,10.46314819684985,10.507462470740633,10.493417524052333,10.556450923478309
55.16364805007534,0,9.090217320957398,8.86305738316626,8.896601878646807,8.920913249900966,8.929458272879549
71.78099615584323,0,14.91491117586513,12.532524214566292,12.49244708782642,12.493594516079934,12.51128988384864
68.1313639845595,0,14.807313632069818,11.726607162453286,11.73258029754528,11.707093110379159,11.581269727390998
64.38566584332656,0,13.187397282263596,10.899476683979394,10.935222957462587,10.912314740295935,10.872148747456142
47.702313859178815,0,11.384783741713532,7.215434780737748,7.168605391781732,7.160698321660506,7.122388992730185
49.93401364187798,0,0.3636994885833377,7.708241952985334,7.692821207015846,7.708645785536978,7.570509385328253
54.282817774010354,1,15.114081776643673,8.668551168243104,8.696266904551917,8.722655274532194,8.685578292136118
47.234154692975366,0,6.730599123381958,7.112055196867614,7.057838975042224,7.042981841903677,7.042798749574615
57.35669197279229,0,7.395431741970436,9.34732851253016,9.391129012659423,9.406321186165906,9.518825658630949
62.62691502834788,1,16.176628113492555,10.511106786497256,10.55472048054546,10.539541244540567,10.591560525228935
49.18343720363454,0,5.799371434958234,7.5424985788299415,7.517216208059838,7.526697159514548,7.40797130748715
46.9824160435905,1,1.0264594234425095,7.056465904387269,6.998163213183114,6.979262426992525,7.002279225260745
68.12846359717625,1,8.246057888805392,11.725966694718403,11.731969737726201,11.70647458565184,11.580600978823583
69.10500508583806,1,6.166409497304425,11.94160799797104,11.936940937736136,11.915199370151816,11.81547497714449
70.21522373031289,0,13.594944322101718,12.1867680840192,12.168507584312072,12.153859599737237,12.099715923517412
68.41000998802508,0,11.595245066866436,11.78813817576005,11.79118846592105,11.766552501201094,11.646391780880082
48.50673082662869,0,4.8198434599704765,7.393067298386466,7.35828405629128,7.360657180674252,7.271396264167934
64.96090240421563,0,10.30981008778824,11.02650125293925,11.058826651855895,11.034105372099695,10.966376465396678
50.2023926492911,0,11.968054370496718,7.767505793381424,7.75543855074919,7.773158839529224,7.631266104889118
69.18721290828454,0,13.820575540210571,11.959761248166494,11.954140998171775,11.932817618075338,11.836013514214654
50.927980664058914,0,11.329030171617758,7.927731187740692,7.924275110580603,7.946194020740429,7.801991242001024
48.06435346003235,0,7.860490345329136,7.295380888776746,7.254074162477869,7.251047929334634,7.18758763082901
59.18903480229646,1,15.29922932453333,9.751949105047292,9.79966186770214,9.804522498656498,9.958526383152524
56.786512361066514,1,15.735929147981206,9.221420626395062,9.263138838690397,9.281140964407998,9.37016771268097
51.06500893464613,0,11.646631496292844,7.957989968545155,7.956085492309912,7.978651389494343,7.835239547465701
71.46795440362779,0,16.756462489910227,12.463397882296753,12.42793010478261,12.425336410798165,12.429240442388032
59.17977701721393,0,7.788086766995581,9.749904787561952,9.79760843980535,9.802524465321563,9.956487708347108
57.3300456695594,0,10.836200179806502,9.34144443732934,9.38515676970793,9.400485738789921,9.511978802011532
56.184807173848895,0,15.312204421768667,9.08855121710526,9.127626816072794,9.148291702899659,9.209143538508087
56.87994829832444,0,9.152359803107018,9.242053285134983,9.284140848335538,9.301700241942289,9.394818840595493
68.5824033777963,0,17.19272637490193,11.826206333307914,11.827399218007523,11.803376712771996,11.68750081842253
62.27170549081289,0,9.126163372996087,10.432668902914065,10.477397463915436,10.46408934104724,10.533967058225283
57.39275266094762,1,5.000153387180772,9.355291485819352,9.399209876498709,9.414216128969162,9.52807463883987
59.88826991346378,0,14.77436821385742,9.906355213136715,9.954443299205598,9.955081936796272,10.106090608682505
55.55947979247966,0,12.933769809388366,8.950465520753735,8.986310315458859,9.00935201294909,9.038551193804565
74.19186741467709,1,11.049320882205803,13.064896291191193,12.985174370438845,13.026059664195296,13.104372771636582
59.27616338537512,1,17.691251134296532,9.771188964719187,9.81898216675099,9.823320584356077,9.977607341263944
55.75612161929077,0,8.274227727999504,8.993888253223233,9.030802236336159,9.053143275202494,9.092472980634486
58.83647099131039,1,8.094165477634732,9.674095454625398,9.721384847075399,9.728340109081875,9.879411677401212
67.2838170412872,0,7.654782170875329,11.539450621193089,11.553711422793537,11.5266458466312,11.394863564527107
48.601781985761754,1,10.94947188698565,7.41405663275588,7.380642803156744,7.384097056725441,7.289980253722746
68.88070628965808,1,13.707590006406225,11.892078013543518,11.889968264906896,11.86716872310188,11.759973065756991
71.59360507331934,1,14.24454657770944,12.491144244823534,12.453841203718397,12.452712688231225,12.462231451030842
74.3895777114573,0,13.647084682446078,13.108554964743892,13.02525623801062,13.070325350243946,13.147949895060494
45.202534520402175,0,5.184015543328648,6.663429893370907,6.573951367967827,6.519944045326833,6.76480499279518
53.25339848999031,1,9.407423476801984,8.441233313777264,8.460895477824343,8.488201121167679,8.402763068997348
56.70423182984734,0,17.08464137064718,9.203251320543309,9.244635150774888,9.263020974182897,9.348374112805274
74.4947951632499,1,15.167435347251876,13.131789234555171,13.046566879760082,13.093923544364964,13.170712542752838
52.64293330491238,1,11.195869116366396,8.306429509096155,8.320683696212269,8.347652432534602,8.23848747198944
50.43810397397783,0,6.9336044669384815,7.819555908852202,7.810358954984057,7.82958895880973,7.685715218193767
46.59434586894788,1,2.2145181464848407,6.970771687413357,6.906012697103795,6.8804462840092455,6.943045106172972
46.36687399848561,0,6.38316157488612,6.9205410201357,6.851909191700912,6.822186578466267,6.910193234723927
62.34597572981352,0,6.931721842057131,10.449069364458127,10.493577993291611,10.479871915441933,10.5460832805177
47.365668598992265,0,9.283768529185837,7.14109628771588,7.08898310621284,7.076152479801896,7.064607243049943
48.30748038840655,1,7.594989190593671,7.349068528574076,7.311377640393485,7.311394400437193,7.233095836460013
46.80539721529699,1,12.793934428942736,7.017376350818198,6.95615219636422,6.934276602173917,6.9747672838098
69.15944967224648,0,15.435414347553152,11.953630530248958,11.948333145964856,11.926866691414105,11.829066010802324
51.574305949219806,0,2.191118107390859,8.070453671562877,8.074108248545802,8.098692500632696,7.961439700343373
65.072441100419,1,10.03124250450064,11.051131389079552,11.08274511456807,11.057721389239601,10.985000480512639
69.00030550477092,1,17.90441495345452,11.91848808512201,11.915022648587904,11.892772215245149,11.78946666690555
67.05178274568361,0,7.702348211400298,11.488212472600107,11.504584044957882,11.47733649653677,11.347133271923791
65.01649100332955,0,13.640906020642875,11.038776407756625,11.070749086895866,11.045874993423366,10.975641719782994
62.42250812871235,1,8.060261414429686,10.46596935942118,10.510244070507376,10.496131532502242,10.558524880077776
56.69838407343086,0,6.835203497247216,9.201960010517679,9.243319750518499,9.261732619384356,9.346822255651945
68.35640364412735,1,15.809724352435522,11.77630074540514,11.779920953456651,11.75510788012697,11.63373277019587
52.15341378096763,0,7.253509767006328,8.198333100150224,8.207910773543738,8.234084618986962,8.10966065979961
55.50415405752526,0,11.594054744006046,8.938248411980073,8.973783586073502,8.997014261898725,9.023343058622409
49.2741733371278,1,11.828990053674724,7.562535062999604,7.538482650964598,7.548814505688089,7.427020628161791
72.67099182988436,0,13.158773851665714,12.729054345920398,12.675196572376018,12.688689263313922,12.740406810058424
61.79528592491405,0,8.278976728579769,10.327465245641639,10.373438955589668,10.362758473691015,10.455065610722205
47.99306652763061,0,6.660270330460534,7.279639205308633,7.237258132605406,7.23330420006355,7.174504316939636
60.96011951866092,0,12.946375184758804,10.143042592463802,10.190507462564726,10.18467848808893,10.310098070426227
54.00279620959528,0,9.535035353097063,8.60671640157891,8.632373904105144,8.659183759677209,8.608188225794521
45.896764962594446,1,4.635150254941061,6.816730863222318,6.73988811118258,6.700976854901046,6.846816864725529
46.41328835277088,0,11.245242745425909,6.930790304947369,6.8629540131138835,6.834094610021472,6.916782419926607
47.69870449738941,1,6.882750405124637,7.2146377562495765,7.167752475735202,7.15979460487798,7.121754776153005
62.798220648959834,0,8.084572993774422,10.548934741286853,10.591953826421351,10.575903104886663,10.619062057193329
64.32090079583396,0,13.660486023974292,10.885175172565207,10.921280427388036,10.898601529260242,10.861695469763895
57.22162040323372,1,10.614816876386948,9.317501813275525,9.360846139788631,9.37672648175515,9.484011193867506
47.96701224669422,0,11.720255311264085,7.273885861327177,7.2311105302412075,7.226813486219573,7.1697523364331275
56.09667929763792,1,7.883385409325719,9.06909069207927,9.107740861564366,9.128766257973439,9.185272159651399
60.1141586039188,1,13.86956502111245,9.956236280316466,10.004313675336032,10.003581006231506,10.15112868782256
69.26506953475962,0,12.629838241244862,11.976953660977289,11.970422804682176,11.949510740131641,11.855555759058406
50.62671140291329,0,3.625493622935063,7.861204473967959,7.854253690330104,7.87458961095601,7.72999420978786
54.15512504229116,1,11.871479341678686,8.640353874627294,8.667143315906435,8.693739048844865,8.650261179505948
57.22407443935932,1,7.654895533661738,9.31804371708043,9.361396537021337,9.377264494386285,9.48464607188351
64.6371582623853,0,10.249174189944814,10.955011603523161,10.989313681933208,10.965562174780086,10.913009839928636
58.75116889009088,1,8.777414588404849,9.655258921318072,9.702422298127855,9.709879024994425,9.859829268291087
59.68609160552137,1,12.98101141275066,9.861709906900051,9.909752919723742,9.911617776607162,10.064728696932697
72.14273648623843,0,8.633536634964528,12.612404237270045,12.566846590553128,12.572701026997247,12.605328476348886
51.39461733077119,0,4.674568314719572,8.0307745710722,8.032505213696801,8.056445637854337,7.916452702327462
49.36268011060268,0,11.58277910478308,7.582079256667161,7.559216567521347,7.570355750591149,7.445764384970223
58.09513705910295,0,7.070675022549088,9.510393024014201,9.556280196208357,9.56750053987365,9.70397631123812
61.012184414920846,0,11.73182396924702,10.154539638122957,10.20193729030328,10.195799022367911,10.319441503070463
68.70968284024819,0,8.224306604220077,11.854312368206681,11.854109833438857,11.830583820105993,11.718224338121066
68.76788271422822,0,15.054965390967208,11.86716414851495,11.866316727991293,11.843030243363465,11.7323732218935
61.003333203791605,0,18.588319264531865,10.152585100885743,10.199994421836701,10.19390868407523,10.317856303159338
55.464565990233275,1,4.159927528031975,8.929506517730607,8.964817771935067,8.98818142383794,9.012451958665135
46.1260188411808,0,2.2326565317522293,6.867355036110075,6.794551294035994,6.760223012950693,6.876952206904891
47.22799781583405,0,8.356635284918546,7.110695626356647,7.0563804146812235,7.041426972997874,7.041788459921557
66.35218554729974,0,7.770941675181,11.333726407888076,11.356050576237632,11.328853704566074,11.21087691475695
45.90112526406296,0,10.564219243120972,6.817693711296016,6.740928398455211,6.70210614049477,6.847376155185732
46.542080194594085,0,4.159222052786534,6.959230305645262,6.893587244056311,6.867082338750539,6.935372992315514
54.388152290728605,0,1.5108014764570168,8.6918112885005,8.720275633864153,8.74647423698921,8.714736278363306
56.47945255576287,1,4.540494347392226,9.153615236290321,9.19404200267752,9.213445323955098,9.288453710498697
56.74096263605387,0,6.171918342008299,9.21136227026932,9.252896428136665,9.271111690309597,9.358112673018073
68.63693753985315,0,9.903163897883648,11.838248645810014,11.838846153739786,11.815031803839316,11.700627090157608
47.7667902329618,0,10.12876295359985,7.22967254680606,7.183838813409573,7.176832049771364,7.133771428475677
60.02167081806203,0,5.643373531106306,9.935812993739633,9.983902555862851,9.983731333874132,10.132833468299738
70.69246767261463,0,10.706493543093742,12.292153781280664,12.267571612907176,12.256983391359128,12.224937104667397
73.80495848198694,0,13.59012073269028,12.979458501343963,12.90659339540548,12.939717194200801,13.016263954344124
51.99171437756123,0,10.955260574142176,8.162626404131078,8.170592835041276,8.196395591950505,8.067793169595443
47.81256536878704,0,8.888218368551733,7.239780678473304,7.194650626450886,7.188274808404101,7.1419131312275965
61.31678493156343,0,12.108411410994282,10.22180196455032,10.268737773054054,10.260805949167917,10.373229701999087
66.56614264399226,0,8.553430238035466,11.380972723284415,11.401542018083374,11.374237413366652,11.251412781766991
57.22507251597048,0,13.250609990214016,9.318264113800565,9.361620385912834,9.377483305085931,9.48490425746787
50.933709605227264,1,8.302551868562531,7.928996260811466,7.925605528616167,7.947552392513946,7.803375113517519
66.66660590001214,1,16.911581713955744,11.403157164712313,11.422882517692505,11.395554826129077,11.270777626508902
46.572358888596575,0,8.083758095393152,6.965916490626949,6.900786011963177,6.8748259877013,6.939808674790222
56.77862337978188,0,5.223632697236077,9.219678570143172,9.26136509272726,9.279404260367853,9.36808158225752
50.33180774870439,0,6.390121010727074,7.796083422721366,7.785600770586325,7.804167684694582,7.661037095586558
47.77402704580897,0,3.6627874322827214,7.231270590280789,7.18554828136424,7.1786417208241105,7.135055242132456
69.33909477834955,0,15.3864733444381,11.993300022280586,11.98589627279727,11.96538916905503,11.874214716501003
70.6733723352666,0,19.474766811527545,12.287937121282512,12.26361341707126,12.25285047945436,12.219910055261808
63.644190440850295,0,10.52410229806164,10.73574301369892,10.775282358999927,10.75527511909798,10.75360534976322
74.4162287272067,1,14.563769365058263,13.114440080569416,13.030655431175374,13.076299939423148,13.153744310349264
61.66274431956654,0,13.179976858261712,10.298197216741507,10.34446637227816,10.334537498535857,10.432689259423174
69.34400631761497,0,18.784389002273347,11.994384595481488,11.9869226851742,11.966442931938802,11.875455351720204
45.697770729584974,1,2.140534869798351,6.772788669015368,6.6923862191289025,6.649336900017288,6.821871310883223
56.108561426284794,0,9.339837858263024,9.071714520904338,9.110422622301847,9.131399878549217,9.188494412465712
47.037838250260286,0,7.659910901018621,7.068704316184588,7.011308162199858,6.993316337783144,7.011060310288227
53.86038184832712,0,7.482840737389813,8.575268256443938,8.599840991556201,8.626817528062086,8.568926969272228
71.80377975364436,0,6.452251816967669,12.537555321569595,12.49713788944606,12.49856951977562,12.517240724185928
70.34863902855993,0,11.638002480216066,12.216229043048454,12.196230259648825,12.182653479412444,12.134614310533584
54.492066710221,0,14.607080920158818,8.714757820835535,8.743946954258686,8.769942098401653,8.743516303481991
53.173212563649855,0,8.61489570186615,8.423526541602874,8.442505202418005,8.469806102609295,8.380995723042453
54.9134550453456,0,13.024194667097522,8.807809402173106,8.839797901413355,8.864808758012504,8.860249547983285
46.92773672820508,0,0.1546522181386045,7.044391538917319,6.985190660918183,6.9653826565994175,6.993693815189916
50.25974663808273,1,10.043725279910811,7.780170784099548,7.768808407327129,7.786909261959398,7.644422486403391
46.39905525968713,0,6.004434159347223,6.9276473327567025,6.859567376563393,6.830444097951503,6.914755575882219
53.221843471294875,0,9.367620995550991,8.434265288931778,8.453659447492882,8.480964610731633,8.394191094903883
48.846445776144144,1,12.964695341407204,7.468083644643605,7.438142236583209,7.44425368861638,7.338728219598134
50.72423924873935,0,6.474779305210069,7.882740713873316,7.87693379329206,7.897806621831551,7.753132753254583
67.31901421976332,0,10.526549599156128,11.547222913026594,11.561157594257377,11.534128674469985,11.402224543211538
48.02430999409352,1,11.381496535552255,7.286538432739743,7.244629011912361,7.241083664720996,7.180223783023524
45.29604665563871,0,4.741727759027399,6.684079378258617,6.596338345325577,6.544473224893654,6.77502351761461
47.77547618025271,0,3.058802291771352,7.231590590243581,7.1858905855573205,7.179004069666549,7.135312470461184
55.69560685325563,0,8.999491062265221,8.980525295104856,9.01711544603548,9.039676854670306,9.075902396216613
70.53203409612405,0,13.21586959566972,12.256726606991002,12.234301664293838,12.222277671081876,12.182735061833345
71.23586447768682,0,13.77896394298766,12.41214744933225,12.380017174535851,12.37484368684969,12.368160319537086
45.247231213259575,0,13.101103100733605,6.673299881702954,6.58465321610737,6.531674105847487,6.769656482681938
49.27167947561183,0,6.785854026357068,7.5619843648944265,7.537898286670699,7.548207069856394,7.4264948003468785
64.70872234463494,0,4.2373124505025705,10.970814487621345,11.00469101262774,10.980713656235645,10.924725695316987
46.66061351703028,0,9.795477482493293,6.985405005262001,6.921761969588449,6.897371447264816,6.952877877134377
74.92600217681063,0,7.096831984649652,13.22700899065927,13.13375709337192,13.190939000741112,13.260665053154977
65.45317857550326,0,9.975472036660712,11.135206388736552,11.16427248046503,11.138345401766696,11.04966541396173
67.16774110977494,0,5.545470003300121,11.513818566192672,11.529143786085667,11.501974312904022,11.370815785607402
72.56334107929777,0,7.715257732946963,12.705282751551758,12.65314501029124,12.665005932436543,12.713143585443937
67.61244847561338,0,13.441264334254525,11.612019489603371,11.623174464424881,11.59654636133111,11.46489065940426
53.736164494247966,1,15.844552934111364,8.547838400742743,8.571444063669297,8.598538930156458,8.534752927164092
51.98261658116193,0,4.129896723975458,8.160617415578056,8.168492211061672,8.194272442262008,8.065448375851329
74.62067320267438,0,13.72741536524471,13.159585805195071,13.07204373076952,13.122193367985224,13.197537401116028
68.81842636968088,0,10.54550176840164,11.878325271579879,11.876914330125949,11.853842287500182,11.744710115204331
53.9736236883476,1,13.159824489471909,8.600274483264066,8.62571186501352,8.65255852748927,8.600139527589539
55.339988266880574,0,11.63374112160514,8.901997084765464,8.936590784271504,8.960360465281125,8.978134480978484
60.99405760414395,1,7.498425721402331,10.15053684956238,10.197958292609854,10.191927626257309,10.316193690678851
70.16174700513291,1,8.618435575705178,12.174959276256924,12.157389221016901,12.142325513449777,12.085758174206457
49.23558802015271,0,8.364587829155134,7.554014597524732,7.5294404190409905,7.539413315934656,7.418899242288302
50.3739268310122,1,12.3713452269474,7.805384219365559,7.795412722163396,7.8142458439776,7.670791475884843
70.69114121290463,0,10.002529439518328,12.29186087052992,12.267296671279006,12.256696279482833,12.224587870009673
47.19859489633413,0,8.090799538562857,7.1042028311666705,7.049414221228224,7.033999066221093,7.036976945851923
68.79899812600996,0,11.403106530154345,11.874035098726244,11.8728411481675,11.849685968279772,11.739962643042057
61.22337930624662,1,12.541621976759291,10.201175999337059,10.24826588684154,10.240880932051905,10.356888478349468
47.09819873451191,0,6.60116775017302,7.082033205576495,7.025619951450922,7.0086060131280625,7.020713859286497
55.822745937500656,0,4.194323402167251,9.008600331485045,9.045865492757999,9.067959129895344,9.110690454714124
61.294139090601206,0,13.1042458789709,10.216801277211333,10.263775453296823,10.255975941914217,10.369279740676603
56.29545773910198,0,10.932469694338971,9.112985234885205,9.152581102752423,9.172782196767018,9.239021688397237
71.37102236612671,1,9.603339124032303,12.441993209647045,12.407927607147341,12.404236627791736,12.403748970361601
54.93064840798363,0,14.52644789763404,8.81160606536623,8.843704022567877,8.86866947592853,8.865009593444976
69.08609859283558,0,12.87893197328277,11.937433038854273,11.932983990126282,11.911148572159199,11.810765825213144
64.37802501255217,0,9.318781298653535,10.89778942468191,10.933578325531123,10.910696908950342,10.870914143919695
47.608623747288846,0,9.279606427710188,7.194745994788137,7.146460470583531,7.1372208758628854,7.106028742547145
68.4624298372662,0,12.348740133249256,11.799713602649645,11.802203080129042,11.77774653589227,11.658828376564626
67.26365265362222,0,7.893586499464004,11.534997891958485,11.54944482240155,11.52235933085807,11.390661081038218
69.3277389967857,0,13.790025184976226,11.990792422179297,11.983523027475398,11.962952917634944,11.871347525421013
67.92224460474642,1,14.507420115167855,11.680429118691858,11.688531402190067,11.662516290156303,11.533561162867997
57.77905613686567,0,8.89810870210797,9.440595577826896,9.485673867851418,9.498634364173158,9.625866072627996
65.10687173495594,0,5.299419240895153,11.058734411572265,11.090125279027765,11.06501157542281,10.990776783919067
67.92446532279,0,8.636717202952827,11.680919500860597,11.688999464213648,11.6629894687582,11.534062254875929
68.33591091303322,0,17.585759572713357,11.771775510899843,11.775612629479484,11.750733544858564,11.628909501368312
48.18663407778512,1,8.761834372865135,7.322383071562527,7.282904259787759,7.281431755511488,7.210305622806761
61.080443086504616,0,6.8643280053966285,10.169612616659474,10.216916958601157,10.210374315908789,10.331622699703706
66.18145757719671,1,15.397738264368549,11.296026010718936,11.319709021933418,11.29265387638739,11.179183701640225
51.39413107644589,0,11.297910447013455,8.030667195689139,8.032392576651679,8.05633115882573,7.916331634491657
57.64199097882286,0,8.223200749462451,9.410328651481164,9.455016963805294,9.468714205066842,9.591447344717142
69.51039448780315,1,12.837621771153136,12.031126671759651,12.021676452410476,12.002158964458124,11.917667790192434
64.22048496619159,0,11.45344657386315,10.863001203898552,10.899652573791219,10.87733876063599,10.845536374466741
48.225526364744354,1,6.190218424489641,7.330971322593067,7.2920699353882545,7.291081718461774,7.2176037167976315
58.5037436700508,0,2.720304275684105,9.600622126541305,9.647368008136544,9.65626502477607,9.802109300326707
56.87754489562988,0,7.256452450077843,9.241522562277517,9.28360076299726,9.301171636543275,9.394186082866865
71.4436547644208,0,9.787239905163442,12.458032000838564,12.42291684523873,12.420045386838469,12.422853041487064
62.962718788789594,0,13.618155888804184,10.585259458328965,10.62767268751509,10.61080572581321,10.645346411258146
73.24090976254793,1,9.357121847597828,12.854904447706684,12.791696778481251,12.814488494037798,12.881926260250964
60.38779422663417,1,14.39263180826478,10.016660894102765,10.064639038340973,10.062247651355497,10.204135437886102
48.55364521489968,1,7.2404529540221905,7.40342700142573,7.369321085896636,7.372231266480801,7.280543711260467
69.68610367018431,0,13.283983613786765,12.06992702742508,12.058339163412475,12.039914088603645,11.962603992691443
74.2522515839384,1,14.846887290054294,13.078230410741178,12.997421306616113,13.039568628565506,13.11779070764771
50.71838421040034,1,2.1671725866809157,7.881447795843025,7.8755725428656165,7.8964138040429,7.751739043974124
67.79756897425723,0,11.18944502934232,11.652898065731296,11.662243458837388,11.635957717611255,11.505626764825696
53.72956428812156,0,3.1832325770313634,8.546380933684395,8.569934666740615,8.597035104872297,8.532939169427877
63.9615015391706,0,7.484075648455209,10.805812109147267,10.843813203077497,10.822492732553481,10.804086582156426
46.45578111075138,0,-0.0713576162284397,6.940173617193806,6.873063261017132,6.844987295647215,6.922866358151625
51.126159363881584,1,5.327971471695257,7.971493294730366,7.970273586769109,7.993113745333211,7.850175773449919
51.905572880099605,0,9.938239633016432,8.143604514132106,8.150699114793566,8.176281482368994,8.04563862068191
46.27943813487102,0,7.379269373529955,6.901233306331644,6.8310954483547475,6.799725433053258,6.897940746316976
48.87303909783763,0,7.710162564392128,7.473956020384302,7.444387486939406,7.450776970767009,7.344104940333354
61.10565551041713,0,9.275426298255226,10.175180060555896,10.222448448981945,10.215756780205815,10.33610280214284
70.16586777099313,0,8.519982112976772,12.175869229731319,12.158246099194798,12.143214150011138,12.086833047998335
57.18587383657698,0,13.68975967591544,9.309608204749757,9.352827950112218,9.36888818476813,9.474753617450972
67.90676757487675,0,10.73025691127494,11.677011458581841,11.685269126736362,11.6592186444946,11.530072248605071
60.445781322647754,0,13.526131822472848,10.029465688472886,10.07741065906062,10.074668587775692,10.215162253472418
54.12159593241073,0,6.7917128952502495,8.632949928112513,8.659492733162356,8.686138729890537,8.640994494566572
71.99665637457757,1,10.167590177320266,12.580146615834005,12.53682203533012,12.540725373532833,12.56747551196906
56.58031160271392,1,2.7888637895793544,9.17588707684381,9.216751171388026,9.235703614673557,9.315407183393319
72.46867533224177,1,15.843605011998983,12.684378524434369,12.633741250247567,12.644199318062805,12.689048984529967
62.41746120851592,0,9.659632413518333,10.464854891207379,10.509145255757531,10.495059406349943,10.557705725371086
52.68452145505783,1,10.153488442112904,8.315613064532721,8.33025060913111,8.357264794393398,8.249562813912222
68.64336507741196,0,9.870700849583992,11.839667983945647,11.840195071837169,11.816405706049254,11.702177927935338
62.29614568744984,1,9.2309569091989,10.438065822467134,10.48272277903903,10.469283325924094,10.537958940666478
61.12929699174848,1,7.209262344326216,10.180400606640529,10.227634552538188,10.220803313991766,10.340294493357401
45.254938417238286,1,5.477397176166196,6.675001797627367,6.586498317469346,6.533695710907794,6.770499107744346
47.87834872124791,0,3.1254758089797354,7.254307053462685,7.210183627079147,7.204702631134751,7.153701339141526
70.21901673536765,0,13.581794109423646,12.187605660878708,12.16929605207646,12.154677849321416,12.10070662213728
52.69972584574765,0,9.685676846943053,8.318970520064905,8.333747672792175,8.360777631587318,8.253616568097396
59.87734106387519,0,2.818368962843702,9.903941888771394,9.952028858024507,9.952733829233532,10.103880721287664
48.415553995798014,0,10.899733877410153,7.372933498793666,7.336825941685664,7.3381360098594115,7.253759037750905
46.67484912961388,1,11.339704464681589,6.988548533812267,6.925144503899652,6.901004547135015,6.955005455147559
54.22223269903915,0,2.908176259658127,8.655172684403823,8.682451497865882,8.708941382612126,8.66881703219611
71.04513663847567,0,12.868008181921605,12.370030652154066,12.340592169112888,12.333419592267571,12.317886501429427
53.01931340909131,0,15.205261779614084,8.389542307810656,8.407186390039815,8.434445314348572,8.339366127661613
61.280405595280456,1,13.982903467825622,10.213768626920931,10.260765755459248,10.25304657120343,10.36688061976259
73.13433411473262,0,14.589706736431785,12.83137025908621,12.769942214151467,12.79090931663774,12.855859604519713
47.55217269718919,1,8.498994995024708,7.182280392297299,7.13311215252357,7.123055695246192,7.096274581159894
51.996550926010926,0,7.840659788324972,8.163694417751643,8.171709521114641,8.19752418118753,8.069040176757632
55.15057268198005,0,14.226920405461634,8.860170061481199,8.893635196333701,8.917985156234225,8.925845064315189
70.49418247622785,1,11.39836261231402,12.248368157565748,12.226447437533736,12.214095277361322,12.172791176121084
66.9100057617592,0,12.82455406760014,11.4569050740516,11.474532902967251,11.447224213889044,11.318625188354764
48.244687606490174,0,8.15349030309696,7.335202535695615,7.296584928589842,7.2958335619362735,7.221212082310951
64.57085539917702,1,15.152314292695118,10.940370509419513,10.97506108427226,10.951524478642051,10.902192231360985
50.33041843997306,0,7.601897177331008,7.795776633558874,7.785277082683369,7.80383513812466,7.660715887255769
46.03382182972639,1,-0.1221719036653676,6.8469959587571285,6.772575861736996,6.736428022487586,6.86465487654116
64.8059071332792,0,18.325023927941785,10.99227497314388,11.02556323778939,11.001289494701302,10.940706585225616
52.2818712059867,0,11.20123575997189,8.22669925444598,8.237533400160151,8.263963037105617,8.143175422440166
73.87711054848094,0,8.31743881568651,12.995391224972998,12.921261775916049,12.955790707529179,13.03296343997517
66.47681709679897,1,15.262491917269903,11.361247726820709,11.382556697549466,11.355287472680978,11.234374994593514
47.8812728877826,1,10.63336473197986,7.254952772144164,7.210873964898064,7.20543242011048,7.1542277364771385
58.26440546440024,0,14.786123757971374,9.547771117972935,9.594039595233898,9.6043067041161,9.745035566737315
45.922680906652765,0,7.82067116859205,6.822453659454371,6.746070823333403,6.707687489754907,6.850149016835122
57.64341672205037,0,3.355823538019701,9.41064348616177,9.455335977107579,9.469025614264536,9.591806989268704
51.71530277116873,1,4.838639794950551,8.101588793616123,8.106724482492906,8.13176310667088,7.997080473255801
46.03885657377247,0,9.165621791549501,6.8481077382158055,6.773776185045359,6.737728523832049,6.865320256390776
65.69591864390632,0,6.549853191858931,11.188808601555797,11.216154890612826,11.18976101858048,11.091900868902032
72.82324554226675,1,15.653048164853724,12.762675230792562,12.706359779521243,12.722227251502707,12.778699530606094
46.21806565679351,1,4.13249100176917,6.887680947000129,6.816480219337321,6.783937185897445,6.889466336441503
72.68820000798534,0,8.157380915999438,12.73285428068547,12.67872020014563,12.69247735314204,12.744750806902191
64.92510604282865,0,8.90656091628565,11.018596648669165,11.051147116657777,11.02652640892433,10.960426973800223
74.0858574684009,0,11.929348199546917,13.041487021602386,12.963662614017741,13.002365636873288,13.080592231686536
68.00185102360773,1,9.75426115498674,11.698007923186944,11.705306203567137,11.679481036070555,11.551599273945321
52.31935609320755,0,10.093178034644415,8.2349767214317,8.246173588350144,8.272671447711287,8.152996217667527
66.94742981810548,0,12.092436724898084,11.465169108275656,11.482467796040941,11.455171616358315,11.326103461954359
69.8139179430039,0,7.610781000228138,12.098151159922384,12.084983838044849,12.067403422044746,11.995498839992917
70.37738264827668,0,5.787727187210617,12.222576250707199,12.202200020470054,12.188860434590207,12.142145882900353
62.53699370892604,0,16.406862126862343,10.491250230748772,10.535161214721303,10.520447758215804,10.577060255900827
54.74232613262123,1,11.403303914611437,8.770020468274701,8.800899163668655,8.826339879958908,8.812852211952075
64.5447062761774,0,7.33416483056068,10.934596222276546,10.969438489519499,10.945988116986667,10.897935199695652
57.16668968008619,0,2.592096310777345,9.3053719315801,9.34852415248099,9.364680536554328,9.469777938996236
57.201880845189166,0,9.812836986304552,9.313142895531854,9.35641862676782,9.372398424597971,9.478901311338428
61.7031400207236,0,14.969997886259462,10.307117453868603,10.353298914365293,10.343140111840668,10.439531107718494
48.24928489907269,0,12.386081136024732,7.336217716489711,7.297668126832135,7.296973415754463,7.222079077545246
60.41656905994084,0,15.72355169904092,10.023014994391563,10.070977207640636,10.068411754052729,10.209615971897533
71.3788334351075,0,6.314460477016185,12.443718061191367,12.409539906813343,12.40593629142347,12.40580426714976
68.21989168791954,1,5.681520851377544,11.746155977888339,11.751211131904688,11.725975861534982,11.601773980975404
61.94076642487774,0,16.32736129965354,10.359590459955887,10.405214345779875,10.393718605749562,10.479397822790277
51.25714364070126,0,7.494782433154896,8.000417432093649,8.000648609067685,8.024046566803307,7.8823710721901605
50.02950310225098,0,4.738590283735567,7.729328073668174,7.715110930106503,7.731631873637962,7.59197286687173
53.30700812506724,0,12.371524215283182,8.453071470895125,8.473186073780864,8.500488434948796,8.417343565367597
53.833909041632346,0,15.397792752483545,8.569422492999479,8.59379076247417,8.620794650079826,8.561637989102865
72.75914286047629,0,6.829725251907717,12.748519983930263,12.69324284510394,12.708100868578097,12.76261685267424
47.58510575377468,0,10.494542358918512,7.1895527174618135,7.140899935356122,7.13132130996365,7.1019555928957105
73.67998164124027,1,11.727293581823409,12.951860934698903,12.881170282162346,12.911905487080691,12.987063647345728
74.82774361291035,0,15.308462755445364,13.205311392532412,13.113909831484547,13.168788550978423,13.240658434684875
53.189065488350074,0,4.241329917488424,8.427027207352781,8.446141642089714,8.473444402926468,8.385295141460118
70.9302441094766,0,10.898284960335529,12.344659917807387,12.316820773536906,12.308495788304297,12.287592812059781
58.71361365185956,1,8.219248322596332,9.64696591932052,9.69407090320241,9.701747650313255,9.851155451854375
48.97936109606464,0,5.3453927127512095,7.497434197736003,7.469347521266355,7.476827698998411,7.365752433297445
47.03503260248268,1,8.493680319121292,7.068084768986385,7.010642816418557,6.9926052327786214,7.01061387823529
45.04501433120086,0,11.400600179539966,6.628646057474164,6.5362157787456425,6.478521872059888,6.748188404882905
56.473858961432725,0,9.798274062160504,9.152380050704021,9.19278218713288,9.21221023737968,9.286955816213824
65.37418446939442,0,9.067525018042785,11.11776279602865,11.147372511281679,11.121616008497234,11.036098895667106
69.48412952379377,1,19.508653997140406,12.025326804437444,12.016192770372646,11.996518750375422,11.91098143152992
49.27391124436001,0,6.570726582791304,7.5624771872957295,7.538421237476634,7.5487506683290615,7.426965360214329
46.6949580839654,0,3.725356999938441,6.992989022182456,6.929922171198957,6.90613493271918,6.958020025808095
60.82714558381269,1,11.940761996641076,10.113679095938327,10.161300105878823,10.15626414182248,10.286023114313972
70.69164558018966,0,5.1756653604991465,12.291972245642935,12.267401214152603,12.25680544932775,12.224720660960994
59.965005349796165,0,5.01249010557825,9.923300043119363,9.971391723587121,9.971564531988072,10.121525645115362
59.33089266310319,0,7.837917426950285,9.783274362945871,9.831113190686962,9.835122827549146,9.989494043215501
67.33223446942311,0,17.84892982745421,11.550142227668179,11.563954012201664,11.536939484807926,11.404997790868958
47.08637291408567,1,6.3891754930263165,7.079421810814107,7.022816349420304,7.005611812105734,7.018815165329986
68.51826523916742,0,3.6651196677122257,11.812043256815299,11.813931564117071,11.789672951948463,11.6721368358872
63.78646350505123,1,5.656774343657585,10.767159957411241,10.806025318584416,10.785416647677357,10.776210590311523
55.065490313710285,0,5.170195825199476,8.841382049921489,8.874325506564924,8.898921146393551,8.902322475362741
55.014952654804794,0,7.604370046749165,8.830222251022775,8.862851511252913,8.887588588593252,8.88834216932825
55.10024680929962,0,10.0447542793501,8.849057029522868,8.882214698203734,8.906711116707548,8.911933788715237
58.938458056127246,0,17.50408324632666,9.696616385714721,9.744044382509372,9.750397157117227,9.902603364434999
45.076089642799246,0,3.4349444535671503,6.635508152704999,6.5436626716231805,6.486703843757962,6.751406891486061
65.89972590332768,1,14.9633907353421,11.233813615212917,11.259658478477832,11.23294165811802,11.128054141314681
60.07023540657007,0,9.960238087125864,9.946537096380837,9.994621616430587,9.994155562363895,10.14246479458015
54.346273674143546,0,5.088509395270042,8.682563591844831,8.710731985034949,8.737008038432469,8.703141517799109
45.2811833470188,0,8.238237597346915,6.6807972409621925,6.592780779929731,6.540577462264434,6.773381809292307
45.59518914442993,1,5.154985360164825,6.750136455085504,6.6678794479047125,6.622638142484361,6.809458387215903
64.22075782313391,1,13.168148322481786,10.863061456563008,10.899711359765352,10.8773965390693,10.845580208606314
71.84090759321633,0,5.773302697213589,12.545753944777324,12.504780551252656,12.506678815099033,12.526930969534492
49.994814724569245,0,12.010608774318309,7.721668135961627,7.707015092352019,7.723285881322357,7.584156023683569
60.70856788691231,0,14.218935840014115,10.087494597488257,10.135236010361675,10.130910526538628,10.264287543442212
64.74009643620951,0,19.278916418035077,10.977742559878449,11.011430480852274,10.98735613355817,10.929875659330033
61.84385141666333,1,9.062190423965935,10.338189547737878,10.384049448198223,10.373095640833466,10.463214015191364
58.78538843724625,0,6.016181826152007,9.662815331190027,9.710030363715402,9.7172862050133,9.867704871716736
63.734834278559305,1,5.45586330600732,10.755759116980078,10.794872013800422,10.774479271329467,10.768003156474176
55.070735860157335,0,5.145349541359804,8.842540379071092,8.875516262923817,8.90009702942935,8.90377322821104
52.21317161153827,0,9.553069633419064,8.211528910685075,8.221693681461026,8.247990776180156,8.125224171130105
62.29721099710508,0,12.638444431527956,10.438301065685259,10.482954883977907,10.469509714685985,10.538132832319636
55.358777226197134,1,8.313036680742654,8.906146089923796,8.940849266817951,8.964558930619706,8.983314373863692
73.93227970219112,0,15.604890626873848,13.007573757249954,12.932473127097989,12.968089444820661,13.04565159577111
50.300669436200046,0,5.44744998210963,7.789207415539401,7.778345430291005,7.7967126024515885,7.653846253349808
53.437073186987526,0,9.223339371577566,8.481792625895473,8.50298983053767,8.5302630151974,8.452804104828669
52.5771440290962,0,14.010908707654568,8.291901826102892,8.305545110826275,8.332435020721043,8.221006146412352
73.00785390722572,0,16.648453425104098,12.803440716819832,12.744106056274648,12.762959358050395,12.824673946154636
59.4413563090476,1,12.630198064290903,9.807667104933856,9.855586500951606,9.858930966756475,10.013249103992052
69.59272579757294,0,6.011227283161732,12.049307190604356,12.038860198012557,12.019844741302721,11.938679989788696
61.9610849683672,1,15.508819098611168,10.364077230102508,10.40965013077497,10.398041382139052,10.482778290344639
58.670056265419,0,8.233471944669363,9.637347514278463,9.684382542115888,9.692313868909322,9.84105575908137
72.33519829770499,0,19.349225948363248,12.654903932708367,12.606363064401213,12.614893696981254,12.654899022570326
57.625280801578555,0,10.008042626604158,9.406638685985193,9.45127783215746,9.465064100748048,9.58722969212291
61.49839991559965,0,8.031100183979067,10.261906447874878,10.308511134595998,10.299524984486336,10.40464354039452
61.9772213301427,1,12.320878742169718,10.367640484837123,10.41317252327099,10.401474180639303,10.485459951042161
49.731641193151646,0,8.372437326787715,7.663553776300105,7.6455441569991915,7.659811804407315,7.525594238841087
67.41942729930562,0,9.1917750125264,11.569396274412178,11.582391978313602,11.55548096330865,11.42340504966496
57.0119251497044,0,13.663531888345084,9.27119660424757,9.313787087352003,9.330708826814153,9.429453663920563
65.22474304284441,0,9.269861556534654,11.08476292417954,11.115379515606735,11.089970070803417,11.010654521058198
46.03660795183054,0,8.080625921839314,6.847611194267893,6.773240099518641,6.737147708354761,6.865022995687061
59.681585631815935,0,11.5973302506176,9.860714891272407,9.908756311543033,9.910648467079088,10.063795088008405
46.480709583553214,0,3.517849925294588,6.945678358595476,6.878992813075594,6.85137341923949,6.926458341187166
72.97151873343232,0,14.964302331727128,12.795417131215231,12.736680122027094,12.754936454385634,12.815666763603875
66.31400837951026,0,11.598769123061953,11.325296070506404,11.347927290145288,11.320757870751665,11.203741039809747
54.96493121720016,0,8.952421754987618,8.819176444857984,8.85149154222083,8.876365273657575,8.87449947712851
56.877629956811134,1,14.599506252261587,9.241541345610528,9.283619877811516,9.301190345141668,9.394208478631372
45.67585630111751,1,6.700149627690445,6.767949493240833,6.68715197175849,6.643637758349966,6.819193877969941
47.24695671372975,0,7.3883340310134,7.114882157597696,7.060871612547129,7.046214321472421,7.0449025197662065
58.504190896348526,0,8.267248043787356,9.600720883698896,9.64746758966309,9.656362023694134,9.802214830653384
45.09315937153866,1,2.2510238983103195,6.639277514881899,6.5477527454071,6.491196063246526,6.7531873143837755
61.667386242624495,0,8.435396983850334,10.299222252901707,10.34548143607164,10.335526103709087,10.43347647202028
61.72520844306007,0,9.414645182427009,10.311990634791911,10.358123316615549,10.347839215103045,10.443260580085482
74.48447082787537,1,13.467590932727498,13.129509399892505,13.044476417332099,13.091606730645086,13.168492530740057
52.076747695269326,0,11.920327344570218,8.18140358427485,8.190221439761002,8.216226224291844,8.089764976712067
50.484940413634654,1,8.196579873714425,7.829898399165799,7.821263423773545,7.840776445280958,7.696652677882483
69.23139951603927,1,6.318564194176038,11.969518598768774,11.963382484259029,11.942290711008809,11.847093895691712
72.99045535890241,1,13.837243189996256,12.799598744227058,12.740550468009443,12.759117349477041,12.820363613072328
53.16664058279684,1,11.367159871586024,8.4220753072902,8.44099758868527,8.468297583594294,8.379213952478377
71.05637331003277,0,14.573418864141267,12.372511950211473,12.34291615448442,12.335858365409631,12.32084923869119
60.39720117788838,1,9.763336280842493,10.018738150677773,10.066711201852208,10.064262899894269,10.205929011178084
67.45488630435854,0,15.969104344225864,11.57722638316888,11.589887462899364,11.563022836284684,11.430949375617278
67.57852858969201,0,19.494665561184977,11.604529251358311,11.616011107410912,11.589327864346895,11.457525982154072
48.26355630851003,0,7.197319235752014,7.339369149752969,7.301030537147853,7.300511280977354,7.224773580353813
61.67688052740273,0,10.865077614453872,10.301318794591745,10.347557496199629,10.33754807703951,10.435085766795329
64.91593284796667,0,11.527974010845345,11.016571010518616,11.049178894381308,11.024584230761945,10.958904435659177
52.295953158743366,1,8.970723448614681,8.229808851611127,8.240779468922517,8.267235073019904,8.146862676870448
67.97054996600932,1,7.886885082074899,11.691095978398037,11.698711345553601,11.672809886546005,11.544488320352562
71.78924297812442,0,18.0561766478798,12.534345289784353,12.494145060733562,12.495395171211424,12.513444246381999
51.57333207562142,0,10.653230893714596,8.070238619387013,8.07388287894667,8.098463838349709,7.9611945593800355
58.99978315453135,1,4.3874896839329205,9.710158282598261,9.757663299346042,9.763652367442601,9.916430421275567
66.78915420475637,0,12.595633562400456,11.430218458526527,11.448897089149376,11.421565558198557,11.294699699405577
58.768660216984046,0,16.691979619146416,9.659121381408763,9.706311346782567,9.713665438816774,9.86385821045005
64.1770070741361,0,8.910149946893641,10.853400352921527,10.890284228931428,10.868132027833619,10.838556577501919
62.41227635233986,0,15.882229825510375,10.463709963771151,10.508016376111607,10.493957961840861,10.556863994664049
65.65717282830593,0,13.385844561284529,11.18025269454246,11.20787848626126,11.181553217844925,11.085101397301013
69.50748544632054,0,12.673004777695656,12.030484293014037,12.021069136450379,12.00153422533965,11.916926816571436
68.89499787808114,1,15.03064188134144,11.895233902759575,11.892963105502524,11.87022738881344,11.763484888162964
59.13482527178734,0,7.436963753655641,9.739978478152864,9.78763635571183,9.792821084093053,9.946558415085054
68.27719508405886,1,12.061999903297624,11.75880979666384,11.763265471525388,11.738202412412003,11.615139812773371
54.49858758051699,1,8.894488541024261,8.716197768841118,8.745431929724056,8.771413775049911,8.745322675458436
66.69140630806828,0,11.144823533387871,11.408633626671703,11.428148682370498,11.400818042869416,11.275591821562493
46.99308100632288,1,5.356839171140047,7.058820956875519,7.000693013105284,6.981967965936673,7.003962810269012
52.14637002072154,0,10.753472218934624,8.196777686829948,8.20628586094641,8.232444688124806,8.10782935962996
55.7992865457794,0,11.276796092587311,9.003419994691349,9.040562140360692,9.062743458431344,9.104279030175087
67.67329610756556,0,11.435661979705486,11.625455951654756,11.636020905600038,11.609497576065714,11.478180027980454
63.03097222788405,0,4.790145426211853,10.600331281419628,10.642483099391232,10.625283677310332,10.656223849931
61.95305658960671,0,7.9327698319299325,10.362304391898478,10.40789750041167,10.396333378661785,10.48144308707848
56.12367304041855,1,8.540078148526051,9.075051489383291,9.113833010665017,9.134748831313651,9.192590802316461
65.94779419375433,0,17.213435138235788,11.24442812459432,11.269911229929457,11.243127683787867,11.136679812075915
70.12655847367361,0,15.349831734488582,12.167188893870174,12.150071192154208,12.134738161701335,12.076584212477417
53.05266277846899,1,13.11483380361987,8.39690656376778,8.41484238242413,8.442114106993587,8.348369846611897
73.10792907229337,0,15.880618661936944,12.825539459442618,12.764550114929712,12.785071314271665,12.849371034142713
64.70759067784587,0,9.177243757276061,10.970564591325001,11.004447896073495,10.980474061307048,10.924540094199541
49.485029848479535,1,6.3750230309075215,7.609096702658665,7.587862371074571,7.600081068716593,7.471936468214014
62.26155102481215,0,13.290176432487485,10.43042657905209,10.475184668624646,10.461931217904228,10.532307088945439
46.38166601754248,1,6.094089444784617,6.923807415167756,6.855429415535314,6.825982751283711,6.912286786971581
67.81240576984506,0,9.481544083472569,11.656174348381649,11.665372836409894,11.639117596447148,11.508930415177785
63.927587194239166,0,14.370690666633948,10.798323094471613,10.83649466555556,10.815309624136011,10.798678362166605
48.535085890723515,1,8.318514713554144,7.399328704631069,7.3649551710822365,7.367653696295811,7.276919131450364
55.1876121247093,0,0.6439941719925848,8.86834916477033,8.902038549207434,8.926278625399078,8.936079146799507
66.08382242963071,0,7.330297145843514,11.274466076288247,11.298909633635953,11.271957221924213,11.161305088481663
49.761643428923456,0,-0.2021753203185481,7.6701789133756355,7.652556366305232,7.667061853161885,7.532203338484614
63.56003608269761,0,13.534257909281402,10.717159926674832,10.757085902246533,10.73744372197265,10.740247919823089
47.07723471017694,0,7.048250535699207,7.077403899416438,7.020649792134657,7.003297643100286,7.017350438947998
52.48252447881045,1,5.995931956378401,8.271007800223092,8.283762889244011,8.31052440447909,8.195950776300178
73.9902457555714,0,13.587482514146489,13.020373904955365,12.944248717433773,12.981019728934216,13.058906070977915
57.295084060702955,0,16.361151425711345,9.3337241643198,9.377319455213616,9.392827142649551,9.502979362776829
64.17906215582562,0,13.863187513254775,10.853854159031114,10.890727098855765,10.868567211189154,10.83888627942936
71.70102503849984,0,13.434499434813173,12.514864876825168,12.475977044081606,12.476139799516725,12.490377328204797
56.618011033781166,0,11.427822844054653,9.184211919711844,9.225236182245784,9.244017702651703,9.325454340706742
53.29332550245754,0,7.380214971384781,8.45005005439032,8.470049527619155,8.497353215082144,8.413620190030285
62.922598661082006,0,12.97231674961076,10.57640007372936,10.61896421816894,10.602294404953518,10.638945362250606
56.793926159535765,0,13.635298820001625,9.223057752090718,9.264805673678044,9.28277294012296,9.372127517235912
49.08083009635417,1,7.044413143686547,7.519840729067468,7.4931549592451265,7.501645088486868,7.386635150006966
71.39520154969674,1,14.306271778610164,12.447332491917345,12.412918234922532,12.409498291458062,12.410110549022775
46.50169896820228,1,11.278732506498711,6.950313264856752,6.883984794770548,6.856748091007458,6.9294957910629975
71.71685582298143,0,9.2985385901668,12.518360653539993,12.479238033671063,12.479594123035124,12.494520061983739
54.533300356046965,1,7.5983185685366275,8.723863094115785,8.753336047544952,8.779246052045247,8.754939120627526
73.25657163323076,1,8.641001663201124,12.858362924632276,12.794892521215074,12.81795574510532,12.885739980457556
57.68166019025118,1,7.212820004069961,9.419088464096118,9.463892082593693,9.47737727771419,9.601441328954252
65.5303904725176,1,4.329754154437311,11.152256431455779,11.180783549628211,11.154698514229468,11.063008067468425
58.44205085812301,1,6.577625313610676,9.586999030625883,9.633628773912777,9.642881276855219,9.787511306653526
51.89033045999558,0,7.36353915364043,8.1402386608897,8.147178018733106,8.172719728015409,8.041729426267182
51.12679850130396,0,9.605673412643217,7.971634429979937,7.970421854205895,7.993264832533303,7.850332204045401
60.23709386509205,0,7.6023835247175535,9.983383022408734,10.0314275243286,10.02994903045934,10.175145728110888
49.216106423532025,0,3.973040041601047,7.5497126431955985,7.524874312364718,7.53466435148273,7.414810409511576
71.36391031620167,0,14.915499054724553,12.440422716501141,12.406459526509241,12.402689162356289,12.401877447942255
66.46221438187717,0,6.464427008286991,11.358023134201426,11.379452067100699,11.35218994185902,11.231605479089604
60.62704527655509,1,9.25457449894384,10.069492656816921,10.117306547874417,10.113471098347812,10.249192027050906
50.5483353350206,1,8.946221902545886,7.843897357352407,7.836018629375026,7.85590587421961,7.711518456970449
69.53854055400984,0,4.8062229769506395,12.037341926788459,12.027551909989482,12.008204106907218,11.924842189904084
54.44417712436365,0,8.151319372490445,8.704182773255468,8.733039577696362,8.759130473068897,8.73025138484256
73.53325889749624,0,19.54227740886648,12.919461406317243,12.851298391810614,12.87930204835161,12.952356460488565
55.51419636904821,1,7.734860102417133,8.940465969728125,8.976057630941376,8.999254275719332,9.026104633858202
64.93996669754938,0,5.899817834201332,11.021878199927738,11.054335428207734,11.029672763496924,10.962895292627323
49.55452570459782,0,7.995898074193847,7.624442878072616,7.604125051951101,7.616938218295921,7.486935953353651
70.12304591708343,0,4.966374993682328,12.166413246046043,12.149340612911637,12.13398088208334,12.075668930271831
62.97590900814331,0,15.11490786924259,10.588172141634947,10.63053531073458,10.613603810083667,10.647449668544983
50.5614852007374,0,2.523144350425227,7.846801129709947,7.839078632926327,7.859042232570105,7.714610842408733
73.34764468068002,0,19.34645898660197,12.87847380662876,12.813469478839359,12.838128721992046,12.90782792366527
65.98863188642363,0,15.603043870512208,11.253445962926111,11.278619434894948,11.251782078809729,11.144038834794538
66.69925091139598,0,15.829232795383792,11.41036588331899,11.429814258316537,11.402482914667885,11.277117420322783
70.35907130758159,0,12.156151901991624,12.218532713983324,12.198397059722678,12.184906103490164,12.137347345675101
67.09948849909308,0,13.310331113777544,11.498746926033279,11.51469008038807,11.487471567042924,11.356835784646377
51.148595441073056,1,8.880999249260588,7.976447661730251,7.97547801104323,7.998416576140214,7.855670995534846
69.32468898555057,0,18.099398229170717,11.990118914289141,11.982885577743405,11.962298599965127,11.870577730846007
68.73226940705537,0,16.121227980649426,11.85929996654106,11.85884766838292,11.835413675844682,11.7237080166098
57.972567865197725,0,4.692106896227643,9.483327117425258,9.528915598097855,9.540817204184382,9.673902989711149
74.1009807089123,0,8.049913073290467,13.044826557434858,12.966732320912865,13.005744075363886,13.084001918970431
51.69288755383364,0,11.771397328796482,8.09663903291988,8.101540937623929,8.126510279610718,7.991394703942903
56.47854449629566,0,8.901777813471789,9.153414717286047,9.193837487952525,9.213244825705459,9.288210565103887
56.220676014876375,0,10.655558480239176,9.096471826434339,9.13571777096611,9.156233658032411,9.218840703455736
55.59441438016405,1,7.508902172878603,8.958179826909,8.994218135978024,9.017138638969929,9.048146216819072
46.600152522766635,0,6.040848652704182,6.972053921103939,6.907392937154279,6.881930186496682,6.943901997229761
50.02739757692318,0,4.944433568617911,7.728863128521461,7.7146195698850075,7.731125420689994,7.591497755593825
71.17574923077125,0,7.838776836288479,12.398872713603415,12.367595818334992,12.361780566630234,12.352319225271378
55.231128837968974,1,8.75739104501455,8.877958588301782,8.911909224679352,8.936017956073938,8.94809761144289
50.38592005429092,0,2.4507285266923486,7.8080325802678345,7.798206222438226,7.817114312700948,7.6735748020273995
55.95031912938072,0,8.682710733730572,9.036771228140767,9.074693188638056,9.096299387131621,9.145491487484268
64.8285597401295,0,9.556385586961287,10.997277154536052,11.030426588833055,11.006085492727632,10.944443821536197
50.03384194453639,0,6.000104108748412,7.730286183094039,7.71612345525069,7.732675463131255,7.59295218690505
56.09654426248352,0,11.924668577638704,9.069060873421263,9.107710383511169,9.128736326169617,9.185235533643608
52.63048703511603,0,9.14356426748986,8.303681105806914,8.317820139221634,8.344774615719766,8.235176587108885
67.08838543222697,0,8.177346620085542,11.496295130756879,11.512338251973889,11.48511259731592,11.354572588484002
51.48564297856732,0,3.2135965439331486,8.050874986208758,8.053585340164052,8.077861064738476,7.939180421728002
66.30540332546053,1,14.358828961156249,11.323395890031344,11.34609606422596,11.318933172007206,11.20213656958416
71.22123848365547,1,18.400970499280177,12.408917716186341,12.37699548804647,12.37166486526953,12.364306743062125
65.91376846730543,0,6.480929827584262,11.23691451449096,11.262653996266911,11.235917305529794,11.130570005794315
48.533517200913515,1,8.210375848373168,7.398982304279466,7.364586130916858,7.367266718182802,7.276613121818334
70.88200951331388,0,6.317446713005045,12.334008684552925,12.306836012635546,12.298038708127368,12.274876451342164
74.18052499002977,0,5.5744875815305885,13.06239164058352,12.982873420226607,13.023523198374757,13.101841937464046
59.71446957830938,1,11.541356753527786,9.8679763718754,9.916028825190782,9.917721721577276,10.07059645252687
46.65963808387886,0,10.799189410580691,6.98518960870338,6.9215301868365655,6.89712246924404,6.952732291888083
54.11667355892379,1,5.852813353153273,8.631862962483153,8.65836943962637,8.685022667603636,8.639634327777149
62.15547208957607,1,13.551791813579026,10.407002075221428,10.452060851214453,10.43938220525142,10.51491459165723
74.69864526115711,0,14.040162669306495,13.176803707868665,13.087814704800921,13.139725324882063,13.213924194233991
60.13296229245301,0,3.541972959397498,9.960388538001931,10.008462138074737,10.007615347352,10.154824250353656
51.12700506480856,1,5.425815026055428,7.971680043631638,7.97046977280649,7.993313662249728,7.85038276242234
65.74953364576136,0,10.630009758319138,11.200647943773356,11.227604341085977,11.201119302870726,11.101347672776884
56.13460714589733,0,16.64915184544612,9.077465974361884,9.11630043926787,9.137171660788713,9.195553609389874
48.757403749119135,0,8.083147121277593,7.448421255513328,7.41722485607423,7.422390051294357,7.320836329411685
73.41847386189077,0,10.3081986680676,12.894114408817135,12.827909879751507,12.853830770481753,12.924898810178831
72.03410247625919,0,16.191429978863198,12.58841551814088,12.544521082923593,12.548918025668687,12.577195882495557
58.72981072895048,0,10.12176400166862,9.650542581298861,9.697672967692139,9.705254881266285,9.85490025153726
61.33216701866424,0,15.508762825324464,10.225198659260863,10.27210803743793,10.264086443661148,10.375908421697579
46.17961482154769,1,9.272168228259181,6.879190177975124,6.807321122155971,6.774036130667779,6.884210132299233
65.60960693300649,0,3.3926748098464543,11.169749124779331,11.1977154529487,11.171477500908082,11.076784907534297
45.74753066165484,1,1.627087312987991,6.783776729149928,6.704269095638308,6.6622685961063395,6.828002389675529
50.529382530039754,0,1.4462383361586597,7.839712171557624,7.831607884561346,7.8513843136125665,7.70706673950638
74.0315653761091,1,18.247077705608,13.02949816329575,12.952640056078337,12.990241809474071,13.068305214734028
70.29968394695253,1,12.326007664809808,12.205418711156538,12.186060379847016,12.172084863388374,12.121796910090458
52.488577238707286,1,8.337179744346308,8.272344379413617,8.285156624277162,8.311926887191934,8.197550418034018
51.992535941431306,1,13.695315962092844,8.162807823052553,8.170782523827453,8.19658730619396,8.068004970219699
53.64682869475565,1,5.805278350392564,8.528111140351545,8.55100925008821,8.578173333339167,8.510222223061906
55.80106935276345,0,8.233836001118178,9.003813676706862,9.040965195401355,9.063139871688772,9.104766393473582
73.04180643033638,1,11.768997769508854,12.810938162056214,12.751043533955713,12.77045879732456,12.833071348483989
61.13201950768172,0,9.29034898039184,10.181001796544681,10.22823173077758,10.221384430371273,10.340776630459152
48.904685385771685,0,7.805854850094081,7.480944199435003,7.451818226429212,7.458535839049816,7.350523030540517
64.85251301486994,1,15.652255155015071,11.00256655129202,11.035568479042551,11.011156881695724,10.948400876368822
65.90657493368403,0,16.5427731036016,11.23532602799743,11.261119524275399,11.234392973654765,11.129280800771626
70.60095396216221,0,18.187698525342107,12.271945591442785,12.248597918940947,12.237181791583856,12.200854419488428
69.34885441029229,0,12.016410970206053,11.995455158315085,11.987935808623883,11.967483111530674,11.876680275330022
71.32264791757018,0,16.120072264452723,12.431311093984808,12.397940816431602,12.393712901764456,12.391016544882941
72.68603613317578,0,15.26237925971915,12.732376450721837,12.678277135479734,12.692000978160104,12.744204781515228
53.78454767540686,0,11.451174714380016,8.558522444750857,8.58250710289956,8.609558911923449,8.548055303429793
68.12316720985632,1,11.924518134352368,11.724797138813752,11.730854769152979,11.705345119434341,11.579380279690621
62.132951824281946,1,16.650935621127342,10.402029117683009,10.447149900082136,10.43459412787506,10.511209640487678
52.27831264386184,1,8.49248067676975,8.225913447613173,8.23671306681044,8.263136077257073,8.14224404660736
63.91240664820453,1,7.622980764788795,10.794970904350658,10.833218312898788,10.812094282617842,10.796258782725566
45.8914009869056,0,3.961619470516879,6.815546382356335,6.738608332874608,6.699587494222527,6.846129576805338
58.836957300911294,0,8.389462089069374,9.674202842214497,9.721492926742679,9.728445323281884,9.879522838410944
64.90834545383166,0,12.738879377057968,11.01489555117709,11.047550844950312,11.022977806504743,10.95764573791847
52.24877728507574,1,12.050559394874517,8.219391406988564,8.229903845830805,8.256270851265088,8.13452019410569
49.79119469809479,0,4.241053424430327,7.676704467354513,7.659462063263945,7.674199414339247,7.538730103672116
45.45196682881481,0,7.910727007219434,6.718509896303626,6.633641367089981,6.585272030864556,6.792642017187012
59.662845954335296,0,15.833176521622208,9.856576768600325,9.904611290645446,9.90661695872319,10.059906729330427
54.155122490817966,1,13.851924624108705,8.640353311207296,8.667142733772103,8.69373847060218,8.650260474219689
48.868609304449855,0,3.8339489106008817,7.472977827004531,7.443347243806167,7.44969056003827,7.343208257679057
45.76513728067945,0,7.274578062310416,6.787664648215754,6.708472879840271,6.6668412316143995,6.830188866803236
69.66262907303592,0,11.428941951937457,12.064743332946982,12.053443312719299,12.034867709112191,11.956580729135023
60.08922973393934,0,6.329051488750547,9.950731451209457,9.998813189038241,9.998231832848266,10.14621688044938
72.54419531144036,0,18.762420517093805,12.701054955415618,12.649221590490304,12.660796376679315,12.708279356616158
64.96790360374331,1,14.751901913685904,11.028047267940158,11.060328457743525,11.0355877055769,10.967541621262516
50.53252990702204,0,7.601786464775715,7.840407179892822,7.8323403815178345,7.852135275780374,7.707805574013594
46.47120813338888,0,-1.0175351808884918,6.9435802346345215,6.876732865712531,6.84893971454305,6.925087274773803
50.5263185018871,0,5.086992960783672,7.839035568431476,7.830894773571381,7.850653202397645,7.7063476374483875
73.10546215890942,0,9.090529795242396,12.824994712062907,12.764046308538514,12.784525973535935,12.84876423164245
65.81396479165844,0,5.275589734418479,11.214875722554517,11.2413587703533,11.214770009994751,11.112759895925599
53.54049298355496,0,3.561400595724189,8.504629934881171,8.52667271277954,8.55390156408414,8.481080779632542
72.65852098303418,0,12.910666799248244,12.7263005154906,12.672642749230475,12.685944408558582,12.737256222520076
62.24527834617493,0,9.845735911818542,10.426833222631004,10.471638360653092,10.458472652575425,10.529645209167267
48.556046249271354,0,11.56590241067376,7.403957201306712,7.369885875956936,7.372823361787441,7.281013184593329
48.01270445839252,0,4.741406854102291,7.283975681568833,7.241891207280305,7.238194453130463,7.17809658511951
58.668418478625206,0,4.162726238360406,9.63698585583101,9.68401820654074,9.691959092761048,9.840675179641334
51.51497261193889,0,7.130233187161648,8.057351598249925,8.060375399078154,8.084755148746765,7.9465305845856555
45.980555324632746,0,7.169646049835094,6.83523357209822,6.759874739554155,6.722661253453742,6.857659067193914
46.00633599300206,1,5.255190732375053,6.840926496557068,6.76602245375337,6.729326055317303,6.861035001455858
57.3158777669894,0,14.422120277243662,9.338315860602163,9.381980948890371,9.397382447404565,9.508334022528791
66.32226686434186,1,17.738933905708397,11.327119721065706,11.349684675370309,11.322509108945649,11.205282248565414
59.842423190597195,0,12.422515636901352,9.896231273515511,9.944313663787076,9.945230545148751,10.09680049892679
68.85385316106813,1,18.530549059962603,11.886148266868359,11.884340422383257,11.86142226420897,11.753383958153343
65.11796791098446,0,6.860595893468699,11.061184685203946,11.092503411857352,11.06736105395762,10.99264118342161
73.94961369533878,0,10.79026725366844,13.011401474675514,12.935994908669974,12.971955212077603,13.049623504171226
74.85812245898649,0,18.30322919866817,13.212019693239784,13.120047361051062,13.175634075189674,13.24687586383116
57.02833445664806,0,5.310168340463871,9.274820131128802,9.3174716073248,9.334313083514182,9.433744332207503
66.11521562801413,0,3.8728430345188367,11.2813983677385,11.305598695207593,11.27861155177427,11.167034742769129
63.57723454594755,0,9.649829614981972,10.720957716192451,10.760805403926454,10.741088064962975,10.742977207477711
56.332167445936314,0,7.503708775087089,9.121091525417341,9.160856583582023,9.180901123226775,9.2489098504751
63.66505376517272,0,11.39357217124636,10.740350083136631,10.779792192756611,10.759695507379647,10.756918143011303
57.99526796035751,1,9.486955038710972,9.488339785254581,9.533985015611021,9.545761046942234,9.67949374282139
74.79592735520745,1,15.726377562291196,13.198285680511638,13.107480647970712,13.161621784372404,13.234116521048906
61.3388620446764,0,14.638512948425277,10.226677064583457,10.27357484568771,10.26551420599312,10.377073257220795
64.73813255223308,0,8.279434995765552,10.977308892179707,11.01100865542608,10.986940342915245,10.92955304253239
47.22205951286524,0,11.158355718712912,7.109384321710433,7.054973589057828,7.039927135653122,7.04081494576179
54.2446603810558,1,6.9677573122240695,8.66012519756907,8.687566293598117,8.714019254394834,8.675020877517158
68.01346275519674,1,12.840373882210075,11.7005720425428,11.70775237885778,11.681956044378339,11.554243226072533
65.83382923473933,1,14.84889831961062,11.219262217592451,11.24559827216656,11.218978828776816,11.116291735559114
63.52034143497848,0,8.27953591237395,10.708394497181368,10.74849973794229,10.729032096972487,10.733949379118847
47.119676982722474,0,5.06745775857885,7.086776063396142,7.030711447626171,7.0140424491398115,7.024171462121234
56.69393978171468,0,3.572705827012524,9.200978615596073,9.242320018155311,9.260753421457848,9.345642585772243
69.75268303997231,0,10.9286750107628,12.084629180111392,12.072221139256065,12.054230753109568,11.979718679167178
66.38533939126343,1,15.974364403872098,11.341047487640624,11.36310351316943,11.335884804125866,11.217097223998906
49.21622412856826,1,14.460269680287928,7.549738634991858,7.524901901570919,7.534693048761839,7.414835090178208
73.8524972745616,1,18.853056245500735,12.989956086244224,12.916258681999059,12.95030612037526,13.027280047028
62.39493196039536,1,5.0525121640573865,10.459879950068242,10.504239798800958,10.490273286236366,10.554046838949109
46.45951502994088,0,3.6780572566745375,6.94099814662713,6.873951470814665,6.845944035853698,6.923403311071132
51.43388868624868,1,7.23108331211888,8.039446528560939,8.041601132996497,8.065688534301545,7.926242551708309
74.35749074547401,0,12.34827842058699,13.101469474529294,13.01875459310415,13.063134561846422,13.140948064729232
67.00021654168333,0,10.995866652847342,11.476825548886657,11.493656975727937,11.466382855358102,11.33670842203813
55.32037728200477,0,6.828676734883016,8.897666558734787,8.932145515710038,8.955977372445362,8.972726515373129
48.248310836245615,0,8.672415103004221,7.336002622528092,7.297438623732361,7.296731914138833,7.221895340340162
68.91830437374624,1,19.247808290639068,11.900380476825118,11.897846490779814,11.875215898659274,11.769219306896238
49.17978798115164,0,6.389525790725456,7.54169275224581,7.516360697577123,7.525806932474224,7.40720873493985
71.04861368779808,0,13.801707454496505,12.370798459211999,12.341311314736467,12.334174217803493,12.318803288810837
54.20494372040746,1,7.07628100413098,8.651354907148752,8.678508187218874,8.70502600761577,8.664035419826298
56.2684930202733,0,10.029527946841934,9.10703084669221,9.146501353621085,9.166816597036776,9.231750605148969
69.90526283128966,0,16.385006012503396,12.118322070205368,12.10401331952321,12.087062715803816,12.019104224276553
57.95767128826069,1,8.920218792711688,9.480037633770952,9.525588519760902,9.537572381477949,9.670229003511752
74.15275170427435,0,10.002299882670794,13.056258703472869,12.97723858204262,13.017313724817246,13.09563109055704
45.59268914789368,0,14.274923145790783,6.749584402236277,6.667282032126044,6.6219868032361,6.80915969741897
49.64401674115561,1,6.433207228061197,7.6442044181370274,7.62505780921098,7.638616698633218,7.506391924848816
69.58184403658173,0,16.804572119290686,12.04690426441118,12.036589506608676,12.017506705082395,11.935898305211893
62.882180362941895,0,11.973395804593158,10.567474846703798,10.610188972751223,10.593719042868049,10.632490821959752
66.03183695853215,1,14.424254140262596,11.262986569408046,11.287830165888575,11.26093878078288,11.15185586719647
72.14865987311968,0,15.251738295346886,12.61371224812424,12.568063484576962,12.57399848778897,12.606859436141779
67.90763726466787,0,10.493985331563096,11.677203504738772,11.685452449493999,11.6594039413829,11.530268141331504
60.87259210231759,1,16.27797518245113,10.123714661853832,10.171284819319421,10.1659773557335,10.294286086590887
73.35183511991289,0,19.71182934796828,12.879399145478024,12.814323986954617,12.839057374667666,12.908840530580637
72.71854478059913,0,7.8005219473478045,12.739555057241628,12.684932827961061,12.699158772963656,12.752401222256166
47.63653272599621,1,4.84722148294391,7.200908895812602,7.153058293121275,7.144218659609745,7.110879903248878
72.76087331455781,0,17.336925018127996,12.748902105302157,12.693597005340727,12.708482095012707,12.763051773123447
56.04794524002226,0,7.456558736284314,9.05832916702473,9.096739866073955,9.11796116756428,9.172044477081709
54.613697850462,0,10.180554601611451,8.741616585058257,8.771636757616363,8.79737365506572,8.777213901935239
63.88908016964263,1,14.328734532525376,10.789819917632954,10.828183291172046,10.807153479325319,10.792542241739422
51.39229167428587,1,8.467368881722098,8.030261016245053,8.031966490699077,8.055898100116774,7.915873692338034
63.47405052672991,1,13.308273954766683,10.698172471901984,10.738484254198868,10.719222025039047,10.726605031882649
53.87163274404882,0,8.466433237435508,8.577752695501934,8.60241206017843,8.629376625206726,8.572025690656519
57.75771750347154,1,14.923367524218316,9.435883549952846,9.480902686435257,9.493978627846055,9.620528667380981
50.43916210735642,1,6.8894637512025545,7.81978956739454,7.810605340381608,7.829841799764388,7.685961889907752
73.45633876453546,1,16.22465029999366,12.90247579135811,12.835627042582084,12.86222975941456,12.933985202490124
51.12567398898928,0,10.821248261159276,7.97138611354497,7.9701609889006475,7.99299900542988,7.850056981038915
62.49102755433989,0,11.040353323287665,10.481099918042597,10.525158927602119,10.510685696707394,10.56962871674752
74.8175345550906,0,19.692057014790485,13.203057013626044,13.111847003237735,13.1664886147816,13.23856266050732
53.28916399064165,1,7.635576442868888,8.449131103335091,8.469095513481216,8.496399538035176,8.41248801602046
45.466925855313285,1,12.648051858536604,6.721813170160369,6.637218615895049,6.589179695877926,6.794370218443614
56.68136580652947,0,14.05863991738546,9.198202012218246,9.239491398619913,9.257982804571155,9.34230380613271
71.91627211149566,0,12.532312431584629,12.562396046653642,12.520288773618997,12.523147637907464,12.5465720325694
59.802548648444734,0,6.681182293976626,9.887426119473217,9.935501397835667,9.936660208871979,10.088678434164029
64.79162421577121,0,9.537121195844461,10.989120998651824,11.022496465507919,10.998265528199646,10.938352620409942
57.160943538972255,1,14.361312423046192,9.304103060392475,9.347234965560567,9.363420094898741,9.468286598822534
45.3192178399778,0,7.137222956503016,6.68919607268154,6.601883862502778,6.550544249208297,6.777596031811336
55.379075931420005,0,12.196832184598408,8.910628479355708,8.945449429511035,8.969093763311431,8.988908915238907
47.81013391362486,0,12.429043013992343,7.239243761029385,7.194076397836428,7.187667236947391,7.141479401864558
72.76944283650526,0,6.043721604984547,12.750794439527027,12.695350815233523,12.710370091797788,12.765204956210077
57.997109931690616,0,16.053018042958957,9.488746532027184,9.534396338725607,9.54616216835417,9.679946980835329
70.50656287502129,1,9.028580413842889,12.251102015124902,12.22901657449351,12.216771308332223,12.176042969949272
62.26546846842412,0,9.796888099681219,10.431291634613695,10.47603834792413,10.46276379810037,10.532947579826423
49.99683746634212,0,7.840579561137435,7.722114800724068,7.707487216948231,7.72377268083553,7.584611218538132
67.41389841320662,0,13.385246704666775,11.568175377791025,11.581223114328534,11.554305090789025,11.42223178688079
49.172176956910434,0,7.595497093786929,7.540012074870074,7.514576342550793,7.5239500470924305,7.4056191579628035
51.74834388975167,0,9.682109936739105,8.108884981187135,8.114364122407778,8.139502850793889,8.005475038128312
70.45114636382141,0,10.83504737513072,12.238864861009482,12.217515228592797,12.204794822315769,12.161492430137852
70.14415451341549,0,9.87816280433972,12.171074476803494,12.153730770964817,12.13853199687777,12.081170588832576
49.44123140439428,0,11.769024233715127,7.599425066919025,7.577609992255235,7.589447092473248,7.462532854181872
59.34835737809208,0,10.087539976534522,9.787130946557388,9.834983537908387,9.838888143417236,9.993270977488168
65.06273301867547,0,9.481156414786978,11.048987636434568,11.08066392856198,11.055665863932761,10.98337416764788
48.30148921871766,0,4.27831294336103,7.3477455498223065,7.309966456619183,7.309910459459899,7.231958103231253
48.042872122476645,0,5.78829485192848,7.290637348763438,7.249007558430364,7.245703481392454,7.183632627268779
48.54575888215688,0,4.471431240935968,7.401685530028676,7.367465949883256,7.370286321118054,7.2790025997767085
73.85662310214178,0,18.04320328934852,12.990867157454936,12.917097384582679,12.951225377603157,13.028233699607709
55.56177235934588,0,7.384417648320619,8.950971768683358,8.986829309930675,9.00986309820348,9.03918105488947
68.97261768131665,0,16.066700705691737,11.912374019920245,11.909224038710718,11.886843446858748,11.782617816907889
51.42903301130189,0,2.1913383279994703,8.038374291399636,8.040476580928814,8.064546000364052,7.925030806455812
63.4028559924307,0,16.966381440063454,10.682451191916446,10.72307535021003,10.704132908414286,10.715309864528582
65.31523154444407,1,9.412292127706227,11.104744725916474,11.134755010306892,11.109131643701192,11.026027711432596
70.41596845302995,1,13.17314575644878,12.231096823893957,12.210212263904639,12.197194686214221,12.152262856134556
52.737420341826045,0,5.997221622303765,8.327294273181565,8.34241628133459,8.369483408859281,8.263677190707023
52.404687942640194,0,11.500798217113529,8.253819823782454,8.265835784538515,8.292478248821118,8.175419136374872
58.188175412908784,0,3.591260521747777,9.530937887801466,9.57703912211728,9.58773723415204,9.726613707337686
55.555090018179655,0,4.922961889241101,8.94949616444678,8.985316533734448,9.00837335833638,9.03734507061261
72.14669666902905,0,12.813841281604168,12.613278730558864,12.56766017101708,12.57356845917914,12.60635206155301
62.31098441206396,0,6.525924243039484,10.441342531087862,10.485955645451769,10.472436634365572,10.540380276991892
64.89707622016005,0,16.50622060490601,11.012407062706483,11.045132638237462,11.0205918578265,10.955777300633551
55.95042519178563,1,17.951471341705517,9.036794648994345,9.07471714699455,9.096322932861744,9.14552037326932
72.64666773072241,1,14.915960429836394,12.723683063179593,12.670215217195086,12.683335791932372,12.734259751455612
70.0030173347458,0,12.795018459041176,12.139908360976264,12.124366417125797,12.108114236042255,12.044447231142042
60.36778663659438,0,14.432266210563172,10.01224278914643,10.06023139422467,10.057961089834974,10.200314529062302
64.97037951475193,0,9.94302951185779,11.028594002188354,11.060859543023238,11.036111920157653,10.967953789126739
63.58094370376763,0,15.232850125025395,10.721776777784385,10.761607532376392,10.7418740210572,10.743565858517087
74.48296934737732,0,8.55449666122678,13.129177840798327,13.04417238765886,13.091269816722887,13.168169424016611
62.39679439277924,0,6.040383311684527,10.460291215079653,10.504645344043391,10.49066895387455,10.554349447477547
48.63241396749544,0,6.218006559434416,7.420820831245096,7.3878458892626435,7.391642699772605,7.296011871271407
49.378634262518986,1,9.313513555351882,7.585602275557261,7.562952992571265,7.5742353369830315,7.4491600577732235
61.59586469040758,0,8.424169392518188,10.283428760346833,10.329838575134188,10.320291959771334,10.42131770191534
54.21554314889614,0,10.30876350797206,8.65369548827057,8.680925774404459,8.707426522802391,8.666966820247929
64.0816782839139,0,9.980757791521558,10.832349711653658,10.869735021699464,10.84794451084918,10.823284621108844
50.06643838005573,0,5.202811467510625,7.737484175108094,7.723729496282599,7.740513284578027,7.600320761710131
60.53495156974147,1,15.623750876368655,10.049156391344097,10.097042063993465,10.093761529527846,10.231984540161998
47.754225863004635,0,3.199731178963676,7.226898064468576,7.180870721653728,7.17368958244318,7.131545495859369
56.78828094674575,1,7.657808215166906,9.221811168041487,9.263536473888404,9.281530288079276,9.370635289505131
54.49742704734668,0,13.5710417993435,8.715941498228739,8.745167649406422,8.771151866110449,8.745001189116353
69.24395058454584,0,14.301051615654032,11.972290143860707,11.96600705003253,11.944981939453434,11.85024633186162
62.45494625978667,0,8.788781331476912,10.473132394418833,10.517305728101007,10.503022048870674,10.563785595027863
64.50993315508933,1,11.431577180321494,10.926917571408504,10.961960221771108,10.938625805502111,10.892282051869703
67.64217748069083,0,12.733040103589676,11.61858429148198,11.629451577327082,11.602873721856191,11.471371135535277
47.87411305215575,0,4.721128733765749,7.2533717268905065,7.209183650327559,7.203645460221456,7.15293921076083
57.3466901166791,0,3.8772521684670576,9.345119888204172,9.38888739912519,9.404130978523243,9.51625688795294
74.29201734210835,0,12.98118684175314,13.087011542947192,13.005483964031281,13.048469952448592,13.126575339317801
45.72413127627356,1,12.537655187270348,6.778609643042972,6.6986816155748805,6.656189086543492,6.825110369493136
74.28020938274481,0,15.657112818323425,13.084404092290491,13.003090064175016,13.04582639256706,13.123971173842074
69.75035660005808,0,10.741162784838814,12.08411545228634,12.071736164717617,12.05373039562023,11.979119888340325
72.51750667759032,0,15.363720820178052,12.695161532706726,12.643751687062709,12.654929653400528,12.701491234344184
61.54612290463543,0,17.200370287425358,10.272444707303968,10.318955475011578,10.309694406085919,10.412823396131916
70.75234991115367,1,10.397054693247838,12.305377063762949,12.279981375831504,12.269947807363582,12.240707393661328
74.44016750825429,0,15.767926239261849,13.119726276807178,13.035504391766532,13.081668066020256,13.158932491287288
74.67115821306248,0,8.921984631079367,13.170733978172064,13.082255928798611,13.133543047065368,13.208167788576537
71.73645565384959,0,19.732314140564142,12.522688716526577,12.483274972182185,12.483871509898153,12.499647127197354
72.20917322492188,1,16.160988315205998,12.627074893949658,12.580492742093373,12.587257336704315,12.622481013792218
59.86353233798393,1,10.54828427274138,9.900892625957654,9.948977968430254,9.949766747487878,10.10108433107104
56.01462349127336,0,10.62381452145987,9.050971010294784,9.089216245927256,9.11057006024201,9.162989456948768
47.01477464422095,1,5.895870659937737,7.063611377357337,7.005838444748444,6.9874696528997235,7.007396476317423
55.5173036715953,0,4.5535746298046575,8.94115212876861,8.976761242488122,8.999947332928407,9.026959025309223
50.34469586827069,0,1.3407773815814583,7.798929395915563,7.788603391166938,7.807252247071689,7.664018483530599
70.11544664012646,1,7.931796685271771,12.164735162722595,12.147759980364285,12.132342598280724,12.073689052160052
58.17734861434749,0,15.622656654847308,9.528547098491519,9.574623984541258,9.585383086767008,9.723988023002457
55.46054047877294,0,8.22534465179417,8.9286175984705,8.963905972540623,8.98728304037398,9.011344093329702
55.836626525908045,0,8.72429824687981,9.011665463083483,9.049003083701848,9.071044552823539,9.114482320514519
60.70517569019405,0,9.980374353525129,10.08674552770504,10.134490123765332,10.130185006338046,10.263661921500567
46.8138105854675,0,5.619533938996538,7.019234203381945,6.958149796169747,6.936418070816054,6.976056308437054
49.91222102339543,0,9.121109112722584,7.703429675467762,7.687732629484496,7.703394864730716,7.5656350907187795
48.876869590049104,0,3.119842395586936,7.474801875211947,7.445286976910385,7.451716335476428,7.344880650962855
63.69568777305807,0,13.117315036363038,10.747114729043586,10.786413069677378,10.766185821944275,10.76178352599479
60.25425700452095,0,8.65531175777656,9.987173011669126,10.03521140320651,10.033628849888041,10.178472077135423
70.633716863796,0,10.774220962927613,12.279180342744882,12.255391922604575,12.24426946349612,12.209473488881427
58.556125484817834,0,7.291165242527071,9.61218915460335,9.659029873628045,9.667623865219301,9.814440567733882
69.44376304287668,0,18.82347284474688,12.01641301976598,12.007763230981626,11.987852037060716,11.900721635729859
67.849762677612,0,5.611261482565588,11.664423554759344,11.673250925991061,11.64707451682983,11.517273402813032
70.13254008370996,1,8.277035893932354,12.168509761645648,12.151315275793278,12.136027790676144,12.078143066283697
72.24401080703743,0,19.90421546441397,12.634767779194974,12.587646177718776,12.59489377155952,12.631458454677114
58.89977036680685,0,12.027294409254589,9.688073314230563,9.735450279123283,9.742031961155744,9.893834518474302
46.88554197723899,1,5.3226035745119535,7.035074033010613,6.975177464476727,6.954662264840779,6.987121840295339
70.72379320648211,1,11.103522160448057,12.299071130954692,12.274063959873565,12.263764609054201,12.233185831979359
67.32194945933607,0,16.147824210113644,11.547871076872346,11.56177849089738,11.534752737111898,11.402839877747539
69.64019982163066,0,18.092118454670416,12.059790473227077,12.048764828784236,12.030046725989543,11.950831220437802
69.86288126411644,0,9.751082479056047,12.108963311273735,12.095185462979,12.077939915241956,12.008142452939419
57.086286593472956,0,11.119924081949948,9.287617205760336,9.330481368169856,9.347037685350301,9.448869022830124
68.21388777228265,0,12.99181648094746,11.744830184557905,11.749947908526758,11.724695012309118,11.600377800861018
62.79278274207103,1,12.152074606575937,10.547733934826418,10.590772464636405,10.574749077662664,10.618191255575457
47.06119407853904,0,8.549800167601305,7.073861783949196,7.016846497973106,6.999234545113229,7.014784536668686
47.737546824224665,1,1.306129838558604,7.223214975013317,7.176930310247158,7.169516893927531,7.128596471756945
46.91133050232574,0,4.613028694477336,7.040768692401164,6.981297582098854,6.961215342963163,6.991132973193471
62.36525871492841,0,7.300282492933856,10.453327461107431,10.497777849376178,10.483969009996082,10.549222105835076
56.97058542154444,0,12.348010151734767,9.26206790571297,9.304503222531023,9.321626216152596,9.418628709511886
71.8217076773312,0,9.733352802083727,12.541514191595425,12.500828519658727,12.502484930865347,12.521920981063102
64.76120071863281,0,12.3602192186588,10.982402838032332,11.015963192250151,10.991824302210981,10.933344708035778
55.85003836696984,0,11.55990542709246,9.014627085215427,9.052034487121482,9.074025347049755,9.118144929461554
54.34614301288441,1,1.8369301245588403,8.682534739036699,8.710702205390652,8.736978496310634,8.703105346390538
62.41966193127218,0,6.965338688051422,10.465340857987867,10.509624400758788,10.495526911694913,10.558062942058172
66.0437737152622,0,16.59508742167699,11.265622461285416,11.29037450373817,11.263468719973785,11.154021332182273
60.426297241797954,0,5.045516670139947,10.025163185572687,10.073119776393423,10.070495495141328,10.211464935599023
60.71403447341144,1,10.90903074244777,10.088701737021704,10.13643798955642,10.132079689522257,10.26529529069066
45.766483895975455,0,5.841791197213654,6.787962009752138,6.708794383723752,6.667190898104517,6.8303564636404115
54.97214980742045,1,9.21909536202445,8.820770464385904,8.85313109364758,8.877985310902309,8.876497407362528
69.55642612993529,0,6.825567323266872,12.0412914455204,12.031284982717484,12.012046053474345,11.929406048828481
68.28321727992196,0,13.99316587736278,11.76013962666025,11.764532059576657,11.739487518700539,11.61654866301529
68.54176432823347,0,10.022590711013832,11.817232359634062,11.81886647923377,11.794693284164271,11.677756530172212
54.979006935446094,0,6.174583089964427,8.822284665309457,8.854688485576263,8.879524101180175,8.878395205534089
72.91377981981246,0,11.66556347674126,12.782667140840077,12.72487640844592,12.742193505719843,12.801311136331869
73.17633386844298,1,13.242038822767109,12.840644705417008,12.778517051460954,12.80019843802128,12.86615573011228
51.57191114898463,1,11.144673012050088,8.06992484831293,8.073554052126266,8.09813020353177,7.960836912964927
56.147776492236645,0,5.5913167264744885,9.080374048458651,9.119272079752879,9.140089421519583,9.199120791411632
69.60049912298747,1,17.230840652482442,12.051023707559814,12.040482162226404,12.021514998353316,11.940667891432698
64.4629640815506,0,7.911993631925869,10.916545792689362,10.951856682364998,10.928681199231619,10.884659945392654
61.26095549611472,0,7.066724944425232,10.209473627905332,10.256502855416967,10.24889754500079,10.363478063513172
61.56961332805564,0,5.923926440554405,10.277631896562287,10.324095378862472,10.314699331992005,10.416838775568284
65.24450309489907,1,7.18986101835041,11.089126367440151,11.119611441473046,11.094154301631288,11.014002962647176
48.55993232084797,0,1.43985561070264,7.404815329250116,7.370799972643152,7.373781614740408,7.2817732976242455
54.71235024535281,1,13.379843703794975,8.763401149513781,8.794081639465032,8.819593469775633,8.804547361083273
49.57292882091115,0,13.80664179318634,7.628506680821185,7.608430532131408,7.621398864541133,7.49092401082506
69.19604000201245,1,19.280405182427703,11.961710459764284,11.95598735333616,11.934709857946112,11.838224775588836
48.68533363162654,1,8.869380136645608,7.432506627981249,7.40028711453153,7.404669033485238,7.306480661614986
59.63013834321541,0,12.757804028486358,9.849354226629439,9.897375646329921,9.89957935973617,10.053098310905176
64.51626007880648,0,9.162219095760483,10.928314691850172,10.963320996398602,10.939965373439955,10.893309978476921
63.79238184023588,0,6.9251072977441295,10.768466852742492,10.80730362350124,10.786670371757964,10.777151787924115
74.35947935548249,0,15.0712648326021,13.101908602266178,13.019157574448553,13.063580138648527,13.141382814160803
63.1125294270682,1,15.34555934007304,10.61834086004573,10.660172599180834,10.642580863852857,10.669203978578086
57.579413684065386,0,9.135001740777929,9.396510242788647,9.441012622525397,9.455042348356326,9.575629305056346
61.240293149001694,0,4.598492216450981,10.204910938545543,10.251973742345854,10.244489542777842,10.359857231255472
74.48699025972334,0,19.31983798124942,13.130065744475363,13.044986562111882,13.092172073607044,13.169034551320726
49.09093351943123,0,7.830988366841364,7.522071781557246,7.495524790430134,7.504113837820871,7.388726316209877
55.138275478451895,0,12.059548037032696,8.857454575220796,8.890844875502584,8.915230926041161,8.922446452958514
53.56823448202712,0,12.718307636989389,8.510755852677983,8.533023151259858,8.560236968137518,8.488677037562782
57.63550526338409,0,14.390830419122084,9.408896466421972,9.453565737771957,9.46729755404943,9.589810895362813
65.98636287021878,0,12.741637257916764,11.252944915487578,11.278135646500017,11.25130121046883,11.143629201817225
65.6260587230089,0,16.886276179008593,11.17338203283101,11.201230901599297,11.174962364713615,11.079657561399923
61.4194042636578,0,8.165268222880428,10.244462513813895,10.291216344148172,10.2826872565944,10.391036251398248
58.98702277933871,1,16.44467630155257,9.707340518101327,9.754829899987321,9.760894731527737,9.91356071885983
58.69541159825171,0,9.41717237601776,9.642946515529237,9.69002255709621,9.697805769799428,9.846940075006236
61.7301367620648,1,14.554745156036576,10.313078913319107,10.35920061788952,10.348888565176525,10.444092657493131
48.044963204275824,0,8.372728533433401,7.291099104469282,7.249500788118541,7.24622382209286,7.184017149685748
53.052943702037695,1,11.753842524845446,8.396968597716334,8.414906867894725,8.44217869153377,8.34844573242991
58.31459564843672,1,14.420898747463422,9.558854186968752,9.605228771631184,9.615210634931106,9.757101424392207
73.95857233346702,0,14.094713647786762,13.013379734097947,12.937814904129889,12.973953425806831,13.051673509123242
60.583450845405096,1,14.660562283007067,10.059866071508575,10.107715276740025,10.104142342421577,10.241067247158595
49.30500193677873,0,3.4588224556483502,7.569342678941545,7.545705792767508,7.5563213865642105,7.433531311216509
54.296477455053605,1,14.897842246475216,8.67156751875804,8.699381124612277,8.725745832562701,8.689358375570848
46.06969016699978,1,6.817152959150364,6.8549164568465,6.781126462385641,6.74569025203812,6.869410698309229
45.79531339591508,0,-0.5207538398543381,6.794328181605852,6.715676866470519,6.674674661575095,6.833957030593205
70.63679698775502,0,9.863558932426708,12.27986050017026,12.25603057451673,12.244935880275865,12.21028395799957
62.77913881118806,0,13.6093612038091,10.544721062284644,10.58780821520411,10.571853508712627,10.616005787593757
73.17836824946235,0,6.349632768293431,12.841093940374684,12.77893234224852,12.80064848444195,12.86665367861208
69.97873692580461,0,10.257076575170268,12.134546725973166,12.11931221082064,12.102884185005006,12.038145049004546
46.903276255546885,0,10.31965155405798,7.038990141983925,6.979386243167332,6.959169031511365,6.989878356215094
54.44623823166358,0,6.099676906336385,8.704637909949055,8.733509077046872,8.759595921080052,8.730822243446058
68.03792574282174,1,15.764692086680292,11.7059739948348,11.712905295596233,11.687170648439547,11.559823924435758
46.21114952775682,1,3.8404472687176354,6.88615371738802,6.814832915633982,6.782156827522944,6.88851788023622
52.69751967860995,0,8.349504271563585,8.318483351048236,8.333240264648948,8.36026796259821,8.253028211958455
67.65485595845573,0,12.371276580436032,11.621383971270525,11.632128227429996,11.605572348448076,11.47414210699262
62.77668939060582,0,13.95917053946344,10.544180177690695,10.587276034764058,10.571333672746812,10.615613351971003
62.47205992085912,1,14.481201428981464,10.476911457797025,10.52103077153251,10.506657079206883,10.566558125304415
45.63377060544902,0,4.78347780974803,6.758656069082599,6.677098129405253,6.632685964454566,6.814091056010842
60.38564398971691,0,9.104290514597402,10.016186075678231,10.064165368396907,10.061786992318023,10.203725203711333
45.34560525126079,0,0.3533178761683415,6.695022978987717,6.608198287741493,6.557454565942535,6.78054512709681
64.04285719549803,0,13.945372555800844,10.82377718278839,10.861363405576725,10.839723035962416,10.817076835034214
60.71212354564609,0,14.324430708681984,10.088279763190048,10.136017823888876,10.131670994608111,10.264943081063677
56.8471021117821,1,15.072571586091732,9.234800142738978,9.276759121948427,9.294474989782767,9.386165100653022
55.6103874622076,0,4.062739680687326,8.961707025977166,8.997833301892571,9.02069791369755,9.05253121089558
64.70042242790598,0,13.2788358686856,10.968981688010574,11.002907899714364,10.978956409115694,10.923364705902825
49.624905341529725,0,11.141193372424418,7.639984211243457,7.620588330400674,7.633989827771444,7.5022237309381765
49.216475524500645,0,11.39039293065892,7.549794148605075,7.52496082689428,7.534754340588289,7.414887804420465
61.549158389807445,0,9.697494895742942,10.273115007527867,10.31961970411106,10.310341180130978,10.413342675154203
67.8005827695165,0,9.994689606598206,11.653563576357307,11.662879151161818,11.636599568575793,11.506297377752524
45.45672195525248,0,10.114912015234296,6.719559930197789,6.6347785218794115,6.58651431127736,6.793190656249921
53.22939247996529,0,12.085846840373636,8.435932271939519,8.455390660732641,8.482696102106294,8.396241094335576
73.53567888494969,0,12.394643116030752,12.919995791445142,12.851791307546948,12.879839384860372,12.952932513780237
71.93540480669883,1,14.532985866322376,12.566620956067375,12.524224684970589,12.527330283311189,12.551551818268385
72.60197229040486,0,16.716479564210644,12.713813351435206,12.661060048194145,12.673502058864802,12.72294434857402
55.353573692576894,0,8.394457761345866,8.904997038107345,8.939669940271594,8.963396269378915,8.981879959732556
57.651846025503446,0,11.884989231690678,9.412504857136009,9.457222000551912,9.470866654576426,9.59393259841438
74.0325140946425,0,5.382655014746965,13.029707660693798,12.952832699966347,12.990453602534867,13.068520539590532
50.4209221541004,1,11.682054750051227,7.815761794548161,7.806357985941002,7.825482765949595,7.681712577658809
69.12752809815726,1,15.056617903449418,11.946581562111508,11.94165419900618,11.920025566832383,11.821092012784261
73.17425615540041,0,13.187334664930328,12.840185901819325,12.778092909645089,12.799738815289498,12.86564710106054
52.60796324156716,1,3.342654293205116,8.298707369154181,8.31263751365854,8.339565410943512,8.22918930486744
62.462516904603085,0,9.901494373389118,10.474804155151613,10.518953637408757,10.504630114936889,10.565012335949753
49.23913967964268,0,11.757556067064224,7.554798880107724,7.530272807176629,7.54027892322213,7.419645513003624
58.1989161193341,0,8.799617487687353,9.533309666121486,9.579434908835664,9.590072459857101,9.729216249652191
60.74626167071848,0,5.629592783666992,10.095818193319936,10.143523257120403,10.138971613222937,10.27122494081231
58.022100204413285,1,4.0617092269327095,9.494264920176713,9.539976391362748,9.551603635211746,9.686089909269748
51.86410164699193,0,1.762927165488945,8.134446776484841,8.141118309222813,8.166588879158637,8.035010349879219
54.37844114300872,0,14.979167159532771,8.689666858822182,8.718062773662753,8.744279570732804,8.71204736087872
69.63469905645478,0,10.798386387780626,12.058575786308818,12.04761733541957,12.028864482334106,11.949421991899216
46.84016232687048,0,2.9568834984248045,7.025053233013653,6.964405953461852,6.943123234924666,6.980105738529902
52.845380755831535,0,8.39616554818487,8.351134247874027,8.367234024656712,8.39439244541216,8.292573115567084
54.93653022596165,0,16.671199472909734,8.81290489691512,8.845040213794064,8.869990043107988,8.866637889277031
