x,y,z,predicted_untreated_gain,observed_minus_predicted_untreated
0,46.91579903011129,2.867752735812631,6.685908330322399,-3.818155594509768
1,63.042411829616015,15.25399432292168,10.506652665761138,4.747341657160542
1,67.98079760121834,11.181130814100534,12.178831211720132,-0.9977003976195977
0,55.809440006665,9.69533953621358,9.452526450283463,0.24281308593011808
0,62.235465017357086,12.6122277282178,10.515202025034064,2.0970257031837356
0,57.51556579038564,8.253399625220613,10.04108568639628,-1.7876860611756662
1,63.46343451134998,11.181239047738137,10.521784769172502,0.6594542785656348
1,68.50796442145415,16.997953765824956,12.402242401260734,4.595711364564222
0,49.75902880263098,3.3389585448221126,7.178655669567928,-3.8396971247458156
0,59.36204418406082,17.019563488887858,10.463159120521286,6.556404368366572
1,62.94087466575129,13.586067155545678,10.505434436822902,3.080632718722775
0,50.784519191576194,10.20151368645794,7.523125725469709,2.678387960988231
1,62.421083901526096,14.312523514310572,10.510215002934764,3.8023085113758075
1,57.854909710098894,12.874906291723711,10.139345763117444,2.7355605286062676
0,47.79880814032625,3.99179258104838,6.718306716191765,-2.726514135143385
0,57.82869853548381,7.167537076355154,10.132040785443914,-2.9645037090887607
0,53.90648850917713,5.933411947525558,8.708939368709595,-2.7755274211840373
0,45.35292895955292,7.537379749349574,7.056682807556966,0.48069694179260836
0,54.72450016973603,6.08922930892823,9.031851319484396,-2.942622010556166
1,68.74501247011705,5.498609515463258,12.487806176224872,-6.989196660761614
0,51.6321935397525,9.094117744467482,7.829660471664472,1.2644572728030097
1,69.97293308455565,16.4369570001813,12.716432116865285,3.720524883316017
1,71.24744205714006,19.601062062570985,12.53041634362095,7.070645718950036
0,50.00923776039553,15.355904911619604,7.259535135855485,8.096369775764119
0,52.380768319119035,8.476014047957475,8.112414102554315,0.3635999454031609
1,71.04136200648841,9.228758650639682,12.576673863670093,-3.3479152130304115
1,73.25951099728432,13.8100711391736,12.382672834067147,1.4273983051064523
1,68.33800352907393,16.755360117517117,12.334746081937114,4.420614035580003
0,65.54816278974543,5.846999303695035,10.984123031274212,-5.137123727579177
0,48.99705735569761,2.1201214805128807,6.954322211303633,-4.8342007307907515
0,50.718837290448135,8.828894940998607,7.500115200559344,1.3287797404392627
0,57.236429393335406,5.001191710039407,9.95465551155904,-4.953463801519632
0,54.85483621723717,3.4434475360535037,9.083083488077376,-5.639635952023872
0,61.252413950152985,13.052025548471962,10.548604697996096,2.503420850475866
0,59.05429408546209,10.189399161940129,10.41410886511376,-0.22470970317363204
0,68.40191839995632,4.499625588888465,12.360687621505194,-7.861062032616729
0,59.29395691719538,11.082547528614054,10.453150201461138,0.6293973271529154
0,70.73577468408227,14.068173104688814,12.638915174871194,1.42925792981762
0,69.93871844183667,8.899064014593623,12.716021355701857,-3.8169573411082336
0,54.72186860314862,3.1364531945383494,9.030815902625765,-5.8943627080874155
0,69.48700778775783,14.170698778172412,12.675539101291225,1.4951596768811868
0,63.04186937089658,12.300879076658894,10.506643906571409,1.794235170087486
0,49.469691072450175,4.271651946711987,7.088866941738634,-2.8172149950266467
0,58.63399508504,13.793358732514356,10.332070919876736,3.46128781263762
0,66.05485293535648,4.464188792990275,11.210619993628068,-6.746431200637793
1,63.59918758911558,9.59121100934744,10.530685991230337,-0.9394749818828974
1,67.16999160982314,8.188058089889573,11.777802621966908,-3.5897445320773347
0,46.132234355384554,2.3480985546584003,6.793640868683488,-4.445542314025087
1,74.66899378939631,16.341996930415263,13.361170455863604,2.980826474551659
0,45.10604866379464,9.019278170431635,7.176842802456617,1.8424353679750176
1,67.0176189206536,10.671164166251565,11.69874117532648,-1.027577009074916
0,49.98094077525422,5.2189846095012,7.250268619305465,-2.0312840098042653
0,55.54659441185935,13.348061641991055,9.352329417697367,3.995732224293688
0,58.78834296473413,9.19882468990787,10.36412820321095,-1.1653035133030798
0,69.36441780106719,17.323959555813204,12.654104550198339,4.669855005614865
0,46.72664925476204,0.2761963562607041,6.699006286251972,-6.422809929991268
0,46.19762891571196,7.063853027497441,6.779019302625123,0.2848337248723176
0,45.44457974270842,11.866726667790312,7.016790407653442,4.84993626013687
1,59.29548669717904,4.746335837664351,10.45338043396998,-5.707044596305628
0,71.37143979384236,14.417893738995302,12.502041361155815,1.915852377839487
0,50.58525798311955,6.437185672269229,7.45368489871953,-1.0164992264503008
0,52.978915041659775,9.653573003965374,8.34406261882138,1.3095103851439944
0,54.022954473945056,5.109967455943287,8.754966121422083,-3.644998665478796
1,65.1026238065675,7.901781506715879,10.817397546989351,-2.9156160402734725
0,61.89749572646567,10.750697027158296,10.526641153187118,0.224055873971178
0,48.16027925703723,5.779305865471073,6.76982553968559,-0.990519674214517
0,71.72364543485446,14.272690225932044,12.424153013166407,1.8485372127656365
0,51.33983211439113,4.773707185024431,7.722068653882715,-2.948361468858284
0,65.34701011287136,11.983552226979487,10.904443655465476,1.079108571514011
0,46.07840548431124,7.843308153597538,6.8064974578432365,1.0368106957543013
0,46.34774406204248,3.6936630082065354,6.749510021287232,-3.055847013080697
1,57.645552653538864,8.54568183279287,10.079649775739432,-1.5339679429465622
1,71.9750593067103,10.421919957623588,12.375761591760341,-1.9538416341367526
0,67.1321413694219,7.766015486682657,11.758204059042038,-3.992188572359381
1,74.00477434571715,14.607152447001264,12.730194403639015,1.876958043362249
1,61.19797234475213,16.963133865848622,10.550022329269233,6.41311153657939
0,64.48025314816357,13.42396366991746,10.650597484573034,2.773366185344427
0,69.85658381033986,11.531683808815972,12.713443197397115,-1.1817593885811437
0,55.10348811217835,13.779181300896711,9.180499969296786,4.598681331599925
0,47.75769867795265,8.25244152089485,6.713721251478118,1.5387202694167321
1,68.1563639757623,10.14182302631632,12.257635347956382,-2.115812321640062
0,46.62151771925637,9.329286461196704,6.709692908444116,2.6195935527525878
0,47.15372202583725,7.185784293573464,6.680102200720601,0.5056820928528634
0,45.14846844625929,8.32770097572264,7.154853752797287,1.1728472229253537
0,48.12419794413199,3.6314038869418153,6.763820798834452,-3.1324169118926366
0,59.088023014656734,5.976679929787217,10.419955039635408,-4.443275109848191
1,69.77723610915183,11.635572247080392,12.70886446582832,-1.0732922187479286
0,74.97887345024876,12.780813781053354,13.78147455975003,-1.0006607786966768
0,52.441381691462496,7.899208981473602,8.13569309108724,-0.23648410961363897
0,59.28370109219789,4.249357455522135,10.451600376812683,-6.202242921290548
0,45.74639296971249,1.7765117071456231,6.902738977645203,-5.12622727049958
0,60.20605220367557,5.910501731192497,10.544251770941429,-4.633750039748932
0,47.94144280612177,8.724398290636818,6.736288642464763,1.9881096481720553
0,61.779888868769056,12.37788017810598,10.530950127753293,1.8469300503526878
0,72.09452947281585,15.85525928814488,12.356250867489038,3.4990084206558425
1,72.13435382572113,9.752134922373767,12.350358253456552,-2.598223331082785
0,54.02707619131798,7.2286924723422015,8.756595162397758,-1.5279026900555568
0,62.440355641573966,6.365877674140946,10.509773940761313,-4.143896266620367
0,49.08058305785138,2.3238931815939,6.976793527998497,-4.652900346404597
0,70.25540094329592,15.819959055904118,12.70528412200399,3.114674933900128
0,56.033948505720815,12.119140079275256,9.53670596298836,2.582434116286896
0,74.21670492287758,12.959212255675505,12.894674868421513,0.06453738725399205
0,52.232862169167824,12.32667827989954,8.055825863898518,4.270852416001022
0,48.849041690007326,10.66399636644744,6.916082208482003,3.747914157965438
1,65.74209870289363,13.451558435289886,11.066899289046782,2.384659146243104
0,63.71395105094829,11.730232356888784,10.539957677409948,1.1902746794788364
1,68.41717250631027,18.12534748145924,12.366781322821133,5.758566158638107
0,56.4079789420278,14.160171319261996,9.673351632155786,4.486819687106211
0,52.68628696059352,12.050017469725038,8.230228772443095,3.8197886972819433
0,69.73617431198946,15.379249357745111,12.705707928562186,2.673541429182926
0,55.29287916870876,12.168549440849882,9.254297402689815,2.9142520381600665
1,66.44100430813634,8.746037921670679,11.401007927030378,-2.654970005359699
1,72.39699639153503,12.258984604837632,12.320592989306293,-0.061608384468661015
1,66.31260112098178,6.608828423002777,11.3364647006825,-4.727636277679723
1,64.30423369895365,13.495940929457236,10.616861585832405,2.8790793436248308
0,49.47823757522022,6.95803681901308,7.091449423486216,-0.1334126044731354
0,51.357914761185086,13.426792720372276,7.728670041116719,5.698122679255557
0,67.89330197010909,11.72051198299028,12.138180916120614,-0.4176689331303347
0,74.95428405839267,17.849401319320204,13.744909186778065,4.1044921325421395
1,60.54602715629685,15.58436891052831,10.554736182791693,5.029632727736617
1,72.13362941179417,15.225526913184275,12.350462519361022,2.875064393823253
0,57.77544891811435,10.3760062846067,10.117049361494871,0.2589569231118283
0,54.842249568715935,15.002094478036064,9.078140469233219,5.923954008802845
0,51.61269180657434,1.4648653031792327,7.822428416992657,-6.357563113813424
0,46.11392615675079,1.8386380307187,6.797929917092725,-4.959291886374025
0,51.66468761653813,11.830131957801129,7.841727415360877,3.988404542440252
0,54.296541879243165,7.620885001029993,8.863081447270218,-1.242196446240225
0,70.24788397605337,9.222424831335488,12.705891603878753,-3.483466772543265
0,46.945594262533675,4.802002325993046,6.684543127023993,-1.882540801030947
0,67.21599018217852,15.006045309599408,11.80156983457972,3.204475475019688
1,74.73107183416855,18.56638256127048,13.438470673627869,5.127911887642611
1,61.19656648003476,10.41434843474532,10.550057420324421,-0.13570898557910205
0,68.21939982334543,7.72280769150993,12.284938139651793,-4.562130448141863
0,51.504666116006064,12.377391181812254,7.7825078784324155,4.594883303379838
0,68.7068801563359,16.10698478979676,12.474768304395834,3.6322164854009245
1,73.79410974553434,13.038789935616483,12.597560087688304,0.4412298479281791
0,64.92390021189907,12.406324121677484,10.761381994407614,1.6449421272698697
0,58.91461162030479,11.13109410112638,10.388706068698847,0.7423880324275327
0,57.88996346913554,7.997388186153808,10.149037622913244,-2.1516494367594365
0,55.42387066749436,16.808818340045182,9.305048713693912,7.50376962635127
0,47.12350953033991,6.15460247137514,6.680204470509644,-0.525601999134504
0,63.448556142066714,8.677806617619346,10.52093868863903,-1.8431320710196832
0,56.63742806191196,15.915461920400174,9.754520637640294,6.160941282759881
0,45.34230452562176,5.745539583264866,7.06146992834128,-1.3159303450764144
1,67.85237721573539,7.05242972857247,12.118882596170533,-5.066452867598063
0,59.862614613153895,9.700844357614248,10.52117127494451,-0.820326917330263
0,52.51504308987685,4.467235702744307,8.164048776649997,-3.69681307390569
0,58.85390609856615,9.11554221325059,10.377078247519739,-1.2615360342691488
0,57.299962903808144,12.791430336367789,9.974743675013283,2.816686661354506
1,74.48077388685687,21.692381480266206,13.146914983855652,8.545466496410555
0,52.62972541672474,9.681309479138138,8.208331045612109,1.4729784335260288
0,50.14070046847046,9.767387022494711,7.302931587502869,2.4644554349918426
1,69.29496519468154,6.964526030251329,12.640141331289703,-5.675615301038374
0,48.118742148299816,1.892184148788267,6.762928778878692,-4.8707446300904245
0,46.54252564497184,2.795925962187996,6.719376062598751,-3.9234501004107547
0,48.280622964732935,13.252628511833766,6.791148868143896,6.46147964368987
1,64.34323274649782,14.253386725560052,10.623870377725357,3.629516347834695
0,49.956018713238464,8.51879204389307,7.2421300548446625,1.2766619890484074
0,55.61973068342415,8.577123982970337,9.380365375843247,-0.803241392872911
0,72.32084424997602,10.79015742881228,12.32745863994492,-1.5373012111326396
1,72.02632200202184,14.85557860699376,12.367069301878097,2.488509305115663
0,48.77253017349664,6.046525281118622,6.897158850292125,-0.8506335691735032
0,74.79306783489893,15.4849384688488,13.51905697142502,1.96588149742378
1,67.64905557795106,10.322728642746016,12.020620826716359,-1.6978921839703425
1,65.40306029589023,11.161787965399592,10.925962455618688,0.23582550978090389
0,61.259463771702606,3.709921385811316,10.548413054986383,-6.838491669175068
1,65.3852508127076,8.375490250111243,10.91906573822968,-2.543575488118437
0,49.37882828049438,2.21655380352521,7.061706452680365,-4.845152649155155
1,70.28712726309942,11.33331739956069,12.70254976330839,-1.3692323637477006
1,68.94890247698517,14.17800463151506,12.552389287857906,1.625615343657154
1,74.3283903022879,16.770856224159715,12.994716507407228,3.7761397167524873
0,55.050008883528236,12.65811943353216,9.159589856509607,3.4985295770225537
0,49.24442881208058,1.7330383171835,7.022590026502538,-5.2895517093190385
0,51.46344453088539,11.350731162974416,7.767338464010807,3.5833926989636087
0,69.33589787366355,9.498891603303871,12.648526690957343,-3.149635087653472
1,71.40752808200472,11.59213773664248,12.493797734334063,-0.9016599976915831
1,73.53749889971257,16.23750838085885,12.47405962600202,3.763448754856828
0,56.47389942817988,11.142355391750204,9.696896047082245,1.4454593446679596
0,48.724855265641786,8.539889880218634,6.885673730964057,1.6542161492545775
0,46.43147190704025,4.7028901166172075,6.73544883001065,-2.032558713393443
0,58.502482646902806,6.051162098932462,10.303066763836535,-4.251904664904073
1,72.01736491840322,19.271601415656647,12.36855461674605,6.903046798910598
1,67.29603806608914,13.88971032257616,11.84276727928953,2.04694304328663
0,70.60463555201422,15.202323058840856,12.66171277819996,2.5406102806408963
0,46.34949330855032,11.453187887852112,6.7491989011579605,4.703988986694151
1,71.1596861551737,12.542829981975991,12.550346585777795,-0.007516603801803967
0,56.31495045715464,3.5942478200488788,9.639835016750304,-6.045587196701425
1,73.58404428156065,7.129311941150833,12.493534343882976,-5.364222402732143
0,46.426706416297606,4.467425014648206,6.736203886360032,-2.2687788717118265
0,59.820287736908654,8.271301037436498,10.517365430305773,-2.2460643928692754
0,65.77771767428086,7.856925834642951,11.082672278597649,-3.225746443954698
0,67.30914669676929,12.354951223956716,11.84949089430004,0.5054603296566764
0,50.93623580634123,1.8690636539456265,7.5767159013620775,-5.707652247416451
1,74.00426747081907,16.404410348920887,12.729839320507088,3.6745710284137996
0,55.80387492641648,11.97848872816128,9.450422160154584,2.528066568006695
0,72.8587907925933,6.554259507871229,12.317579572519682,-5.763320064648453
0,50.545945699708895,9.103855530383065,7.4401164023955015,1.6637391279875633
0,57.917193842050494,9.650093487751032,10.156504643316083,-0.5064111555650506
0,65.01065570450386,9.750619982313804,10.78772196016055,-1.0371019778467456
0,63.603272113054885,12.670273180169596,10.530987802085994,2.1392853780836028
0,55.00694782994498,9.916820968173985,9.142734758403158,0.774086209770827
0,70.65067158691545,8.20421282348379,12.654043321084707,-4.449830497600917
1,64.85707381353161,14.166468344563016,10.742179084862922,3.4242892597000942
1,73.98681613295113,21.28641542123912,12.717722445716191,8.568692975522929
0,50.574019416823184,5.070883839485966,7.449801432836275,-2.378917593350309
1,72.21802665805204,22.448421504999253,12.339081192074774,10.109340312924479
0,69.59228873710326,13.013329234630756,12.6905416102323,0.32278762439845643
0,71.75688911238501,12.537339240497404,12.417289487694527,0.12004975280287766
0,46.20047407838635,5.536391187055441,6.778407762821198,-1.2420165757657564
0,53.63609741393694,2.6651343665914173,8.602171537758306,-5.937037171166889
0,57.04968999382742,10.032415714043884,9.89427438921481,0.13814132482907304
1,74.90880765263763,17.327640551041924,13.678776607911614,3.6488639431303103
0,70.27025763672023,12.697540348719231,12.704037746444687,-0.006497397725455656
0,57.63841913321696,13.944496250950394,10.077562507200263,3.866933743750131
1,58.398793378528495,8.974840216077482,10.279138447549677,-1.3042982314721954
1,65.02437725749677,8.870510145915198,10.792036118459155,-1.9215259725439573
0,69.49134818614414,14.05605894700184,12.676220835980793,1.3798381110210478
0,51.47192164485399,6.1746137467552416,7.7704550796518745,-1.595841332896633
1,62.44777588671215,8.183420931756245,10.509608437648096,-2.32618750589185
0,46.19180176252,5.566228995520229,6.780278168707882,-1.2140491731876537
1,69.21532770394214,10.394502236126405,12.62257071026115,-2.228068474134746
0,60.27692350879582,8.476433093386646,10.547366607692506,-2.0709335143058603
0,61.65874090857704,10.00790976850876,10.535378759932142,-0.5274689914233814
1,73.48198300648899,13.114742717248443,12.452451276859033,0.66229144038941
0,49.78665676793222,3.195298440222747,7.187457773161315,-3.992159332938568
1,61.57781513451858,16.63168248920855,10.538272630911582,6.093409858296969
0,74.84559138756421,13.662729339562071,13.59002564141677,0.0727036981453022
1,62.53957084882886,9.885765982439969,10.507771791533493,-0.6220058090935243
0,55.87133193141396,11.649221111923264,9.47587423223291,2.173346879690355
0,61.54028126086767,9.357762287528617,10.539585346259615,-1.1818230587309984
0,54.82167156959844,9.894249026417487,9.070056926333821,0.8241921000836658
0,50.56279793897709,11.866762369331006,7.445927472130376,4.42083489720063
0,66.00153956855708,16.182465008391453,11.18534454690353,4.997120461487924
0,53.032290829247536,4.670868299221112,8.364914123412355,-3.6940458241912424
1,58.89876030581152,8.173088870518711,10.38570377593046,-2.2126149054117494
0,70.27173710677498,20.825488008276448,12.703910328350279,8.121577679926169
0,57.81019050030015,14.096952735098252,10.126853022610275,3.9700997124879773
1,71.68425367722294,8.592703285413739,12.432433430317186,-3.839730144903447
1,66.1786692308614,15.56197474545322,11.270372955162468,4.291601790290752
0,71.27028769760932,16.440414427130467,12.525196280507991,3.9152181466224754
1,62.212363818729926,11.68064328409592,10.51590401157102,1.1647392725248995
0,53.10895922691812,15.15757966806367,8.394906778981323,6.7626728890823475
0,56.69224759951486,12.15454782937644,9.773575822829123,2.380972006547317
0,53.12468169331799,10.755030894396995,8.401063201949023,2.3539676924479718
0,61.61500814507092,14.552783787704382,10.536952044147572,4.015831743556809
0,53.23814819183498,13.010263235692348,8.445547508357171,4.564715727335177
0,57.154964305802,13.10190754048663,9.928554986431651,3.173352554054979
0,56.603353369755204,6.601879410222001,9.742608488526425,-3.1407290783044246
0,49.40818668924898,9.696926405229464,7.070421939310422,2.6265044659190417
1,74.02928099587305,15.800960879565904,12.747575262154578,3.053385617411326
1,74.19847444654714,18.260548902147367,12.879240369686231,5.381308532461135
0,56.518751253098955,9.29405524900483,9.712814179323875,-0.4187589303190453
0,55.73777538740741,8.017972165341243,9.425368277145502,-1.4073961118042586
0,59.68554551063309,16.825436572430796,10.503868480129444,6.3215680923013515
0,45.65374062948764,8.156479448622322,6.934981080524725,1.2214983680975973
0,55.68027678351328,8.961950998461953,9.40348777194524,-0.44153677348328735
0,48.629087257259215,12.19982407347038,6.86334214798811,5.3364819254822695
0,51.21344868131805,5.834901945236213,7.676136446022581,-1.841234500786368
0,51.122303897790445,10.522712721822488,7.643241583403853,2.8794711384186353
0,51.46032096885656,7.175174213904907,7.76619047013657,-0.5910162562316623
0,69.36693243073802,9.59936390668628,12.654585823789674,-3.0552219171033936
0,66.3395290239739,16.957797588840467,11.34991277445536,5.607884814385107
1,72.92615983864094,9.39913465218728,12.323611709586608,-2.9244770573993275
0,48.73093777407606,3.0848969714419936,6.8871256676376245,-3.802228696195631
1,65.64083395099172,5.208636243817025,11.022999086399127,-5.814362842582102
1,72.18773644505843,9.597265605900049,12.342984391742426,-2.745718785842378
0,51.944568350539015,3.510033642074462,7.946492509000245,-4.436458866925783
0,54.40586770837508,10.154971184450536,8.906253959613931,1.2487172248366054
1,58.967914623248085,15.74710179207868,10.398624283368227,5.348477508710454
0,46.56855246579846,11.411081597792167,6.716026771820713,4.695054825971454
0,45.19366973101653,5.598278468361611,7.132042088656293,-1.5337636202946818
0,68.02917961524568,6.082476130260773,12.200931573396126,-6.118455443135353
1,64.34569758911384,13.45386631239775,10.624322105590153,2.829544206807597
1,68.70614451647631,10.953509485675273,12.474513937869656,-1.5210044521943828
0,54.03181491226688,11.940796540686843,8.758468070169315,3.182328470517529
1,65.50300185816985,13.458525768516376,10.965655254590185,2.4928705139261904
0,48.4674266767439,11.996183847945872,6.8280073309950975,5.1681765169507745
0,71.69023696660301,18.02739977859523,12.43116596750362,5.596233811091608
0,61.99061421628832,16.502356164952626,10.523295703376174,5.979060461576452
1,64.67214742703372,11.397372416822922,10.693790497208582,0.70358191961434
0,51.00581848125843,12.34637692932946,7.601493138560725,4.744883790768736
1,64.21307428157759,8.594241229980284,10.6014772830894,-2.007236053109116
0,70.03814994619377,12.936834663326,12.716116242215131,0.2207184211108686
0,50.58928743165495,5.7924033233297205,7.455078143846913,-1.6626748205171928
0,71.20317323609812,12.221848117162953,12.540499869003911,-0.3186517518409584
1,63.92796494181549,9.871717256846692,10.561889820799278,-0.6901725639525864
0,48.82810883604178,8.802139988387497,6.91084593979494,1.891294048592557
0,58.31752987900841,5.832716230792324,10.259749724455927,-4.427033493663603
1,64.67343172427933,8.5528296217347,10.69410314677294,-2.1412735250382404
1,60.721939959979125,12.644905964660792,10.556192939897745,2.088713024763047
0,62.31234636831759,10.30770817802358,10.51298606109566,-0.20527788307208006
0,50.588644867550634,13.158525672199396,7.454855936248161,5.703669735951235
0,54.43331203612512,10.382957569794195,8.91708682435685,1.4658707454373445
0,55.07767683616547,9.547188849286067,9.170411246437862,0.3767776028482057
0,53.323917122913855,12.137233726149557,8.479231441789686,3.6580022843598705
1,57.68890738972004,11.723020284842852,10.092261310256117,1.630758974586735
0,70.24415683259198,10.528678773014894,12.706186998672619,-2.177508225657725
0,55.0751040169722,10.89084484986524,9.16940527135165,1.721439578513591
0,53.95634996003102,7.030120257648445,8.728642973259841,-1.6985227156113964
1,73.0200506559824,17.098995523353352,12.335173600501458,4.7638219228518945
0,68.49035799580099,12.668932837808232,12.395476078257767,0.27345675955046467
1,57.35599040912017,11.708605057190208,9.99225915295331,1.7163459042368991
1,70.33999885706426,14.161962425633432,12.697398553990434,1.4645638716429978
1,60.41032947770803,19.048078918417428,10.55186052731615,8.496218391101278
0,51.73681280203631,3.766077036203624,7.868585392781456,-4.1025083565778315
0,59.62275432239517,16.50284776129472,10.496871754493197,6.005976006801523
0,54.597463839393775,8.512066660203292,8.981827630852175,-0.469760970648883
1,68.13704970577054,9.797044320406831,12.24916028428136,-2.452115963874528
0,59.83608444863282,11.26847617066172,10.518810305063662,0.7496658655980575
1,67.52111272178908,15.511030511726068,11.95704701208426,3.5539834996418076
0,59.06663341816607,7.081900075783822,10.41626075743735,-3.3343606816535276
1,66.77582862427532,11.672618196994136,11.573019653012551,0.09959854398158541
0,52.4143572804313,5.546674783164626,8.125308040542789,-2.578633257378163
0,69.1013971719209,11.595150694160148,12.59464473891381,-0.9994940447536624
0,54.81711259623509,10.535906853110282,9.068265691758764,1.4676411613515175
0,67.37588012881639,10.85297687318734,11.883603830380583,-1.0306269571932436
1,69.91790268096327,10.127876770404471,12.715579304462555,-2.5877025340580833
1,74.73878365328336,13.867293037121154,13.448309322619341,0.41898371450181315
0,70.74169873658585,9.366566115590096,12.637819369815126,-3.27125325422503
0,73.29741685353682,10.247096433598232,12.392732307484847,-2.145635873886615
0,47.62417058628752,2.271648028438394,6.700741814219649,-4.429093785781255
0,58.21804373834362,14.932862054396905,10.2352720635885,4.697589990808405
0,47.466123008846495,9.235984374369053,6.689309918585136,2.5466744557839176
0,55.53935901213663,16.26040776674285,9.349549848336881,6.91085791840597
0,68.18342315571564,11.88641976643544,12.269423353168452,-0.3830035867330128
0,50.78755045185315,11.77433979434316,7.524190489104962,4.250149305238198
1,59.714081967137176,15.164147179787172,10.506900738661408,4.657246441125764
0,51.832060876226855,9.555156782447792,7.904205220325586,1.6509515621222057
0,46.38257612835246,7.043826054049946,6.743454793458047,0.30037126059189934
0,47.855085186435474,7.626994704441376,6.725021864099144,0.901972840342232
0,61.82397917272225,10.048242842204909,10.52932982625055,-0.4810869840456409
0,59.71735119493087,15.859263909053666,10.507242201382748,5.352021707670918
1,72.0088519268708,14.070359751292605,12.369979646663458,1.7003801046291471
1,68.37579722865577,12.05860508479897,12.35016466291271,-0.2915595781137412
0,62.34732401677536,11.732571176097196,10.512045039555616,1.2205261365415794
0,64.27745523619868,9.12745112062795,10.612198558854733,-1.4847474382267833
0,71.26937083813064,9.929736781391428,12.525405932613483,-2.5956691512220544
0,45.550276195071085,8.824332393966051,6.973865489241722,1.8504669047243292
0,72.69340522159315,8.790686499643089,12.31025090747865,-3.5195644078355617
0,52.27483328589804,3.110240264531723,8.071851656014248,-4.961611391482525
1,64.75528235189955,12.799316483800371,10.714696363713134,2.084620120087237
0,63.91721800360729,8.24877988171822,10.560636553529076,-2.3118566718108564
0,54.05299396301759,5.949962299313165,8.766838829257082,-2.816876529943918
0,54.930875307411846,9.50577943306044,9.112923097798328,0.3928563352621115
1,57.80633056153254,16.73421355369474,10.125768015138126,6.608445538556614
0,61.2665191496753,10.287944177238762,10.548219485113616,-0.26027530787485453
0,72.67363366827517,14.440070433113718,12.310046287103715,2.130024146010003
0,51.153803418247314,5.5116267105759995,7.65458769828535,-2.1429609877093503
0,61.14955759056424,5.552562288880427,10.551184183289243,-4.998621894408815
0,46.99764584966345,6.222071364030955,6.682602908034301,-0.46053154400334595
0,56.47246667519744,9.843452248461803,9.696386187604567,0.14706606085723628
1,73.28491966943287,10.532961602243164,12.389335448515618,-1.8563738462724544
0,56.7430941288578,7.441855801707232,9.791126840891167,-2.349271039183935
0,54.76924957157211,10.23165276848496,9.049452574908273,1.182200193576687
0,50.13238868562448,5.122600596454376,7.300171196413927,-2.1775705999595507
0,53.40267441623661,8.157321177012124,8.510201072323689,-0.35287989531156505
0,56.90153519005503,7.063761541684412,9.84502388929484,-2.7812623476104275
0,49.47963179550729,6.333978952721097,7.091871152370811,-0.7578921996497145
0,45.20616393196266,1.9986372961593133,7.125848670589534,-5.12721137443022
0,58.85257448586262,6.531699175595656,10.376819254798663,-3.8451200792030074
0,45.159759817974695,13.287887497509765,7.149095686998017,6.138791810511748
0,48.281204162155085,8.592124415605404,6.791256579196571,1.800867836408833
0,52.95166501162726,16.52592518420751,8.333426944049782,8.192498240157727
0,45.6733047994996,8.141095905550022,6.927971691841617,1.2131242137084053
0,67.97483923251303,18.353724661545563,12.176090396042904,6.177634265502659
0,53.81305610987516,5.333400260871805,8.672027378676548,-3.3386271178047426
0,64.73121197487488,13.987270276846196,10.708503025844514,3.278767251001682
0,56.96555938926383,10.848287561030164,9.866447770960368,0.9818397900697953
0,45.006148482411454,3.5845204786661644,7.230876351443168,-3.646355872777004
0,45.489569804009435,9.762883610987023,6.99811942656164,2.764764184425383
0,73.40520708750739,16.43347448634854,12.425393051098911,4.008081435249629
1,58.285180802996486,10.611717937343172,10.25187911757438,0.35983881976879317
0,47.50133300050472,5.8363653981638555,6.691477143701825,-0.8551117455379691
0,71.19371176060848,13.70625376326072,12.542647917901038,1.1636058453596831
0,53.35940864575626,2.416809015504908,8.493183316797772,-6.076374301292864
0,59.57314040476298,9.591493645453763,10.49103064709124,-0.8995370016374764
0,57.25019785956836,5.100520580465769,9.959028980409649,-4.858508399943879
1,58.19360968573665,13.10161914080866,10.229137822527262,2.872481318281398
0,47.17556687928474,6.438813875868462,6.680140491967471,-0.24132661609900907
1,67.80984897846443,10.317530655408095,12.098647133120947,-1.7811164777128514
0,53.9578189133104,8.433909931671785,8.729223493412716,-0.29531356174093126
0,50.734263122804,3.8361232627208,7.505508846807443,-3.6693855840866427
1,66.88523430458574,13.272026043225868,11.629869727672052,1.642156315553816
0,51.531923170668776,4.2262321560635145,7.792557977686777,-3.5663258216232627
0,69.4202847587492,15.763917052773802,12.664389975650304,3.099527077123499
0,63.377785853337926,18.28708458404744,10.517249354594917,7.769835229452525
0,65.71016927990343,10.077290240200874,11.052903978169851,-0.9756137379689775
0,73.72670124677128,6.158967651453679,12.56122244610483,-6.402254794651151
0,70.93552216297,10.78064428071346,12.599373991792643,-1.8187297110791825
1,60.67582737518004,8.16898199176758,10.556041212645678,-2.387059220878097
1,69.18248861675906,17.34719180582513,12.614852614934044,4.732339190891086
1,69.10490257624289,15.7308816742093,12.595551550254203,3.1353301239550966
1,71.26870316781964,10.218370036006846,12.525558597044954,-2.3071885610381084
1,60.51832286534913,16.015124773502624,10.554279884019058,5.460844889483566
0,49.05682045434746,4.84483014925486,6.97033786782031,-2.1255077185654496
1,74.90743594355823,13.943321911184183,13.676811749457434,0.2665101617267496
1,61.38683961331087,16.642847943874646,10.54466805740963,6.098179886465015
0,62.664537105721166,6.822147615050104,10.505966545333383,-3.6838189302832784
1,67.52432799247676,15.092389245678822,11.958658683543188,3.133730562135634
1,64.23735607282835,5.200197989530041,10.605440401925591,-5.40524241239555
0,51.00690038067371,2.722930201287072,7.601879349138668,-4.878949147851595
0,65.38094164169308,8.154158637616419,10.917405251327942,-2.763246613711523
0,48.04454996888102,6.3037760621986045,6.7512207914624875,-0.447444729263883
0,53.90012650505624,9.051566421439821,8.706425523206082,0.3451408982337387
0,55.459905863454765,3.332930029168816,9.31896046433268,-5.986030435163864
0,74.70312921038064,16.661679595473323,13.403259779482564,3.2584198159907594
1,65.47854250054174,11.110477858620293,10.955788792135575,0.15468906648471759
1,60.59224697488654,15.1153065463082,10.555355044077656,4.559951502230545
1,74.16810532862065,13.354010693231448,12.854076682314801,0.4999340109166468
0,60.15055760254438,15.83719465742822,10.54143991780905,5.29575473961917
0,56.86832210317184,10.974056984563104,9.83382798987926,1.1402289946838433
0,58.08138086638238,11.409680025556035,10.2003557398356,1.2093242857204345
0,48.618581107619434,3.7909150495665513,6.860954027383004,-3.0700389778164525
0,54.698145890000966,10.476885646585536,9.021480291916415,1.4554053546691215
0,68.34403007279923,18.11099682729724,12.337219828363388,5.773776998933851
0,57.66961124279775,9.41301262407275,10.086663983118724,-0.6736513590459747
1,60.29702117872304,8.336504524690909,10.548155718818196,-2.2116511941272865
0,51.80909013398808,3.7776194655739306,7.89559943975542,-4.117979974181489
0,46.90340219343732,0.8327420994341894,6.686531425606355,-5.853789326172166
0,56.46917952242568,8.011011099125632,9.69521610414968,-1.6842050050240474
0,53.86701585789722,3.724143469338133,8.693343297206836,-4.969199827868703
0,70.5811407931484,7.8081890983874755,12.6654769559852,-4.857287857597725
0,53.49407670123232,12.940721618899412,8.546184900806772,4.39453671809264
1,64.60974698216754,16.320932256833867,10.678983040635186,5.641949216198681
0,64.48978865191384,11.562640805576216,10.652582194368538,0.9100586112076776
0,58.22158214322551,11.119147420443248,10.236156423091348,0.8829909973519001
1,57.3597559669068,11.987641557226636,9.993429544990676,1.9942120122359608
0,45.47276456801428,8.397180089562772,7.0050239445237,1.3921561450390723
0,53.06450888449537,9.595536351156378,8.377511983295092,1.218024367861286
0,45.00531537876745,4.300957475797958,7.231340343995746,-2.930382868197788
0,73.52202856916544,13.183067640916216,12.467862700896513,0.7152049400197029
0,47.20427568670976,2.871622951150612,6.680332931445565,-3.808709980294953
0,56.42856110861148,7.786416122321195,9.680721551155179,-1.8943054288339836
1,73.02128915762663,15.932160780349506,12.335351487387081,3.5968092929624245
1,67.85484778467014,9.604882856403774,12.120052533070972,-2.515169676667197
0,52.9121870879,6.885840898279993,8.318030764244941,-1.4321898659649488
1,67.84151475891085,8.662900495400542,12.113731315955224,-3.450830820554682
1,57.43494258270555,11.901329919253522,10.016616187323018,1.8847137319305034
0,58.76473975350197,12.185117769902869,10.359367680649758,1.8257500892531109
0,67.13913907774614,9.110337858897326,11.761829936249262,-2.6514920773519357
1,61.81499012372295,8.20315957334711,10.529659987113549,-2.326500413766439
0,68.64630791248119,17.71490325559425,12.453470173597992,5.261433081996259
0,56.82289522666177,6.850228834721933,9.8184260300001,-2.968197195278168
0,50.33505070666503,2.6147447855962147,7.3680989342533465,-4.753354148657132
0,61.90002238641394,7.378974432953979,10.52654929613568,-3.1475748631817018
0,50.45206566468906,6.381553807605382,7.4078950266333,-1.026341219027918
0,72.34674921477547,9.422326271758402,12.324949475628067,-2.9026232038696644
0,59.471457904504256,6.214911331695394,10.478209215607475,-4.263297883912081
1,74.80725008450986,12.729194290201283,13.537974274408677,-0.8087799842073942
0,68.50925418889064,16.002847496678868,12.402735943381384,3.6001115532974843
1,69.95512376693237,8.439746508504172,12.71626751987777,-4.276521011373598
1,70.78817321717473,11.213817117055973,12.629044184737367,-1.4152270676813945
0,64.47360279959963,11.91344381271834,10.649223052235373,1.2642207604829672
1,74.9754398432263,14.1345848451104,13.776334418021364,0.3582504270890361
1,69.12812501850198,13.479714931070673,12.601483653542783,0.87823127752789
1,73.84548806298217,16.67720206210235,12.627201521774046,4.050000540328304
0,54.69247640057933,13.580465847159186,9.01924873825628,4.561217108902905
0,52.213827040174735,9.79920124677435,8.048566365516624,1.7506348812577261
1,73.68057495047475,18.72223630275334,12.537989192808329,6.184247109945012
0,53.721459457942935,4.655131442481873,8.63585798628558,-3.9807265438037076
0,61.48131229464392,8.015735107586627,10.541598664696256,-2.525863557109629
0,53.80039589206173,10.683003711370809,8.667026984379476,2.015976726991333
0,53.732958681996536,11.126549860977065,8.640397601734687,2.4861522592423775
1,71.90032264467071,14.256312581252208,12.389218758166889,1.8670938230853196
1,73.66988455160218,13.395040327138927,12.532790587490208,0.8622497396487194
1,68.50865343431519,14.334730849259447,12.4025060950556,1.9322247542038475
0,66.40784633722853,9.429124063811695,11.38424357972492,-1.9551195159132249
0,72.12598263719191,18.629676148033543,12.351569820786198,6.278106327247345
1,68.61204260813919,20.6676504897768,12.44111052397718,8.22653996579962
0,53.803807833994526,9.59625486410545,8.66837456253281,0.9278803015726407
1,69.94433478549296,13.203962695175406,12.716115803748542,0.4878468914268641
0,60.02523766521744,3.0266712263291646,10.533821314458766,-7.507150088129602
0,60.04734921357482,10.404267466618236,10.535297395180024,-0.1310299285617873
0,55.28583123459148,2.9988752844188986,9.251559354176463,-6.252684069757564
1,65.0065471324357,8.021549513467324,10.786438063563038,-2.764888550095714
0,69.22384272706742,12.913636046242267,12.624527375536161,0.28910867070610635
0,62.53099987206068,4.938717241590616,10.507926046515594,-5.569208804924978
1,58.869722426906726,10.38110583731593,10.380141597932365,0.0009642393835651575
0,60.86784722674112,13.259618405331018,10.555697050561808,2.7039213547692107
0,47.1929210717834,8.960587171630287,6.6802375985019475,2.2803495731283396
0,56.52947664120843,4.467893622396992,9.716608243628071,-5.24871462123108
0,50.4810450112299,4.4611073418559855,7.417813787472161,-2.9567064456161756
0,54.6109393212098,7.601964299161915,8.987137570140751,-1.3851732709788358
0,61.74865989596766,12.992497260180826,10.532097393625772,2.460399866555054
0,55.32565957781743,10.853783835066544,9.267022801533733,1.5867610335328113
0,50.98933906379884,12.582826084450602,7.595614034240314,4.987212050210288
1,59.27183495944273,7.823691799521997,10.44979350850066,-2.6261017089786627
0,59.636794566949966,13.61430302527056,10.498474781134945,3.1158282441356153
0,61.55592976982846,7.460952837161827,10.539040719107225,-3.0780878819453985
0,48.706727678420265,4.926464164652451,6.881370021093417,-1.9549058564409663
1,63.19142776000498,13.447908119656985,10.51003720998897,2.937870909668014
1,60.054757096730825,19.21342760193151,10.535779047220423,8.677648554711087
0,57.330854316975774,8.51942251247182,9.984424428407518,-1.465001915935698
0,69.56306924245581,5.904831971187053,12.686701549392733,-6.78186957820568
1,64.49055362076243,17.65250151922276,10.652742130446903,6.999759388775857
0,66.50351917725789,12.62027487761046,11.432777557697452,1.1874973199130068
1,59.70497686797636,13.964461568579871,10.505943307977518,3.4585182606023537
1,72.94872763752363,9.445449143797767,12.326049107065133,-2.8805999632673664
1,71.70982377116852,14.752446532047085,12.427040912303541,2.3254056197435435
0,48.0957999632179,8.82702842752403,6.759223992738952,2.067804434785079
0,62.13659022404312,7.086265400687723,10.518309006728682,-3.432043606040959
0,51.70011031528497,2.909830764509672,7.854905543482732,-4.94507477897306
0,68.79208668923096,19.736325917215904,12.503496169315351,7.232829747900553
1,65.78459649936599,14.55709246761292,11.085737491136308,3.4713549764766114
0,54.30077111910572,5.423118807670781,8.86475205635727,-3.4416332486864896
0,71.5672548767572,7.397184578497149,12.457821501486936,-5.060636922989787
0,55.24863651959719,16.063285635679378,9.23709816787418,6.826187467805198
0,64.80317996538014,7.441549343107741,10.72736592330866,-3.28581658020092
1,69.29934489833494,9.43765325689235,12.641059742049077,-3.2034064851567265
0,50.19913706177826,5.088925286398753,7.322401088361665,-2.2334758019629115
0,53.360917159619845,12.695330602567983,8.493776483816331,4.201554118751652
1,59.60148607448016,12.156353957490674,10.494401430494026,1.6619525269966484
0,62.67204106626682,9.135869826561237,10.505886156106413,-1.3700163295451766
1,65.30885802833274,3.735199950731508,10.890114323492753,-7.154914372761246
0,52.58022878775599,12.39322968772676,8.189199256879393,4.204030430847368
0,45.968769878814335,10.957904862259706,6.835015065880415,4.122889796379291
0,72.36558574813446,14.120798872310353,12.323236254068117,1.7975626182422353
1,63.32133706925531,14.75819052394688,10.514692200587154,4.243498323359725
0,53.16333639634546,3.9742357145777945,8.416207181644378,-4.441971467066583
0,55.4433407926782,13.254638611890702,9.312568198472546,3.942070413418156
0,67.10432224625009,8.125524723847448,11.743779410410808,-3.6182546865633594
1,71.04524081997705,6.282138110834239,12.575824616623683,-6.293686505789443
0,46.99640876712422,8.213679043144346,6.682642506240622,1.5310365369037235
0,52.9568600639406,9.531812729907113,8.335454054151059,1.1963586757560538
0,74.86002510556489,14.538500292144985,13.609966586566596,0.9285337055783884
0,50.85755120927861,7.257064668806096,7.548847121177105,-0.2917824523710095
0,54.075788366224565,10.297092415480908,8.775848078835772,1.521244336645136
0,51.92827418085768,8.388106660354012,7.940354273944017,0.44775238640999504
0,46.878275985194485,9.145820841389343,6.687894219772891,2.457926621616452
0,55.57730261541438,5.002825110359481,9.3641146002765,-4.361289489917018
0,56.23103949702724,10.70482581832558,9.609325475310765,1.0955003430148142
1,74.0068621108968,12.629335274620152,12.731658832310647,-0.10232355769049484
0,52.22915935974236,8.244393678413514,8.05441328235052,0.18998039606299422
1,71.00793662959722,14.908958829223405,12.583945287736046,2.3250135414873583
1,63.41130010776057,12.618634325690136,10.518928187739995,2.0997061379501414
0,62.99262638465683,8.328486000683414,10.50595091779093,-2.1774649171075158
0,56.183099523281946,13.822246076998145,9.591781849901341,4.230464227096803
0,66.93983516334274,6.928983576950948,11.658277369407788,-4.72929379245684
1,65.76447335815564,20.591786909128505,11.076787891828046,9.51499901730046
0,53.49292957717505,2.645569864143749,8.545733039227244,-5.900163175083495
1,59.81738381092576,9.365898800410728,10.517096651425975,-1.1511978510152474
0,48.591716508030125,7.524230276315814,6.8549043221272505,0.6693259541885634
0,74.9599821537468,16.756669609458086,13.75333181254901,3.0033377969090758
0,72.78201310464682,15.071977454401251,12.312897697772422,2.7590797566288288
0,54.14609385921216,8.024618970461502,8.80363484571393,-0.7790158752524281
0,52.978456780037085,13.252268812879002,8.343883704522373,4.9083851083566294
0,62.32364495199916,18.603182045443315,10.512677233204023,8.090504812239292
0,46.75075785267842,9.518105168283876,6.69690366700882,2.8212015012750564
0,50.0422997734394,0.9162797785666638,7.270395795884266,-6.354116017317602
0,49.87148643962853,11.270944708971196,7.2146960680721035,4.056248640899093
0,57.594328614963935,9.75063795118095,10.064586003444933,-0.31394805226398326
1,68.79445901561172,13.757188972914236,12.504274831725176,1.2529141411890592
0,73.68098647820582,18.65477514597499,12.538190703736106,6.116584442238885
0,53.631530103341376,10.851248937490992,8.600369812515567,2.250879124975425
1,62.80644260603326,12.260769223177924,10.505040942796011,1.7557282803819128
0,50.65340132399383,2.049154366931996,7.477308307963905,-5.428153941031908
0,49.96886378221443,10.501498099141603,7.246322027973843,3.25517607116776
0,55.999467604162234,9.713229951905832,9.523872549364391,0.1893574025414413
1,71.26706762176771,22.003738229936545,12.525932542236125,9.47780568770042
0,62.073539535226885,10.865167739699588,10.520413934822255,0.34475380487733354
0,54.140317706195034,8.69174987596288,8.801352029556277,-0.10960215359339642
1,63.668715651826254,14.710164845437808,10.536104794589438,4.17406005084837
0,53.64769537685877,11.913756878276104,8.606747060532475,3.3070098177436282
0,74.78644868057128,19.07297003586122,13.510289665707381,5.56268037015384
1,67.27837691726751,19.533528421034426,11.833697799237555,7.69983062179687
0,47.168339362899225,6.801612555821928,6.680117441508009,0.12149511431391868
1,72.18638664986456,14.94440255889582,12.343163154816596,2.601239404079225
0,64.08772739026891,10.575280289038696,10.58252955000189,-0.007249260963194004
0,56.113840884683775,3.4375102881110893,9.566297790415565,-6.128787502304475
1,67.29073381543884,13.195762678739577,11.840044683691675,1.3557179950479021
1,57.43194719931046,11.58039471447634,10.015699156830115,1.5646955576462247
1,69.36216501371695,22.09472959463669,12.653671935839945,9.441057658796744
0,72.51367058831244,18.48426545038356,12.313237138258401,6.171028312125159
0,59.45711412464074,11.191457892904443,10.47630962856443,0.715148264340014
1,65.8256633363472,13.681091757436652,11.104162459960328,2.5769292974763243
1,61.769350949722075,5.0928468834554925,10.53133743130932,-5.438490547853827
0,66.31782077559197,4.669602210216104,11.339067561248127,-6.669465351032023
0,67.31232020928711,13.918610516365687,11.851117576427967,2.06749293993772
0,57.16796486863844,11.656744260054422,9.93274560700867,1.7239986530457525
0,61.209353876326645,16.123884390492385,10.54973535849472,5.574149031997665
1,73.73935773385804,13.144636508354706,12.56782744097759,0.5768090673771162
0,63.24026822281667,11.92255315402372,10.511592250155008,1.4109609038687125
0,69.97683977336249,10.795600284603651,12.71645387336131,-1.9208535887576588
0,58.31090311905341,8.539749949497352,10.258144430554886,-1.7183944810575333
0,45.18892787666561,6.606339573304733,7.134405310138771,-0.528065736834038
0,45.6582210032534,7.477149484011853,6.93336629766317,0.5437831863486826
0,54.19857530489931,7.622340832801456,8.824375020160666,-1.2020341873592102
0,65.64925193384465,5.998023741530332,11.026593436216926,-5.028569694686594
1,68.75187244216012,13.559472704628435,12.490120728435002,1.069351976193433
0,72.71318318687725,16.639273706301832,12.310594168527626,4.328679537774207
0,51.22012806159237,12.488799906060295,7.678554785349128,4.810245120711167
0,49.69560729030989,13.642890713909544,7.158588077051861,6.4843026368576835
1,68.79889976297837,11.412637595294816,12.50572927029011,-1.0930916749952946
0,71.77645537950691,11.234055859450732,12.413307205492904,-1.1792513460421716
1,61.25775970777157,17.701541079573577,10.548459541868745,7.153081537704832
1,73.22085678192617,11.713694153298531,12.373155442411717,-0.6594612891131852
0,47.507188602890245,-0.8306475270149541,6.691858938207876,-7.52250646522283
1,71.519110246156,13.736309318553593,12.46854362678587,1.267765691767723
1,72.27450228283561,16.551912480070026,12.332376329196286,4.21953615087374
0,47.28710225489328,6.918397232187404,6.6817809059610624,0.23661632622634166
0,52.09876453922958,9.85925056787384,8.00480341428497,1.85444715358887
0,60.23273043593642,11.1836199295501,10.545485889379558,0.6381340401705415
0,53.03414315106789,7.7579159188290046,8.365638180869064,-0.6077222620400597
0,62.26331909288154,8.248156005555884,10.514377035098656,-2.2662210295427716
0,54.729259077783674,6.556445835047704,9.033723665442489,-2.477277830394785
0,61.3227396749714,3.732027458747425,10.546616361153557,-6.814588902406133
1,63.76143640627414,10.330688245122086,10.54428787299682,-0.21359962787473386
1,60.11211323108656,14.28454923410082,10.539293292636637,3.7452559414641833
0,60.88233557628503,9.048169298551416,10.555572247432037,-1.507402948880621
1,74.82088773759327,9.367067059093936,13.556336001603748,-4.189268942509813
1,64.31056292231041,13.070603005712565,10.617981425940265,2.4526215797723
1,61.84545413150288,8.830311285199635,10.528541929096201,-1.6982306438965669
0,62.51739971002512,12.124301012090788,10.508178334649479,1.616122677441309
0,50.45076242528302,7.545728557031235,7.407449548858302,0.13827900817293326
0,45.591487590540325,7.20415060702337,6.958009333769711,0.24614127325365853
0,56.203864987202955,10.402528963165066,9.599390813474127,0.8031381496909393
0,52.88947296669404,1.8496463682033295,8.309179005054897,-6.459532636851568
0,54.63296210787957,12.222564350604523,8.995813767937397,3.226750582667126
1,74.97566682818609,9.69923446307508,13.77667387291146,-4.07743940983638
0,70.72242095018245,9.860754475835062,12.641365686403406,-2.7806112105683436
0,62.71136701555838,6.323804326098986,10.505520310856983,-4.181715984757997
1,69.62816134603972,17.047614175575948,12.6949097959572,4.352704379618748
1,73.28097206481286,12.08880686675514,12.388278937261855,-0.29947207050671487
0,69.45662644366172,12.248033396548058,12.670617607919608,-0.4225842113715501
0,51.716731130352834,10.446319094646595,7.861097293109861,2.5852218015367345
1,70.38026667214078,6.747623974826418,12.692997052396475,-5.945373077570057
1,68.47479224087579,13.334240014407015,12.389449246696419,0.9447907677105967
0,48.05329529718293,7.228060512724342,6.752559556775174,0.4755009559491681
0,58.62569213001086,5.0841147392575445,10.330285113660377,-5.2461703744028325
0,47.58339324199636,11.102304624182556,6.69737639658789,4.404928227594667
0,68.95011149606171,11.297964188427038,12.552745353247808,-1.2547811648207698
1,59.75812219252308,15.39228781337019,10.511397868180097,4.880889945190093
0,53.291053386822746,9.233144566064887,8.466319357180197,0.7668252088846899
0,55.90168478486359,13.993133751745225,9.487286442002615,4.5058473097426095
0,45.85836335423307,7.0514769147642475,6.866958340300347,0.1845185744639002
0,50.487020231608234,14.259542747795352,7.419861995740825,6.8396807520545275
0,55.489070365015536,5.784129658926198,9.33020260356276,-3.5460729446365624
0,56.793557204163626,13.221697452242909,9.808425308178446,3.4132721440644627
1,71.47971525856829,12.06017760338033,12.477406050824033,-0.41722844744370313
1,57.690368863870944,10.008861905890331,10.09268421200947,-0.08382230611913855
1,73.59450111967656,8.019580330438313,12.498082790306272,-4.4785024598679595
0,52.290630891401115,7.59343446056115,8.077890356495267,-0.48445589593411675
1,74.67457097936462,12.287431083188435,13.367978035041153,-1.0805469518527175
0,70.9594439113985,15.220335600703072,12.594330404155128,2.6260051965479434
0,67.59368203354724,9.795713647501394,11.993251893385633,-2.197538245884239
0,65.98986618755934,7.21982718094699,11.17984936480594,-3.960022183858949
0,53.12116853269943,10.200123487553885,8.399687392809902,1.8004360947439828
1,69.54476841520184,19.197215562638707,12.684168829663381,6.513046732975326
0,54.292404565335474,12.537861037283978,8.861447117250222,3.676413920033756
1,58.79054356133582,10.986028599463214,10.364569399033504,0.6214592004297099
0,45.204113382770814,8.473014094547544,7.126861818638364,1.34615227590918
0,58.648348775341965,17.795468181613444,10.335143527139518,7.460324654473926
0,50.229842102473896,12.692665486456924,7.332674584820636,5.359990901636288
0,45.030456218119866,9.71720329987872,7.2174362201721305,2.49976707970659
0,45.30225837465587,5.28265216546334,7.0798203372606245,-1.797168171797285
1,73.42903459566051,19.492182688961964,12.433445579624484,7.05873710933748
0,45.31683831584007,2.830632889929599,7.073083126962166,-4.242450237032567
1,74.07745119352755,10.195453951782929,12.782967173143197,-2.5875132213602683
0,47.23138326882899,5.252317557583617,6.680661669010944,-1.428344111427327
0,57.74997954723534,7.051655611114212,10.109808225621606,-3.058152614507394
0,72.82394153602294,10.93177634439612,12.315171416509967,-1.3833950721138475
0,67.06404623153252,17.668689530072562,11.722870869279543,5.9458186607930195
0,68.07744891546751,11.006992781702866,12.222696337923521,-1.2157035562206548
0,66.78504866297207,12.046894795290088,11.577804295824006,0.4690904994660823
0,64.59805742119383,11.21751258322227,10.676291946514738,0.5412206367075321
0,60.89715231674396,16.146055707174437,10.555431351503913,5.590624355670524
0,62.92611951933239,4.57325774773842,10.505325673508608,-5.932067925770188
0,56.221971015387744,8.358288366777728,9.606013040344667,-1.247724673566939
0,59.90074262403983,15.353022279754008,10.524419464677997,4.82860281507601
0,68.46898653977995,11.548423955295668,12.38719069931123,-0.8387667440155617
0,61.077983722453496,14.128683091805636,10.552714522804532,3.5759685690011036
0,49.86529634426724,6.725604266656888,7.212698141096408,-0.4870938744395197
0,63.53078778323828,12.914950217832564,10.525930648660033,2.3890195691725307
0,48.8316933220758,5.528450709429457,6.911739465682142,-1.3832887562526848
0,60.12196259216652,4.564850186666883,10.539859014243817,-5.975008827576934
0,70.18992935193873,11.527295058557684,12.710039985166874,-1.1827449266091907
0,53.12582439823241,14.696559090338985,8.401510723696347,6.295048366642638
0,48.0690196698178,10.879378808930806,6.754994647784738,4.124384161146068
0,46.04435706665844,5.4603733843493085,6.815016818591962,-1.3546434342426537
1,64.1558504198731,12.977926621372442,10.59251678722149,2.385409834150952
1,65.51879800968169,12.777583545802823,10.972078181358409,1.8055053644444143
0,59.623280888400096,12.835523580830412,10.496932273517032,2.3385913073133793
0,45.08078356541668,10.555428380211836,7.1902086336222455,3.3652197465895908
0,69.18008098678267,17.28974013279872,12.614276075749956,4.675464057048764
0,52.43562179140864,9.709168591901987,8.133478834368251,1.5756897575337359
0,69.96077352533646,16.772131740172668,12.716331335442835,4.055800404729833
0,66.44373065055436,7.408005083565778,11.402389109746062,-3.9943840261802848
0,47.55944492408252,13.124820276499417,6.695533333061803,6.429286943437614
0,52.33153345404277,1.539195286832045,8.093542285284865,-6.55434699845282
1,60.192251016975945,16.081784975186757,10.543583619122835,5.538201356063922
1,70.2850234432955,14.340598571539063,12.702739512548819,1.6378590589902444
0,48.608341423527214,11.598045411919154,6.8586384618511635,4.73940695006799
0,45.85640155374282,4.028592497294191,6.867555671324496,-2.8389631740303045
1,70.43671992632065,19.16753089449628,12.686165295383566,6.481365599112715
0,63.35722700647671,13.652054006734437,10.516279169733451,3.1357748370009855
0,56.825740735138,4.086775743589381,9.819393778166585,-5.732618034577205
1,68.9981257117199,11.393924750192484,12.56661841846147,-1.1726936682689857
0,57.12141740172423,8.804881293153585,9.917697574262169,-1.112816281108584
0,55.39900884194471,3.236968209910406,9.295437444816775,-6.058469234906369
0,55.09792043421266,12.24416602497616,9.178324309457558,3.0658417155186015
0,58.32140524174165,11.347417542023516,10.26068682852923,1.0867307134942852
0,51.22002248585398,3.1018060020272147,7.678516552466251,-4.576710550439036
0,50.18805445370671,4.658763755857668,7.318700309580098,-2.6599365537224298
1,74.33264258058267,10.94737450375445,12.998714688263625,-2.0513401845091757
0,45.68339165879566,10.263098231151805,6.924400079126873,3.3386981520249313
0,50.283282525149595,9.896244899902381,7.350625468080792,2.5456194318215895
0,72.27560370776867,10.627664197017742,12.332253216928855,-1.7045890199111131
0,48.55316545078241,12.83578158386794,6.8463674409940545,5.989414142873885
1,58.661529284532335,8.894275029602996,10.33794866133787,-1.4436736317348746
0,71.55536358600999,10.227548614203664,12.460457251919761,-2.232908637716097
1,62.56291732691683,7.16030291362285,10.507370583936702,-3.3470676703138516
0,45.101678234454205,4.492057080417495,7.179140444925027,-2.687083364507532
0,61.88793565063814,13.787498513411848,10.526989124062492,3.2605093893493553
1,61.492289266769134,11.485906889326085,10.541228937649002,0.9446779516770825
0,53.94347274778663,12.868653109665136,8.723554072412446,4.14509903725269
0,47.69907739172434,8.958643044256378,6.707658291511189,2.2509847527451896
0,61.41970782590431,5.938141568809691,10.543624723220086,-4.605483154410395
0,55.986518073817294,7.354097445566266,9.519043542171529,-2.164946096605263
1,71.93153605959441,12.025649625563034,12.383490800650156,-0.3578411750871222
0,52.23270294480077,11.315391829632892,8.055765117301465,3.2596267123314266
0,66.04437759508032,5.90215434667334,11.205631058124267,-5.3034767114509265
0,50.37852303075058,8.7480513582782,7.382835516415971,1.3652158418622289
0,54.898212430372496,11.826497965016337,9.100110199346311,2.726387765670026
0,53.52712762618222,10.97691309382268,8.559206518240932,2.4177065755817484
0,73.04292752597556,13.597524454564187,12.338568528282751,1.2589559262814358
0,70.52984890196288,11.23673830726774,12.673322483675307,-1.4365841764075675
0,53.20720294531144,8.074120657361677,8.433406354310364,-0.35928569694868706
1,59.9583822559423,14.4311759412828,10.529002909200894,3.9021730320819064
0,45.84134432313779,8.41202332138085,6.872175191561728,1.5398481298191227
0,72.68792449940521,12.237007677452125,12.310180395730317,-0.07317271827819205
1,64.03635212569239,11.806402667006497,10.57547428991918,1.2309283770873165
0,64.17686464445877,10.178379652695188,10.595745985112977,-0.41736633241778875
1,66.27356843449125,6.230226066117617,11.317061859096265,-5.086835792978648
1,63.596570986741256,6.759104955841923,10.530493716758382,-3.7713887609164596
1,71.22474557236104,20.093336098108367,12.535592299832736,7.557743798275631
0,60.06848161611559,10.207401878693393,10.53665447185304,-0.32925259315964794
0,59.35320011514349,10.978062701545888,10.461886689632028,0.5161760119138599
0,49.772493527532205,15.237940877250882,7.1829410292781075,8.054999847972773
0,47.09791449928982,7.986352819807438,6.680433152959937,1.305919666847501
0,68.98883489626073,13.487588929018331,12.563974947676638,0.9236139813416937
0,49.173831593847616,7.728822134487243,7.002589818872112,0.7262323156151309
1,64.36415268223996,12.930174297880232,10.627737669802968,2.3024366280772632
1,73.38556243270483,17.685507582958103,12.41898412368121,5.266523459276893
0,47.19109097204497,2.081890100279137,6.680224583147834,-4.598334482868697
1,66.86786194280721,10.687705588943658,11.620834093968273,-0.9331285050246159
0,54.147559401912886,1.0670122696493598,8.804214045099629,-7.737201775450269
1,68.890298965576,8.741930501316336,12.534740418353941,-3.792809917037605
0,56.807232246785055,5.562208561004463,9.813092038478342,-4.250883477473878
0,56.835898992553,15.679890156422152,9.822845335808038,5.857044820614114
0,62.75959194182336,10.75855802927214,10.505203311880791,0.25335471739134796
0,71.43947632380275,8.396467035444163,12.48652329949205,-4.090056264047888
1,71.92723258562704,10.502937977549434,12.384271592120317,-1.8813336145708828
0,45.76552230772798,11.328136097591647,6.8963812154603525,4.431754882131295
1,67.16749087546432,13.745866071392536,11.776508838509711,1.9693572328828246
0,52.868483225658,6.207127904147779,8.301003649364171,-2.0938757452163923
0,50.598416453543486,6.983444905566634,7.45823635418662,-0.47479144861998623
0,47.102250306848475,5.26856287076267,6.680385202338723,-1.4118223315760527
1,58.796931152611215,14.03078250792745,10.365847483307107,3.664935024620343
0,57.95487005622326,12.570182995658405,10.166746080129606,2.4034369155287987
0,47.9842726506656,10.19736596827406,6.742298928675291,3.4550670395987684
0,71.57703289710639,10.77926737515514,12.455660846834084,-1.676393471678944
0,46.22143638355443,12.562772479931644,6.773964952049704,5.788807527881939
0,66.32325396922076,9.481664367615329,11.34177891037038,-1.860114542755051
0,72.9414369057024,9.969906682182403,12.325238419947091,-2.355331737764688
0,69.70006675582422,9.561095604547694,12.702496781505904,-3.14140117695821
0,52.050695085993965,10.748376467246766,7.986583004238072,2.7617934630086944
0,47.80234333978598,7.620550974179106,6.718713731070746,0.9018372431083597
0,65.75734441734512,11.54966050756278,11.073630036483536,0.4760304710792447
0,73.52308668501996,13.271473922253309,12.468282203162506,0.8031917190908029
1,74.51934026458042,11.054808852400466,13.188404058063199,-2.1335952056627328
0,54.26088094103888,8.196682675179137,8.848993582378865,-0.6523109071997286
1,59.6048160908104,10.210035803858394,10.4947915522077,-0.28475574834930484
0,71.53130356073585,10.000198582293937,12.465815820829302,-2.4656172385353656
0,59.32310706705662,10.158275220097469,10.457495100977741,-0.2992198808802726
0,54.85120147708632,11.846561456716628,9.081656160374404,2.7649052963422243
1,59.55153241812217,8.033274392796384,10.488401195994882,-2.455126803198498
1,65.40552752340744,4.910139180255827,10.926922189998297,-6.01678300974247
0,47.810055237471936,8.858474573833698,6.719608547634603,2.1388660261990955
0,58.67646031179813,6.45748139309602,10.34110738630374,-3.88362599320772
0,68.09921089599872,17.03218005965371,12.232412707850623,4.799767351803089
0,71.42688543553015,9.27821810576415,12.48938695860034,-3.21116885283619
1,62.27390864527576,14.068905836373236,10.51406981728478,3.554836019088457
1,63.359239236270895,13.801673619537848,10.516372146711745,3.2853014728261023
1,69.91151051734293,13.379276639087443,12.715414583465476,0.6638620556219674
0,55.75779379271578,10.348252084819334,9.432967423683001,0.915284661136333
0,50.6783376288519,5.735719305578888,7.485985573172974,-1.7502662675940863
0,54.50800598007383,4.623496831721353,8.946558096330564,-4.323061264609211
0,71.09603458866637,11.151374921748122,12.564609664853753,-1.4132347431056314
0,54.19303510344408,9.430437229587245,8.822185707410535,0.60825152217671
0,63.73587735685614,6.2932627703844926,10.541920355483011,-4.248657585098519
0,62.42185750943017,16.88102487698369,10.510196989805443,6.3708278871782476
1,68.7865547326851,17.227987207479394,12.501675907331197,4.726311300148197
1,61.202127966869526,5.193353320143322,10.549918143375898,-5.356564823232576
0,69.66359588668453,11.768044842469802,12.698845249807738,-0.9308004073379355
0,69.6506543518426,14.660486485953903,12.697451952501579,1.9630345334523245
0,62.956861913226334,12.881244757077852,10.505571363584465,2.3756733934933862
0,46.216498827415634,6.704631250333466,6.775001484604142,-0.07037023427067624
0,69.20718222746868,13.105972201604423,12.620681711883615,0.4852904897208088
0,49.0760436975204,11.491991827755012,6.9755565197755995,4.516435307979412
0,48.56314310803951,14.326256966621097,6.848560437848446,7.4776965287726505
0,47.62675227050509,3.1519282030596463,6.700964447908923,-3.549036244849277
1,58.15734972724206,15.5906567054897,10.21994696810648,5.370709737383219
0,48.84502682855962,12.913815232846993,6.915074509252078,5.998740723594915
1,60.511071877716496,7.9948909433326385,10.55414966376348,-2.559258720430842
1,70.91971794317229,13.885299931199995,12.602674922511873,1.2826250086881217
1,62.01909765274047,7.209331641302239,10.522293393134131,-3.3129617518318923
0,62.75473138956022,14.94661537333078,10.505228494924518,4.441386878406261
1,63.637441518735535,10.7531522764446,10.533592968897835,0.21955930754676523
0,46.56392591510774,12.756931353060812,6.716610682844317,6.040320670216495
0,60.904705743903264,9.196564515896519,10.555354432406384,-1.3587899165098651
1,60.85946732796262,4.833978096785728,10.555763300199,-5.721785203413273
0,51.1271134877684,9.358656341946011,7.644972456554535,1.7136838853914762
0,47.363503718224315,12.747155535179362,6.68427026431492,6.062885270864442
0,48.88917389033695,3.594348534083252,6.926242673029931,-3.3318941389466787
0,48.25161308013767,-0.9959142514986884,6.78582960594135,-7.781743857440039
0,57.13750360308768,11.069413147684813,9.922911708463339,1.146501439221474
0,66.4654219711199,8.00402211380878,11.413392504914354,-3.4093703911055737
1,57.67415991944279,10.192641050742631,10.087985724744616,0.10465532599801541
0,56.830366271863824,12.010659719030636,9.820966063175002,2.189693655855635
0,67.26851244568077,10.22896192570121,11.828626929158945,-1.5996650034577353
1,72.77194671901037,13.52377294711538,12.312451248032383,1.2113216990829958
0,47.937523277307164,3.5890735956640127,6.735752461519467,-3.146678865855454
0,69.09375331569834,9.51211607156836,12.592657069028068,-3.080540997459707
0,63.03061519485311,6.546481792962427,10.506467771410374,-3.959985978447947
0,49.666262381068094,5.103531096342708,7.149371132395659,-2.045840036052951
0,50.53518040729429,10.5098016701155,7.436408541543587,3.0733931285719134
0,62.2807532177632,6.49666247547707,10.513873191054168,-4.017210715577098
1,61.54727324255971,4.7338327424762525,10.539342490876255,-5.805509748400002
0,65.62466044951918,9.22742821185488,11.016122109532649,-1.7886938976777689
0,49.77305496709658,10.843156231993143,7.183119899791279,3.660036332201864
0,66.34577885951487,15.956481586480546,11.353041016103433,4.6034405703771135
0,50.80688237034951,15.700987731922936,7.530986827106942,8.170000904815995
0,61.78381750463609,8.009783777287655,10.53080571555251,-2.5210219382648553
0,50.77443790027462,6.366515052737279,7.51958633632548,-1.1530712835882007
0,55.33623776330455,7.564219188345826,9.271125861802886,-1.7069066734570608
0,55.131313438704495,9.033674836754857,9.191368439805053,-0.15769360305019653
0,62.513709984660224,17.128557296836565,10.508248353151185,6.62030894368538
1,70.10395586719774,17.570825875042203,12.714367840244561,4.856458034797642
0,58.06429315616513,6.418891837378999,10.195887312502233,-3.7769954751232335
0,51.314133476769285,0.6007552687858712,7.712699472699753,-7.111944203913882
0,67.63061160347209,14.97373064249324,12.011530799099884,2.962199843393357
0,73.3417742528485,14.834973805057126,12.405436181901273,2.429537623155854
0,74.6359176608507,14.587451641286656,13.321348763676081,1.2661028776105745
0,69.16469147946046,10.959583219815348,12.610556642654721,-1.6509734228393729
0,56.2909667087128,9.94429947356009,9.631140925372423,0.3131585481876673
0,51.009979234449794,3.400505341272111,7.6029785819009525,-4.202473240628842
0,48.655631777857835,8.73202909078013,6.869430944745421,1.8625981460347099
0,52.8839646286293,4.403749895762372,8.307033133319772,-3.9032832375573996
0,51.89633273466311,6.256307158534071,7.928334998410663,-1.6720278398765922
1,74.63964371804407,12.809369971284234,13.325787714713934,-0.5164177434297006
0,67.51924180855096,12.111726002960223,11.956108897032909,0.15561710592731437
0,56.810373639016646,11.185805275683986,9.814162788415128,1.3716424872688577
1,66.95771969301393,12.417839238678395,11.667583067722195,0.7502561709562006
0,51.82692173028588,11.58702400710966,7.902279045162329,3.684744961947331
1,60.088629335363485,11.378957627427608,10.537900088233021,0.8410575391945869
0,50.301996631148555,6.108929835670325,7.356932582175997,-1.248002746505672
0,47.393614952265466,14.346789024940762,6.685549698002814,7.661239326937948
0,51.68368643173239,2.846629003178013,7.8487924076832245,-5.002163404505211
1,57.79972529150616,7.8759760620433426,10.123908855925087,-2.247932793881745
0,73.86628486601141,8.179601160917857,12.639687132587673,-4.460085971669816
0,60.87560841317916,6.5362805648456215,10.555631802997695,-4.0193512381520735
0,65.31186934566354,11.09267114061719,10.891235784318045,0.20143535629914489
1,65.58555353363853,14.277015880339414,10.999653272438422,3.277362607900992
1,70.80956779783935,16.17818396312467,12.624902675475173,3.5532812876494972
0,51.0021663570306,3.3701101517924488,7.600189639564734,-4.230079487772285
0,52.106140915485206,10.388475039409084,8.007602693670805,2.380872345738279
0,61.951082893323374,5.433666508222226,10.52470470681544,-5.091038198593214
0,57.587932532182734,8.761388871730286,10.062692798605429,-1.3013039268751427
0,70.32576541569638,13.348147238812748,12.698856719911682,0.6492905189010667
0,68.23935148732193,13.148497192020514,12.293462737818636,0.8550344542018777
0,67.65445105377164,17.047023263096733,12.023274889176237,5.023748373920496
0,55.67067208908436,12.095512819099588,9.399825267931357,2.6956875511682306
0,57.73878585651981,2.5459112614730617,10.106611438041053,-7.560700176567991
1,61.94052798130895,8.348937480088193,10.525083970684099,-2.1761464905959063
0,52.61727342278514,10.661929433864918,8.20351526559811,2.458414168266808
0,49.3425690977468,6.425650287984737,7.05102467110536,-0.6253743831206231
1,58.993380524244074,3.1966049775731302,10.403265447016441,-7.20666046944331
0,57.15889387419788,14.809794223110885,9.929822655378294,4.879971567732591
0,48.579875478877184,6.879221088941606,6.852263960021179,0.026957128920427564
0,46.26812857753934,10.410965818896848,6.764464443977645,3.646501374919203
1,65.42883277965569,15.114139229999273,10.936038926814348,4.178100303184925
0,61.30691866626945,11.888411403343474,10.54707805584426,1.341333347499214
0,54.0810297071196,8.757856013199364,8.777919660368887,-0.02006364716952369
0,46.20236848488096,3.3728109056176927,6.778001710779785,-3.4051908051620923
0,63.79085755523728,14.746057760912096,10.547120706152851,4.198937054759245
0,54.881128973007634,9.180478005814097,9.093405829819813,0.08707217599428319
1,59.30110867004291,8.636289229611346,10.454224438621969,-1.8179352090106224
0,63.96560726495986,11.036778670364956,10.56641134974755,0.47036732061740594
1,67.6462316364945,15.191320546039524,12.019230793134092,3.172089752905432
0,59.22684179606692,6.024305474175808,10.442809486742798,-4.41850401256699
0,66.66417109271738,13.672227161782333,11.5152241841642,2.1570029776181325
0,63.93951631562626,7.7937550189709475,10.563255464012045,-2.769500445041097
0,74.60385996108131,10.859138942435948,13.283647369640288,-2.4245084272043407
1,65.68501713102299,7.992746094280298,11.04197751944045,-3.049231425160153
1,73.18366230877545,17.83009130293848,12.364689730466763,5.465401572471718
1,61.06037860571927,6.991493799247316,10.553054277943822,-3.5615604786965065
0,50.72037943393888,3.8113348173098873,7.500654118765334,-3.689319301455447
0,49.295710268141285,5.716960458741487,7.037359221741219,-1.3203987629997318
0,50.08957624937021,5.263152223082946,7.2859882649450665,-2.0228360418621207
0,72.56742543405724,11.560893740778283,12.311233488032876,-0.7503397472545927
0,54.69767746138638,10.120461904929762,9.021295921197249,1.0991659837325134
0,47.158468090891226,9.68779653207986,6.680102537774658,3.0076939943052015
0,74.22479741862458,15.941920801294849,12.901605810767647,3.040314990527202
0,51.94590869699788,5.9436916836963976,7.9469976412425885,-2.003305957546191
0,47.51798878566631,9.87117045694446,6.692579026861035,3.1785914300834257
0,49.439778261672615,3.692071291140021,7.079865185294116,-3.387793894154095
0,67.58437113661614,8.243904165159686,11.988627334731317,-3.744723169571632
0,64.79575830114295,12.741551088694733,10.72537247212864,2.0161786165660924
0,63.230740823095815,9.77245184947974,10.511270836358648,-0.7388189868789077
1,61.11224984867504,10.258388036088046,10.55201097940857,-0.2936229433205231
1,67.27189411197803,14.12206880783042,11.830365697553466,2.291703110276954
0,49.05837289745634,5.0173004464505615,6.9707581229709445,-1.953457676520383
1,72.426744416323,11.642799012985703,12.318342127331121,-0.6755431143454178
0,47.86652038168937,3.040428784608685,6.726447396519244,-3.6860186119105594
0,54.80574023659853,4.199529157743789,9.063796899935712,-4.864267742191923
1,59.21082467968488,13.600425775031963,10.440272760730295,3.1601530143016685
0,67.83743595949892,10.663170200525942,12.111793954699728,-1.448623754173786
0,59.179333232387705,15.22496283651518,10.43520850219781,4.7897543343173705
0,53.28943940105713,13.858968143274712,8.46568539962212,5.393282743652591
1,63.499325565508826,8.923865758977831,10.523928999152933,-1.6000632401751016
1,72.3209730116352,17.935706405497648,12.327445736136106,5.608260669361542
0,50.82593513615,11.758115771097726,7.537694776307447,4.220420994790279
1,71.38087012585575,20.9479169218522,12.499885114528082,8.448031807324119
0,55.113563979015936,7.130407191923035,9.184436485709965,-2.0540292937869298
0,53.91004063649012,13.151105659106884,8.710342958564972,4.440762700541912
0,66.35623427695143,16.001299812154624,11.358280047432883,4.643019764721741
1,66.88774904413216,11.192755128633934,11.631177844179465,-0.43842271554553136
1,70.19882975841084,18.6529507338264,12.709465543612747,5.943485190213654
0,72.33367176568171,16.28431366445376,12.326194240480328,3.9581194239734305
0,45.1401915426494,12.494850838760986,7.159099904752035,5.33575093400895
1,68.31020008203544,13.265836835764546,12.323260341488666,0.9425764942758796
0,50.09551544769927,4.686732116694884,7.28795225833199,-2.601220141637106
0,53.70249536755891,5.623661552369431,8.62837223775156,-3.004710685382128
0,48.16011869476132,12.026590013993696,6.769798414950199,5.256791599043496
0,48.0269102883575,3.039585771898388,6.748554443686402,-3.7089686717880137
1,70.82183679714271,12.241099375327918,12.622500130799205,-0.3814007554712866
1,64.05605180035249,12.357895337207458,10.578131857704783,1.7797634795026749
0,72.14858990599828,11.373304455066831,12.348331702304261,-0.9750272472374295
1,71.20993668500087,13.062132979378584,12.538962650321972,0.5231703290566116
0,53.49283384179337,7.169290995259996,8.54569532855268,-1.376404333292684
0,54.828776673685226,3.6134004077946247,9.072848286090418,-5.4594478782957925
0,51.811925108916704,12.517369363480768,7.896661012595351,4.620708350885416
0,56.25880031940696,10.165948252658014,9.619447442834442,0.5465008098235717
1,62.74826568911836,11.89144276633469,10.50526437591876,1.38617839041593
1,62.14710614545625,5.639062336527223,10.517966538522538,-4.878904201995315
1,65.15963297018271,12.2265695089644,10.8366685886844,1.3899009202800006
0,67.16551744359336,3.4886081038666648,11.775487747903474,-8.286879644036809
0,51.75217457029511,4.164220106867233,7.874318713830375,-3.7100986069631423
0,45.748657091088575,9.495271356302236,6.9019811762526935,2.593290180049543
0,64.63006329482774,16.401725020147982,10.683721992095546,5.718003028052436
1,73.62205241549512,22.070353719354245,12.510375099611561,9.559978619742683
0,53.362161106795206,9.801236933660183,8.494265629669268,1.306971303990915
0,53.91518191524791,4.2006964092392325,8.712374514779386,-4.511678105540153
1,67.10977259359353,12.893946654849788,11.746606706577035,1.1473399482727533
0,46.128768456954816,9.882727493438749,6.794446224898124,3.0882812685406247
1,68.37365779010406,21.059789068995848,12.349297907416746,8.710491161579101
0,51.76664313651866,4.032510385366968,7.87972275841524,-3.847212373048272
1,68.93296511550398,14.240668396629252,12.547665015730043,1.6930033808992082
0,45.21151464706297,3.315787020861213,7.123211081789023,-3.80742406092781
0,46.71256424819273,4.593977770726975,6.700294320064139,-2.106316549337164
1,61.36915638323846,4.574076593884644,10.545217413123066,-5.971140819238421
0,63.00339139904522,12.810278970860615,10.506085334971454,2.3041936358891615
0,63.125112192777486,16.30228666988272,10.508285126182718,5.7940015437
0,61.28073897476004,17.20592142753243,10.547824050795487,6.658097376736944
0,71.26544911388521,14.082047958292796,12.52630255412622,1.5557454041665757
1,61.601754308147335,9.423101055664729,10.537424679537075,-1.1143236238723464
0,74.02932474675782,15.7094375909484,12.747606666189636,2.9618309247587646
0,64.17608048492659,12.247760784274265,10.595624213043646,1.6521365712306189
0,56.91371885961612,16.720501202524854,9.84911696947145,6.871384233053405
0,74.31615349105982,14.168361461349951,12.983289223477177,1.1850722378727738
0,61.54469791116679,13.542888017954438,10.539432034809398,3.00345598314504
0,50.183117808823305,9.571439870762692,7.3170530859739715,2.2543867847887205
0,72.16164714689826,17.84211560604103,12.34651098777122,5.495604618269811
0,73.87180983579901,8.87814984264805,12.643051825173396,-3.7649019825253465
0,62.87401625485995,9.543309765165757,10.505073612275382,-0.9617638471096246
0,47.94677870246333,5.311583464009155,6.737022327742724,-1.4254388637335689
0,71.36412804156407,14.19371123975718,12.503713978884297,1.6899972608728824
0,51.83474267285039,9.267903570876951,7.9052105615178405,1.362693009359111
0,49.824057070271536,9.687039283843022,7.199428457935695,2.4876108259073275
0,61.680996455722,12.88643302881768,10.534571314881038,2.351861713936641
1,62.471615571729615,15.357871252120516,10.509093388930184,4.848777863190332
0,48.37487048842332,5.251832845736568,6.809191388388102,-1.5573585426515342
0,45.16078146586749,8.333011855497569,7.1485766591359585,1.1844351963616102
0,68.83708544692809,12.44543629323719,12.518065799150165,-0.07262950591297468
0,56.07548082127257,7.015744483203007,9.552114802129198,-2.536370318926191
0,47.621389240028165,1.8521418887641572,6.700503231418213,-4.848361342654056
0,66.88519424132794,12.082914655993106,11.6298488878757,0.4530657681174066
0,45.96255408697317,1.8092755369340088,6.836726748963342,-5.027451212029333
1,61.75274894095354,9.909480095749151,10.531947280479965,-0.6224671847308141
0,67.87073658944364,17.626531604084654,12.127561670602164,5.49896993348249
0,47.95163862393009,5.98581516970247,6.737694321403198,-0.7518791517007273
1,70.53238449947534,15.502402879022128,12.672947020421828,2.8294558586002996
0,46.29497399023499,3.505545700028007,6.759247596385588,-3.2537018963575814
0,62.10511255660475,7.995822439235511,10.519349296318856,-2.523526857083345
0,53.37043140062751,10.846535410894996,8.497517906137762,2.3490175047572333
0,70.40802924272637,13.698350108482469,12.689731437305134,1.0086186711773344
1,72.57891013527626,10.176238147745504,12.310924582745994,-2.1346864350004893
0,55.34328571354196,13.710324339581902,9.273858670564533,4.43646566901737
0,56.265692932592366,7.557504505828611,9.621956290866628,-2.064451785038017
0,46.77888422118424,1.3196195532893973,6.694612520685653,-5.374992967396256
0,46.26517919938005,7.002216130903001,6.765048481673375,0.23716764922962597
1,60.86180740060416,13.667553664831528,10.555745241091213,3.1118084237403156
1,66.35273909926221,11.304563228981676,11.35652787693429,-0.05196464795261413
0,47.396437307980015,5.9909036568314,6.685678169104842,-0.6947745122734421
0,51.12938815433109,13.245261918056157,7.645791256333526,5.599470661722631
0,48.74100085809639,10.766829883806796,6.889536430542998,3.877293453263798
1,73.99349615807763,19.181924213625816,12.722335695910335,6.459588517715481
0,61.61391042442612,4.6753685343221525,10.536991269567084,-5.861622735244931
0,73.63862736791121,15.422169540788149,12.517987193932582,2.904182346855567
0,51.027236824633526,8.800624081534956,7.609144381352931,1.1914797001820245
1,69.56072683203061,17.494868339078433,12.686382837369026,4.8084855017094075
1,70.03029466810952,8.01691971109689,12.716230350844851,-4.699310639747962
0,73.28748190430606,16.837870430179553,12.390025417387275,4.447845012792278
1,68.05267367190264,12.348777513076096,12.211561336151139,0.1372161769249569
1,67.35730276959032,13.50425106415942,11.874127854849862,1.6301232093095575
1,66.12735475464122,15.979465129547291,11.245439057890966,4.734026071656325
0,47.43568875413921,1.1448700350474588,6.687615597601348,-5.54274556255389
0,47.41387776818885,2.2169372891048718,6.6865043733813305,-4.469567084276459
0,74.57921111527634,13.101101563383429,13.255252302415995,-0.15415073903256626
0,51.50530319580696,2.8606124608960024,7.782742602637281,-4.922130141741279
0,70.73594635934705,8.529783133882825,12.6388834937645,-4.109100359881674
0,71.76420038452859,8.832511573949658,12.415796306475366,-3.5832847325257084
1,62.38571271804467,8.389883582431452,10.511065335469398,-2.1211817530379466
1,59.5272112290736,9.588955552837856,10.48537990822475,-0.8964243553868947
0,49.899644949493045,8.646355869809833,7.223804027626894,1.4225518421829388
0,56.07127475387961,16.82198642924846,9.550556796516755,7.2714296327317065
1,74.58437382462793,17.750649875969657,13.261157190703283,4.489492685266374
0,53.727152697567774,3.8591062579149447,8.638105493998864,-4.778999236083919
0,62.09122406903259,10.647532682822126,10.519815124256638,0.12771755856548772
0,72.56562752985536,7.140429695776603,12.311285698304209,-5.170856002527606
0,48.36524510718409,3.330758023360726,6.8072962401706585,-3.4765382168099324
1,68.98653731875876,10.761324823922742,12.563318177810384,-1.8019933538876423
1,64.86744938940231,7.71222375039824,10.745099504180391,-3.032875753782151
0,54.612805671738336,5.215566467864475,8.98787293160484,-3.7723064637403656
0,46.08317122253139,4.12283263896054,6.805329030735059,-2.682496391774519
1,70.42128168013281,14.701236925619057,12.688108020333175,2.013128905285882
0,62.33442125766228,11.804550191959626,10.51238696448408,1.2921632274755463
0,74.09565036663197,13.35825491688984,12.796767048770924,0.561487868118915
1,70.18524309307735,19.95928904970561,12.710333133342697,7.248955916362913
0,64.2939466354547,13.526686457661736,10.615055956985685,2.9116305006760506
1,67.68732912634175,13.462609221711068,12.039396826385637,1.4232123953254305
0,57.50757609632833,8.879686667547643,10.03867929057358,-1.1589926230259362
0,49.04971079758227,10.994040514687796,6.968415944186495,4.025624570501302
0,58.35323649543618,14.999588098142572,10.268336870506056,4.731251227636516
0,67.60459161693731,13.6627765680934,11.99866241304926,1.6641141550441407
1,68.80092558956858,10.268013497716089,12.506391411197777,-2.2383779134816884
0,51.02607007564652,7.393718655774314,7.608727290930767,-0.21500863515645285
0,69.82833399327464,8.492076886399397,12.71204532102723,-4.219968434627832
1,67.97397979406827,16.673926181116144,12.175694719621815,4.4982314614943295
1,65.99467599143395,16.110201463744456,11.182111817016235,4.928089646728221
0,63.12237179959159,13.321705370717766,10.508221378208113,2.813483992509653
0,56.0282931212347,12.06441831800697,9.534603593879993,2.529814724126977
0,58.442245970372845,12.384181664279035,10.289277894186025,2.09490377009301
1,67.69272749243818,13.910170857484228,12.042035408520354,1.8681354489638746
0,57.9404486725994,3.1637095944743727,10.162838356523697,-6.999128762049324
0,54.13645333715671,4.794445044935741,8.79982476530738,-4.005379720371638
1,58.341628519918565,3.5001827319954315,10.26555686064558,-6.765374128650148
0,67.68925550662428,17.216740608952353,12.040338671998848,5.176401936953505
1,70.43234268088878,21.583745227621,12.686721705060489,8.897023522560513
0,63.25293442589359,4.671705317291435,10.512033309308379,-5.8403279920169435
0,53.22802697061893,3.556566215661688,8.4415757928589,-4.885009577197213
1,72.60368869132438,16.192875596586113,12.31040451544708,3.882471081139032
1,72.50235369534339,11.706961359379164,12.31377366433359,-0.6068123049544258
1,62.30693795640924,11.385524311552873,10.513135490169109,0.8723888213837636
1,68.10030770576532,16.788285202550846,12.232900800287773,4.555384402263073
0,51.908098605099525,7.363620415639011,7.932760296407716,-0.5691398807687049
0,47.77493002609131,6.3865138722806165,6.715610096726305,-0.32909622444568853
0,53.106280521821205,10.267697104906873,8.393858074164326,1.8738390307425465
1,57.49798714668095,10.235382390001488,10.035785802094715,0.1995965879067736
0,59.71446577611418,9.122767779287448,10.506940889754498,-1.3841731104670494
0,69.06854566424884,9.71206690726738,12.586002825335086,-2.8739359180677067
1,70.02112053058063,10.22093965240121,12.716337518507142,-2.4953978661059324
0,62.194040625861206,13.820936963749205,10.516471673553502,3.3044652901957026
0,56.68933112656592,6.604294633187924,9.772565500618072,-3.168270867430148
0,55.511291847695134,6.460331751984474,9.338757743104281,-2.8784259911198076
1,61.7033119455011,10.176936755645402,10.533758074322407,-0.35682131867700484
1,58.06254865431521,8.442139469659443,10.195429861828774,-1.7532903921693315
0,71.08606536706665,10.704666492597983,12.566823786562221,-1.8621572939642377
1,73.77184537265533,15.249895228853248,12.585240966567453,2.6646542622857954
1,67.04640785964311,7.5790833746562285,11.713706630221045,-4.134623255564817
0,55.461342800580795,6.57618810617598,9.319514729494305,-2.7433266233183247
1,67.85833696026273,14.97840324097642,12.121703766290512,2.8566994746859073
0,67.37786622966503,10.404711701945548,11.884615919300899,-1.479904217355351
0,51.398500015282025,0.6931248901855244,7.743512699572277,-7.050387809386753
0,70.76160989712118,17.188666966475708,12.634097987798715,4.554568978676993
0,50.84122203675764,14.032971619320648,7.543083829279601,6.489887790041047
1,58.31989692458843,11.491765099591412,10.26032224882933,1.2314428507620807
0,49.2779829980867,9.25148136237043,7.032231365777423,2.2192499965930077
1,60.18725292241144,8.38947256157456,10.54333660207281,-2.1538640404982488
0,58.30124013944766,16.02362168222226,10.25579714495497,5.767824537267289
1,61.45933736010342,11.899726350463636,10.542331227801098,1.3573951226625383
0,56.76465933707548,7.147245110646584,9.798534097658132,-2.651288987011548
0,51.180893955905006,6.832726072212202,7.6643646155207525,-0.8316385433085509
0,45.85374044608231,3.270752085041561,6.868367601069458,-3.5976155160278975
0,74.56708804001646,6.076325593950407,13.241474574121568,-7.165148980171161
0,47.452937413601205,3.501334511022508,6.688555379090138,-3.18722086806763
0,49.50246291737638,11.32186216637882,7.0987945706385425,4.223067595740277
1,64.68278239076729,15.787692365725276,10.696389148525421,5.0913032171998545
0,57.00207285370945,13.251433304515334,9.878570816454394,3.3728624880609406
0,57.34557046992877,7.321898321203856,9.989015984681462,-2.6671176634776055
0,56.922492908209286,13.482323337926402,9.852059918881881,3.630263419044521
0,56.18756637822184,4.11922824327257,9.593419870921576,-5.474191627649006
0,68.99900935723737,11.480388116453186,12.566868805435066,-1.0864806889818794
0,69.45252566517098,11.366223087513877,12.669933372170163,-1.3037102846562867
0,47.585606473752485,3.1952349114697705,6.6975517325366765,-3.502316821066906
0,48.21614100849005,1.9140771483414676,6.779478811979327,-4.865401663637859
1,68.27205229386757,9.605715657513713,12.307309100463076,-2.7015934429493633
1,67.68887691045383,17.426931235993823,12.040153593348158,5.386777642645665
0,55.498168653845255,8.560325025914544,9.333706521875609,-0.7733814959610648
0,71.77389307247492,11.360198513771774,12.413826192383198,-1.0536276786114236
1,64.9149108838429,17.242384982514668,10.758744390220123,6.483640592294545
0,56.00073992198696,6.674175807087268,9.524346736470088,-2.85017092938282
0,45.13099949978984,11.011931759599364,7.163840683739634,3.8480910758597293
0,68.15584232333876,15.559330046165172,12.257407110904317,3.301922935260855
1,63.579389220059326,12.322802208694894,10.52925181956316,1.7935503891317328
0,51.87060510923412,6.606066444912561,7.918667078229042,-1.3126006333164808
0,66.53989024765164,8.839636973746947,11.451350101875793,-2.611713128128846
0,54.47085545426047,11.663383086646771,8.931902293153687,2.731480793493084
0,74.06143196704403,10.12209318094262,12.771015488449198,-2.6489223075065773
1,61.38192006133136,6.078704137745053,10.544821757493681,-4.466117619748628
1,71.32160510749995,20.686570570606968,12.513449589153609,8.173120981453359
1,66.59991078939372,12.602211572201218,11.48212510724348,1.1200864649577387
0,61.176992243662674,5.674544940088646,10.550537720369734,-4.875992780281088
1,60.44465826096511,13.837587461637362,10.5527430240383,3.2848444375990624
0,72.41060277265385,7.291569646590777,12.319532566504229,-5.027962919913452
0,57.29463725435775,7.8252667124863935,9.973068956560493,-2.147802244074099
0,45.19590241701859,10.370598720749763,7.130931789005627,3.239666931744136
0,53.73782974570964,10.6890733931852,8.642320688564206,2.046752704620994
0,58.2399747470739,6.717553032529044,10.240737078353671,-3.5231840458246273
0,55.19092695479744,9.475716721997875,9.214624935133884,0.26109178686399126
1,67.17418491044154,11.678217796264867,11.77997170977855,-0.1017539135136829
1,73.15332212537551,9.234460685726514,12.358277522077126,-3.1238168363506116
0,48.18658414768477,6.941838005925508,6.774317676208339,0.1675203297171688
1,66.28309449942473,17.979220104024524,11.321787017133072,6.6574330868914515
1,64.52380299222379,16.89299980747674,10.6597971107437,6.233202696733041
1,64.95723488234896,18.160467441309983,10.77131229893024,7.389155142379742
0,62.90652962753324,5.3457206069627095,10.505207013177284,-5.159486406214574
0,60.79809425933749,7.347284429264213,10.556111866138677,-3.208827436874464
0,68.54457167049817,14.047336217195108,12.416136320275193,1.6311998969199148
0,61.6799742889462,4.491091806996588,10.534608484424222,-6.043516677427634
0,59.93648676571679,9.11547375235075,10.527308378556874,-1.411834626206124
1,66.86742100484857,12.214373738996509,11.620604783680353,0.5937689553161558
0,57.46689873676375,17.43250155930831,10.026364392484803,7.406137166823507
1,58.977986511324715,10.00695311184542,10.400467446771081,-0.393514334925662
0,50.972927390579706,1.6018439239459412,7.589765891225881,-5.98792196727994
1,73.7025797531822,13.428011756084963,12.548909438509051,0.8791023175759118
0,52.36001880891588,7.821249082507161,8.104456647453283,-0.28320756494612187
0,55.425816310424544,10.455331199269194,9.305800429798625,1.1495307694705694
1,69.70439374572815,14.674748030431704,12.702902897202183,1.9718451332295217
1,70.83667410759875,11.002494070788025,12.61956867348054,-1.6170746026925151
0,68.08755992526908,13.084329791144173,12.227218300742724,0.857111490401449
1,67.38043952492087,15.99893618186814,11.885926946097804,4.1130092357703365
0,45.94935891250528,6.462077880586904,6.840394453682668,-0.3783165730957645
0,64.14813331404099,13.232678573655758,10.591348635918205,2.6413299377375523
0,48.22076777024441,8.950072571378893,6.780297519210778,2.1697750521681147
0,64.42679607324956,10.2635956072925,10.639774674538675,-0.37617906724617534
0,49.98144500672435,2.870389906436397,7.250433504767038,-4.380043598330641
0,60.19425892191134,7.301424920459167,10.543682096943726,-3.24225717648456
1,64.24685702056641,15.659726028384725,10.607017510652948,5.0527085177317765
0,45.74370791528225,8.418221879319221,6.9036395145412826,1.5145823647779384
1,64.53826351712374,15.349586732098818,10.662928827707251,4.686657904391566
0,48.40513046250778,10.307098689731642,6.815225629056806,3.4918730606748367
0,54.37836363267953,9.414188160802086,8.895395395375983,0.5187927654261024
0,70.82681628468953,10.030203518791168,12.621519451083797,-2.5913159322926287
0,48.9796237851525,10.88091193145756,6.94971098132559,3.931200950131969
0,68.19921948106236,8.278564960300029,12.276257917448312,-3.997692957148283
1,58.825990801102776,16.35537478648476,10.371613796421508,5.983760990063251
1,62.48169026423496,11.759822055301594,10.5088835336832,1.2509385216183944
0,55.08808482855242,5.253861456701539,9.174480142534872,-3.9206186858333325
1,61.334483216694885,2.9102262269327857,10.546268555680612,-7.636042328747827
0,63.6214819805396,17.236579319084207,10.532358234668845,6.704221084415362
1,68.22955831401575,15.665968797318191,12.289285652688122,3.3766831446300696
1,73.74003149096464,16.46769079974703,12.568181852628294,3.8995089471187345
0,56.29845809689798,1.7043128023767835,9.633858836953156,-7.929546034576372
0,56.62236114812498,12.488317490203176,9.749259743953562,2.739057746249614
0,46.14233305074058,-1.3148012427281175,6.791311807978589,-8.106113050706707
1,73.57500967283246,11.62010013127268,12.489656005711478,-0.869555874438797
0,50.891512080177385,5.1276193704969595,7.56085579823354,-2.4332364277365803
0,54.91452788311111,5.644791714621046,9.106511306458412,-3.461719591837366
0,63.79693117455062,9.285399943023302,10.547719992663028,-1.262320049639726
1,74.67194449787395,11.659908999751568,13.364768768517534,-1.7048597687659655
0,53.54563430442836,5.15075187697358,8.566500014358295,-3.415748137384716
0,51.09524952134273,1.0470009002905662,7.633515672078162,-6.586514771787596
0,59.62397437769931,9.799387722605376,10.497011929880685,-0.6976242072753092
0,66.29464242110518,7.9660306141713315,11.327523954821288,-3.3614933406499565
0,47.10431577711222,9.525957858528487,6.680363683623186,2.845594174905301
0,52.714042372955575,9.851805595217662,8.24098753172587,1.6108180634917932
1,60.36977552922375,15.140223630538507,10.55067671117377,4.589546919364738
1,72.4805182738539,15.097859862271484,12.31491890906397,2.7829409532075147
1,71.33195706367582,6.732632028116726,12.511078794577765,-5.778446766461039
0,56.695919852544925,5.3350755039434326,9.774847406721765,-4.4397719027783324
0,59.45835808531415,14.403983200592206,10.47647525317129,3.9275079474209154
0,56.727124041541565,11.972982290530911,9.785627300117245,2.1873549904136667
0,53.18456521971692,4.8883938976065675,8.424528838432323,-3.5361349408257556
1,66.60513967273876,13.619583329234134,11.484812961402557,2.1347703678315764
1,59.96886207495488,9.715314659087635,10.529793682195795,-0.8144790231081593
0,61.81926216434633,12.994037250619384,10.529503057733216,2.464534192886168
0,58.131406129985294,13.723605102949865,10.213307242248561,3.5102978607013036
0,47.337460556907445,5.756842444931033,6.683299010635199,-0.9264565657041661
1,62.844806705305935,9.11630946298746,10.505019742660487,-1.3887102796730275
0,57.201370017523445,9.81269201870388,9.943469470090243,-0.1307774513863631
0,45.23393391202311,4.614212398128417,7.112255821873934,-2.498043423745517
0,66.58232793510881,6.435773150295734,11.473094486159951,-5.037321335864217
1,63.04452518864519,11.095740820980046,10.506687027723219,0.5890537932568272
0,67.2356371525276,9.378896673040028,11.8117019489124,-2.432805275872372
0,52.108221488496845,13.30034393378147,8.00839241331631,5.29195152046516
0,73.01298306400592,11.432850065902162,12.334171340342124,-0.9013212744399617
0,60.173444160037754,12.650663695311216,10.542640099868233,2.108023595442983
0,61.86117890253999,10.359836549907346,10.527966075051165,-0.16812952514381863
0,66.15352456044278,4.946245301323609,11.258126230666315,-6.311880929342706
0,52.55171822323618,4.483398452071331,8.178192593522594,-3.694794141451263
1,71.60904142091943,19.154029081987165,12.448633173914228,6.705395908072937
1,74.27214730425318,16.039939757968572,12.943148393504849,3.096791364463723
0,49.90922391396886,10.166475478469843,7.226909496681391,2.9395659817884523
1,58.210186742869794,11.703407627990124,10.233304756944705,1.4701028710454196
1,71.68318434403109,11.17492220333878,12.432660305329081,-1.2577381019903022
0,56.4498326152484,6.520856351223334,9.688320531523019,-3.1674641802996844
0,48.54527882499463,5.385379011889238,6.844642245650807,-1.4592632337615683
0,45.8682276056497,5.430764195336606,6.863970710627585,-1.433206515290979
0,46.24049986618464,10.419981647682665,6.770020333890101,3.6499613137925637
0,62.77341400810768,8.664049687558983,10.505140168909847,-1.8410904813508644
0,50.2033051772303,6.901546106983526,7.32379393960554,-0.4222478326220145
0,51.12343601891962,7.2729745430986625,7.643648960568219,-0.37067441746955687
1,67.74640240953407,18.346048120513416,12.068133924093168,6.277914196420248
0,63.4669336037142,10.06049342303168,10.521987369917051,-0.46149394688537093
0,47.330726564669355,6.186055566810727,6.683068430805991,-0.49701286399526445
0,60.82117758679405,8.937229433332021,10.556009438738053,-1.6187800054060322
0,52.99577437944042,4.767617109624346,8.350646124045229,-3.583029014420883
1,70.35120908197256,17.039362165008235,12.696213851580458,4.343148313427777
0,66.30336763573027,10.570010911535308,11.331864952294573,-0.7618540407592658
0,50.94639016159823,6.219701950962194,7.580324039004762,-1.3606220880425681
1,65.56553871489923,9.539683935099362,10.9913134895036,-1.4516295544042386
0,50.885152492167514,1.4912615742237048,7.55860473772366,-6.067343163499955
0,47.19353482321296,12.725436425690974,6.680242109636807,6.045194316054167
1,74.15244563342442,18.80336376281405,12.841366661987795,5.961997100826256
1,73.3275874292217,20.19541040615083,12.401262490498778,7.794147915652053
0,46.18036244331522,11.716163896297576,6.782774417714213,4.933389478583363
1,73.21904338013235,12.337660662662667,12.372727068004842,-0.035066405342174534
0,53.42830829517193,9.403148179205193,8.520288486116847,0.8828596930883457
1,67.88075161417851,11.365205699074734,12.132281350486423,-0.7670756514116892
1,65.06639669552897,13.16594413467605,10.80549632769742,2.3604478069786303
0,49.6279430515399,4.170590343738975,7.137403690011941,-2.966813346272966
0,61.866897277658936,16.115791987726634,10.527756947658105,5.5880350400685295
1,66.85967686707582,12.52696806674707,11.616577694976783,0.910390371770287
0,47.15236137166513,6.042401700893498,6.680102923236688,-0.6377012223431899
0,45.514071902881696,7.298632135485851,6.988200862823101,0.3104312726627505
0,49.89303439061811,12.323426374807946,7.221662992553074,5.101763382254872
0,46.038526401154,1.0239876223301907,6.816506024842492,-5.792518402512301
0,66.67750025698193,7.174988053878007,11.52210654374623,-4.3471184898682225
1,71.1522343055534,13.188229721950416,12.552026497404068,0.6362032245463478
0,49.79185936983166,4.440319033698516,7.189119218456684,-2.748800184758168
0,45.236401736026394,-0.0709095394070002,7.1110593747898205,-7.181968914196821
0,56.2853995548826,5.987927939796196,9.62911979656737,-3.641191856771173
0,71.84798235381271,11.193354910839243,12.399146250996672,-1.205791340157429
0,50.822617130566535,6.66208463733274,7.536525905230741,-0.8744412678980016
0,69.20255083434759,8.358058856489627,12.619600157511664,-4.261541301022037
0,53.846697444801514,6.424875517686127,8.685316219453242,-2.2604407017671146
0,59.75338257266657,11.661025963645049,10.510924571742486,1.150101391902563
1,62.79730577742368,11.113021449777769,10.505061012250309,0.6079604375274599
0,56.47730555773397,13.606267169878729,9.69810781480788,3.9081593550708487
0,52.7852218514497,6.668183312442057,8.26861714203677,-1.6004338295947136
0,57.7912217715248,10.197501472308176,10.12151085140608,0.07599062090209507
0,56.071389542382406,12.4171286939199,9.550599323800963,2.8665293701189363
0,49.93133166348342,6.994874531927282,7.234090157225164,-0.23921562529788165
0,55.15542779211254,16.656968246802233,9.200780778977254,7.456187467824979
1,73.67402220089697,15.721793499307608,12.534794431828946,3.186999067478663
1,68.17660258300808,8.874339229410062,12.266461561171269,-3.3921223317612075
0,49.18437522517469,1.3829261904230723,7.005551725137409,-5.622625534714337
0,66.23232154204933,12.060006976784951,11.296681335512911,0.76332564127204
0,47.46226782778369,10.7240534362202,6.689086078167438,4.034967358052761
1,74.58520707076207,20.123180310160457,13.26211232741241,6.861067982748047
0,57.858625214347725,9.731187060318303,10.140377262692331,-0.4091902023740275
0,62.47309246216207,8.06655486448775,10.509062331707172,-2.4425074672194214
0,59.41894490519951,12.087508577696568,10.471146409751116,1.6163621679454518
1,60.020781847538686,14.35226023220384,10.533516849528041,3.818743382675798
0,53.946127517543296,3.985606562709647,8.724603188868965,-4.738996626159318
1,59.988121631598666,8.282903251564113,10.531212600846125,-2.248309349282012
0,66.17567104742932,7.1392015779742986,11.268909838529176,-4.129708260554877
0,48.19766726455968,4.930394402226208,6.776238958522819,-1.845844556296611
1,61.25847483675092,11.805815507006333,10.548440045783682,1.2573754612226509
0,49.83716129646178,2.285585901702785,7.203637234547384,-4.918051332844598
1,68.99511020728471,13.347508409579914,12.56576260319117,0.781745806388745
1,59.50978337649531,6.631690004194764,10.483174946166368,-3.851484941971604
1,62.34315530716885,12.21064019246086,10.512154833038872,1.698485359421987
0,51.36166372366935,6.1399556964618185,7.730039573740377,-1.5900838772785582
1,71.03583547915291,15.856298722855076,12.5778819770274,3.278416745827675
0,46.10364901094232,9.836708681290537,6.800375283440056,3.0363333978504805
1,72.57961622587845,21.662081184032647,12.310906984523891,9.351174199508757
0,74.32625935774733,14.592781560585513,12.992718183765183,1.60006337682033
0,50.142760819557125,9.43733565692875,7.3036161853577415,2.133719471571009
0,47.772933443705725,8.912239934379278,6.71538877673055,2.1968511576487275
1,71.59293671563161,17.97176080427303,12.452160111399206,5.519600692873823
0,46.21657020881416,9.693129624910478,6.774986456016611,2.9181431688938666
1,69.04516205202262,9.57986289800706,12.5796949267747,-2.9998320287676403
0,48.217789210831114,5.114503060774302,6.779770128393241,-1.665267067618939
1,67.78851818826224,11.269760052658164,12.088430861500845,-0.8186708088426808
0,55.79306128949557,5.54062963522528,9.446330982428563,-3.9057013472032827
0,48.39860968240933,1.7449735555895858,6.813915558246866,-5.0689420026572805
1,59.759023735608096,8.654298924594361,10.51148760327753,-1.857188678683169
0,68.25886244200066,10.520901272072022,12.30174311975828,-1.7808418476862578
0,50.66134913848841,12.557435773558478,7.480072087251916,5.077363686306562
0,49.23367573242527,8.231122726976446,7.019518464964491,1.2116042620119556
1,63.4717263815112,13.873609075284143,10.522267123617505,3.3513419516666385
0,74.01528744100379,10.619531337149672,12.737599393059984,-2.118068055910312
0,63.98260280369263,5.725263326346688,10.56852070980872,-4.843257383462031
0,45.39738159362162,7.620725650942535,7.037021133196076,0.583704517746459
1,69.62860470074239,11.971962244226145,12.694961375934433,-0.7229991317082884
0,50.01990084976909,9.393525349598306,7.263033942832781,2.1304914067655254
0,48.83002909755131,0.0197377874610058,6.91132445379937,-6.891586666338364
0,67.15170355768193,11.34360500750138,11.76833746512197,-0.42473245762059086
0,72.3540015700519,8.24014416753337,12.32427864474997,-4.084134477216601
0,55.46356909335952,12.170090895917417,9.320373396534087,2.8497174993833294
0,65.44899138749285,7.960627232321847,10.943998604059452,-2.983371371737605
0,66.00968406022348,16.0885851621854,11.18918697269218,4.899398189493219
0,54.089944391450125,10.36140942108612,8.781443080418164,1.5799663406679567
0,70.84099504866505,12.227944580628495,12.618709735265087,-0.39076515463659156
0,48.245402155314224,3.65623255839858,6.784705375904174,-3.1284728175055943
1,63.88875555949723,7.220968631627722,10.557397173996746,-3.336428542369024
0,47.833628752054686,5.935460768583742,6.722402473825072,-0.7869417052413299
0,56.2743239250416,7.047845500027493,9.625095464153086,-2.577249964125593
0,47.87032671922751,8.359797720659225,6.726926435875627,1.6328712847835982
0,47.17398790000385,4.467358247291542,6.680134581491206,-2.2127763341996642
0,61.78875728226247,12.25793130953225,10.530624127692782,1.7273071818394676
1,72.97404472146945,13.937408434606075,12.329038349687288,1.6083700849187874
0,71.36595408951024,16.908435189925793,12.50329619906198,4.405138990863813
0,71.39555973841851,10.196749682027496,12.496529083476902,-2.299779401449406
1,68.85581226306999,17.50714973757981,12.524003225886744,4.983146511693064
0,48.22738405189814,4.6228710450315385,6.781473320869164,-2.1586022758376258
0,45.70230128875808,14.6886909541808,6.9177816967337025,7.770909257447097
0,62.280589294117696,12.148821242686688,10.513877882084195,1.6349433606024935
1,63.60957296157007,15.104542710765353,10.531457381799129,4.573085328966224
0,67.02380636345151,15.119717324535753,11.701958326525407,3.4177589980103456
0,49.68565118470417,11.028443649456324,7.155455986753738,3.8729876627025863
0,54.24095383735547,11.201425572492193,8.841120456608762,2.360305115883431
1,57.607460558856616,11.230188813875968,10.068464485379423,1.161724328496545
0,64.36160983526987,8.623209568703498,10.62726355283041,-2.0040539841269123
1,68.41052195125316,10.798264636933393,12.364129263628133,-1.56586462669474
0,72.44112883648563,13.61956269851552,12.317343907389908,1.3022187911256111
0,64.85240678254144,15.211473512931772,10.74087271485747,4.470600798074301
1,63.69195773910005,12.641072244592843,10.538051649918199,2.1030205946746445
0,54.147514914187134,16.42614024087241,8.804196463058618,7.621943777813792
1,59.582882391237774,7.062977957408124,10.492199213136256,-3.429221255728132
1,62.76944512002458,14.990069352080914,10.505157010635529,4.484912341445385
0,50.09351369079339,7.800060646469863,7.287290182744862,0.5127704637250003
1,60.3676262940016,6.7773318598240095,10.550609623070194,-3.7732777632461847
0,47.68547794676368,3.4140054388390086,6.7063327614518595,-3.292327322612851
0,63.026375908781056,8.48355291051754,10.506404176696753,-2.022851266179213
0,54.89684955786678,9.041568989982167,9.099575415323725,-0.0580064253415582
0,46.8696186181957,4.876642286375521,6.688394894842972,-1.811752608467451
0,56.813618555356605,8.50432085610717,9.815268321781186,-1.3109474656740154
0,73.58888622756649,17.192117943835267,12.495632498125639,4.696485445709628
1,63.71412289079549,10.9763314778551,10.539972815834332,0.43635866202076734
1,64.17735739492298,15.2932093184797,10.595822554912797,4.697386763566904
1,66.48217710695164,10.99173299112195,11.421908971564603,-0.4301759804426535
0,70.21496477710967,17.52793663601572,12.708365637603185,4.8195709984125354
0,56.994952473274815,12.570716518587972,9.876212236198736,2.694504282389236
0,50.653278235193135,3.7170907254245833,7.4772655188249395,-3.760174793400356
0,48.8044008757597,13.031277248316892,6.904968846243684,6.1263084020732075
0,49.97644182822459,4.796346920218254,7.248797835474709,-2.4524509152564544
1,73.80840995719836,13.981707510698431,12.605639381528999,1.3760681291694326
0,48.83482544468864,11.812529147059555,6.912521286241816,4.900007860817739
0,57.03091816151266,10.990103317671023,9.888098129578239,1.1020051880927841
0,73.72551178558467,20.812133249990914,12.56060683130099,8.251526418689924
0,51.82501471351728,8.660196659204065,7.901564409621417,0.7586322495826474
0,72.9188380719105,9.48468132417461,12.322866430664405,-2.838185106489794
0,74.62850655752915,14.399354919031897,13.312555048321938,1.0867998707099584
0,45.011581768313775,10.618508286737008,7.227855774494546,3.390652512242462
0,71.18165843558754,10.61546750845403,12.545380050558585,-1.9299125421045549
0,53.73890665758064,2.3429577629610083,8.64274585993476,-6.299788096973751
0,53.32985056656111,8.119802309150042,8.481563383523593,-0.36176107437355043
0,61.459857241984935,9.075517152178447,10.542314017960877,-1.4667968657824293
1,67.94699552466246,17.395753778485997,12.163228368712925,5.232525409773071
0,56.15549647817805,4.3616640504814335,9.581644517739793,-5.21998046725836
1,68.6799119066576,11.14302448080462,12.465373851643987,-1.3223493708393672
0,65.75148663150102,9.551415413882408,11.071040268071823,-1.5196248541894146
1,65.41601604081366,10.78683663174639,10.931013755852113,-0.14417712410572392
1,62.14785997838287,11.744088464366646,10.51794209027975,1.2261463740868965
0,45.02959150471551,6.860596941520334,7.217911090140999,-0.3573141486206648
0,49.11653552503506,7.146241790251789,6.98665316235789,0.15958862789389894
0,47.040360668730095,10.327114695865983,6.6814284688067325,3.645686227059251
0,64.0513953708833,13.518603452318786,10.577498354602604,2.941105097716182
0,62.64020055555133,8.13603571638587,10.50624997238223,-2.370214255996361
0,57.611132456573614,7.405939363435265,10.069546919210381,-2.6636075557751164
1,59.667517919026245,6.989490920068436,10.501905228769283,-3.5124143087008477
0,71.08796136243029,14.208943062049206,12.56640315402288,1.6425399080263254
0,45.628466986117004,11.336600843118964,6.944196816494865,4.3924040266240985
0,65.38669971088187,15.2484569740297,10.919624777260108,4.328832196769593
0,54.587444664162575,14.356302132095603,8.977879114832605,5.378423017262998
0,48.62956666718175,7.862366122605718,6.863451417259174,0.9989147053465439
1,74.08266397207622,13.595809770319088,12.786895694422029,0.808914075897059
0,55.10289182472568,15.846035060155266,9.180266975124836,6.665768085030431
0,65.09097940487445,10.157273465858594,10.813542578904936,-0.6562691130463421
1,68.1011139870972,11.703767331151182,12.233259504836674,-0.5294921736854921
0,72.6969935812253,10.627175492742833,12.310302835805627,-1.6831273430627949
0,57.62763447560766,3.5891169961953056,10.074400421637394,-6.485283425442089
0,46.98745962147964,8.285243216068649,6.682938372036348,1.6023048440323002
1,64.80814782644114,10.677847888550636,10.72870653477457,-0.050858646223934656
0,56.17671669245792,16.507312093921506,9.58944003979785,6.917872054123656
0,55.65571591253382,11.19383967143987,9.394117931766436,1.7997217396734335
0,49.48968004030375,5.296173842020464,7.094914208778292,-1.7987403667578281
1,67.72016973948361,11.936876784963726,12.055410142327,-0.1185333573632743
1,58.199881313896114,9.41251871536697,10.230716889953445,-0.8181981745864757
0,55.15397355931961,14.450761039891027,9.200213342269912,5.250547697621116
0,45.06485955174966,11.8727322091102,7.198736596271511,4.67399561283869
0,56.2822858951678,15.874733269902904,9.627988901099005,6.246744368803899
1,62.26510731019674,14.239613343287877,10.51432490270479,3.7252884405830873
0,61.14643851443156,16.961868892520297,10.551255652932072,6.4106132395882245
0,58.80622429497591,4.30125334618303,10.367700128565007,-6.066446782381977
0,65.60892339631792,10.792178906859116,11.009467527176472,-0.21728862031735652
1,57.41788439405312,14.197238430828955,10.011386362154061,4.185852068674894
1,62.087921733699375,4.667206693570996,10.519926471248954,-5.852719777677958
0,55.82855702929561,11.535154625959764,9.459748910260783,2.075405715698981
0,63.771131506249766,9.27265629790832,10.545208577649952,-1.2725522797416318
0,57.2462146767613,5.4289864181732845,9.957764883752906,-4.528778465579622
0,47.82605659100554,2.373594099132297,6.721495411227786,-4.347901312095489
0,46.84707817024506,12.922987717060428,6.689773656275611,6.2332140607848165
1,64.00244577102586,15.364883581787844,10.57103752241223,4.793846059375614
0,56.55842835977704,9.486918014320018,9.726825485115242,-0.2399074707952238
1,66.00435076253333,16.48022092374758,11.186670037205197,5.293550886542384
0,58.62351040278715,10.886029563605703,10.329814841495493,0.5562147221102105
0,62.994022807925056,7.194769698437529,10.505967821876053,-3.3111981234385244
0,69.49953515456544,17.492340195772663,12.677492116636408,4.8148480791362545
0,51.73559531094142,6.546463658232828,7.868131192483285,-1.321667534250457
0,63.65177869552927,14.444178431528591,10.534729231441599,3.9094492000869927
0,53.14945306676744,8.079336354228072,8.4107667358729,-0.33143038164482697
0,47.15769048334194,6.388369690801156,6.680102178488542,-0.29173248768738613
1,58.019413565900926,8.378917496427892,10.184044744568222,-1.8051272481403302
1,72.66764759757542,21.46076376139365,12.31001134883138,9.150752412562271
1,73.73159152524623,12.593773783632455,12.56376268951332,0.030011094119135606
0,67.23379644400174,8.425349172404374,11.81075321056438,-3.385404038160006
1,67.193724504155,13.421782180060752,11.790072803189558,1.6317093768711946
0,60.09434174935696,12.135756187870752,10.538244765803338,1.5975114220674147
0,60.22715825657118,14.748981023325484,10.545234333673871,4.203746689651613
0,47.903903886876414,2.519612344115618,6.7312497453795626,-4.211637401263944
0,66.00285105072587,15.961924181541756,11.18596281381991,4.775961367721846
1,57.817340988133,10.638543525511846,10.128860184748433,0.5096833407634129
1,63.26792109656374,13.89900535746475,10.512575623319433,3.3864297341453167
0,48.555568694838875,10.044649121333292,6.846894592601751,3.197754528731541
0,54.99576752581876,9.967272659678216,9.138356082935259,0.8289165767429569
0,53.107673223695066,6.759711015646492,8.394403305659694,-1.6346922900132013
0,53.81957948428408,4.655257227967857,8.67460403923195,-4.019346811264093
0,67.48736462163097,19.016345710641676,11.940090714961592,7.076254995680085
0,54.92113665231399,14.027583025746374,9.109103625892619,4.918479399853755
0,49.635706992427856,2.8220357498697424,7.139822049212303,-4.317786299342561
0,50.23753403622281,12.74267960552566,7.335252847480675,5.407426758044986
0,53.96371014543416,6.9960861749999035,8.73155168606559,-1.7354655110656863
0,47.77793718754826,0.2297860264161171,6.7159446533316745,-6.486158626915557
0,70.68848063968031,7.825685270793644,12.647468078181097,-4.821782807387453
0,61.48671651747714,11.939861231695192,10.5414169460752,1.3984442856199912
0,56.8382311782898,10.981391568291528,9.823637047872056,1.1577545204194717
1,58.002358480286766,9.689784965097257,10.179504180403685,-0.4897192153064278
1,67.34312004097293,16.92184837996873,11.866882592619703,5.054965787349026
0,53.921188481359785,7.520012964367046,8.714748026579397,-1.1947350622123505
0,48.671593614815755,12.112526978015662,6.8731299069719345,5.239397071043728
1,62.39789655405133,10.850883951407315,10.510766602343825,0.34011734906349034
1,67.58679709655854,7.765978265203724,11.989832872473405,-4.223854607269681
0,55.30870364709456,11.051499381436765,9.260442450934415,1.79105693050235
0,51.603209347423835,6.593498601077537,7.818914680127214,-1.2254160790496762
0,50.67219693625011,11.656228818673648,7.483847147888627,4.172381670785022
0,56.07876671418006,14.485388485129535,9.553331564833949,4.932056920295587
0,68.64541238923884,13.70849865313936,12.453149984154093,1.2553486689852669
0,59.98994554673734,5.7304101452776415,10.531344664624157,-4.800934519346516
0,62.904431704040974,5.14072864818649,10.505196027702862,-5.364467379516372
0,49.45936004606297,6.798119887582531,7.085751460018164,-0.2876315724356333
0,56.75252253962631,5.078810927562916,9.79436803225277,-4.715557104689854
0,45.264305919475056,4.429212939347496,7.097661080862212,-2.668448141514715
0,50.81216552058349,12.366510432881768,7.532845910012181,4.8336645228695865
1,74.81159691872875,17.807450519436692,13.543808630929043,4.2636418885076495
0,56.41646118144504,9.482072516905552,9.676390929411948,-0.19431841250639614
1,68.63954377953128,13.984923686650244,12.45104791545888,1.533875771191365
1,65.72629663377066,7.306385403429527,11.059955681581368,-3.753570278151841
0,58.933671460754645,8.577561241649459,10.392284101637811,-1.8147228599883523
0,67.52586930405431,4.953554577470835,11.959431034482595,-7.00587645701176
0,47.88701732924648,5.139571287139165,6.7290536345326695,-1.5894823473935045
0,65.65318190953307,15.716497193179777,11.028274971221794,4.688222221957982
0,53.12535610333414,7.913255180244193,8.401327322421906,-0.488072142177713
1,64.12472534960767,10.418009971483896,10.587863117425094,-0.1698531459411985
0,60.366609028180186,8.053292759722158,10.550577715012189,-2.4972849552900307
1,61.68913096170474,7.604731643630966,10.534275250669534,-2.9295436070385676
1,72.1570411284099,13.46789448123687,12.347149064045379,1.1207454171914915
0,54.7436257237063,9.82884879640942,9.039375330160626,0.7894734662487952
0,74.54896227002298,9.72335033726889,13.221104606946898,-3.4977542696780084
1,74.28989832484153,18.76604154906031,12.959161332549126,5.8068802165111855
1,67.26038851569666,11.963694292813951,11.824448091837532,0.1392462009764195
1,68.4536841465818,18.520139689517123,12.381210182504294,6.138929507012829
0,48.06274104328296,4.33584783693131,6.7540180362427265,-2.418170199311416
0,45.84415552687918,6.146438472455825,6.871308030973552,-0.7248695585177263
0,47.681420966985016,10.394539117708492,6.705943290343137,3.688595827365355
0,74.97259358036345,11.412367818689855,13.77208197423241,-2.359714155542555
0,46.81496416772235,10.290403249953734,6.69192676837174,3.5984764815819936
0,49.608305572734,12.032639479469683,7.131301668270979,4.9013378111987045
0,57.49169945951563,4.355231007095882,10.033885278360891,-5.678654271265009
0,54.22981160585503,0.7112564963699012,8.836717946586885,-8.125461450216985
1,73.69453977487245,13.422065251229611,12.544885078730307,0.8771801724993047
0,56.6411745603864,6.453720115625782,9.75582722729936,-3.3021071116735774
0,49.28140650076741,3.496286664079053,7.03321983786455,-3.536933173785497
0,59.384919175596885,11.304836751621645,10.466411684357713,0.8384250672639322
0,50.44452349193291,0.791753056950204,7.40531763144437,-6.613564574494166
1,73.64678820826924,22.013835169633435,12.521795430108181,9.492039739525254
0,55.23286020775478,5.344671799889454,9.230958772737209,-3.8862869728477545
0,65.12131463081514,9.23261678980268,10.823643308024923,-1.5910265182222432
1,73.42492618402643,18.47401817480956,12.432035181622819,6.041982993186743
0,54.14334771677154,12.299206027161928,8.80254953466104,3.496656492500888
1,70.12879293588499,19.29307662406719,12.71334943382893,6.579727190238261
1,68.31567198676498,19.529275159308227,12.325530246577,7.203744912731228
0,69.73893375705302,17.33901249804594,12.705936649073806,4.633075848972133
1,58.10846187435547,12.034983692306898,10.207391169246907,1.827592523059991
0,54.48608539283668,6.696018202956028,8.937911051487479,-2.2418928485314513
0,45.80102949621769,3.542562979662164,6.884848745447194,-3.3422857657850296
0,55.18253360992743,5.597014454971249,9.211352977569483,-3.614338522598234
0,51.635115889456486,4.6418873887954994,7.8307448543602485,-3.188857465564749
0,64.59102322024215,12.796941491799709,10.674685051521148,2.1222564402785604
0,46.956690423837046,3.3405262855217943,6.684082253662565,-3.3435559681407705
0,70.64784165537705,13.849225276067106,12.6545256524617,1.1946996236054055
0,49.000960944554265,7.7671312050768995,6.95535852433493,0.8117726807419698
0,62.662735944590025,13.011003980494769,10.505986336480014,2.505017644014755
1,71.182601065295,9.341209744099634,12.545166569081056,-3.2039568249814216
0,46.48324493118391,10.455132470285225,6.72759402167888,3.727538448606345
0,62.14853864468918,7.740373840151811,10.51792009158683,-2.7775462514350195
0,65.0238687260499,5.935128972023131,10.79187551279276,-4.856746540769629
0,51.58827277650188,8.885426528205922,7.813383591849537,1.072042936356385
0,59.96046967943288,16.025076398416726,10.52916146801049,5.4959149304062365
0,52.783101219083385,13.520034758693027,8.26779319885148,5.252241559841547
1,66.40291479196192,8.359285704692132,11.381755700546735,-3.0224699958546033
1,58.3167656008146,14.613541630093213,10.259564767388696,4.353976862704517
0,64.97691481690741,15.638526037406242,10.777286111108005,4.8612399262982375
0,54.508950146209095,9.98562882900115,8.946930504241301,1.0386983247598494
0,59.35209555178575,4.2318351886347685,10.461727189267567,-6.229892000632798
0,61.18993284614432,10.501644459473429,10.550221931183536,-0.04857747171010729
1,72.02505588918146,19.91573893156264,12.367278374610434,7.548460556952206
1,58.34244657654438,11.022918813462386,10.265753145380714,0.7571656680816723
1,71.75934236142223,14.59136085790836,12.416787786635151,2.1745730712732083
0,46.68237297898274,10.185793415600347,6.703204244462539,3.4825891711378087
0,68.66822500994823,9.69934893641282,12.461258642964523,-2.7619097065517035
0,45.64670080420652,4.964214412577771,6.937529825460523,-1.9733154128827515
0,65.39041073538952,14.008207232009871,10.921058286679685,3.0871489453301866
0,54.07084258962752,6.3973981103194335,8.77389331331194,-2.3764952029925057
1,64.89187368146004,13.270901249519396,10.75206252012266,2.5188387293967356
1,71.90562645386754,12.75985305908486,12.388234982097652,0.3716180769872075
0,64.32122984761402,10.121108431227007,10.61988415489601,-0.49877572366900225
0,55.60355926570493,8.571860272623127,9.374175912494072,-0.8023156398709457
0,49.9710643941127,12.00725742466375,7.247040778917421,4.760216645746329
1,65.33661412084035,17.155986381665763,10.900513191837131,6.255473189828631
1,69.8059794948994,10.35562586673194,12.710756532796246,-2.3551306660643068
0,59.09730352461074,7.0863572760434765,10.421543698849874,-3.335186422806397
0,55.03702298824324,11.594531824473458,9.154508509714594,2.4400233147588644
0,51.27715200762153,5.74421558719909,7.69924293491382,-1.9550273477147302
0,54.206139796748474,12.150181005699674,8.827364213639159,3.3228167920605145
1,63.737113863738365,9.81578435407428,10.542032910395701,-0.7262485563214209
0,53.86162542586502,7.751780805127769,8.691213662796578,-0.9394328576688089
0,56.607015992939104,7.089104304799379,9.743891361504588,-2.6547870567052083
1,69.03149660789106,12.203357340920588,12.575948935724817,-0.3725915948042289
0,47.910190826867975,6.439716534611854,6.732078601410679,-0.2923620667988249
0,65.48016206893342,14.477562176536,10.956439100745104,3.5211230757908965
0,65.45136513712445,9.660775052026608,10.944940348997555,-1.2841652969709472
0,59.226236999620085,10.497265014472417,10.442714181485167,0.05455083298724972
1,59.452589451213065,12.3147149606351,10.475705787034038,1.8390091736010632
0,67.10690831871149,10.36298658074698,11.745120971371344,-1.3821343906243637
0,55.66462232284164,3.4239339678412897,9.397517263384316,-5.973583295543026
1,63.63153508471432,10.448508774941011,10.533132325036348,-0.08462355009533695
0,64.54657037688084,8.57079147764007,10.66474535117264,-2.09395387353257
1,58.05430424823109,12.584302355250395,10.193264817737248,2.3910375375131476
0,56.44102047036512,6.225526396704036,9.685174708146906,-3.45964831144287
1,58.073710453926886,16.86477510439817,10.198352713962795,6.666422390435375
1,71.49364195491175,18.552845671008715,12.474265037328173,6.0785806336805415
0,69.18569069305521,14.763897778955316,12.615617144278591,2.148280634676725
0,57.30043240929294,8.355006191559209,9.974891235979266,-1.619885044420057
0,46.177536538178806,0.283852621822584,6.783396179333268,-6.499543557510684
1,73.94237570598753,14.528340772181988,12.687810226254625,1.840530545927363
0,74.57509494731612,6.487671055285638,13.250560479728652,-6.7628894244430136
0,45.87983456952836,3.321202184462176,6.860489057988067,-3.539286873525891
1,68.68867608816295,6.196181337858165,12.468442492535816,-6.272261154677651
0,53.72221516212058,10.089166241978456,8.636156308768859,1.4530099332095965
0,47.188279434994406,4.745998265243175,6.680205861013966,-1.9342075957707907
0,55.01063322958298,12.71235539233844,9.144177902542166,3.5681774897962732
0,49.794256964933595,10.15504485656729,7.189885300715069,2.965159555852221
1,69.08893729304388,16.43967035452921,12.591397511144013,3.848272843385196
0,54.744758318534906,6.319021284880519,9.039820830736833,-2.7207995458563135
0,68.72285258944261,12.32976429565154,12.480264762812862,-0.15050046716132215
1,69.2191452898947,12.730819977875935,12.623450236106173,0.10736974176976233
1,68.16796026444217,12.90245936962408,12.262699453468908,0.639759916155171
0,49.52925611069283,5.110210930325314,7.1069605869179275,-1.9967496565926135
1,63.43098919521627,13.270490028963383,10.519971571140223,2.7505184578231603
0,57.01921669001426,11.462475458557469,9.884238589830442,1.5782368687270267
0,45.33925910459831,7.028985127299528,7.062848398105318,-0.033863270805790435
0,56.730465739598415,6.597359717299376,9.786779051955111,-3.189419334655735
1,60.033156238653206,8.24907318934197,10.534356568960995,-2.285283379619024
0,60.99487539592812,10.226992504662125,10.554181813528583,-0.32718930886645836
0,53.595099445144406,6.836131724698568,8.586001254278441,-1.7498695295798736
0,59.29925638628495,12.232871582033605,10.453946728179002,1.778924853854603
0,53.8484766110584,10.55242487617522,8.68601907603539,1.8664058001398303
0,53.88167268057801,14.477611805987753,8.699134100210387,5.778477705777366
0,50.234581639343645,4.317363145706284,7.334263012905574,-3.0168998671992906
1,67.56677526768235,13.936630043327783,11.979870771418426,1.9567592719093572
0,72.6521858230584,5.534467022116134,12.309978614723049,-6.7755115926069145
1,70.00280253958235,17.522110691938114,12.716466603735784,4.80564408820233
0,63.01182798555067,12.719573630621651,10.506197302336354,2.213376328285298
0,52.16572764124898,6.5803232232055375,8.030247099017132,-1.449923875811594
0,52.47250841037086,10.675953665755362,8.147666604061266,2.528287061694096
1,66.23591347522658,14.978761463198968,11.298450931103556,3.6803105320954117
0,64.28708365185594,12.495379791645613,10.613861275681238,1.881518515964375
0,72.3889339554849,11.532155008796074,12.321245640555354,-0.7890906317592794
0,64.0454481710796,11.0351397091605,10.57669404953473,0.4584456596257702
1,69.2815156150179,13.138282656366377,12.637289487885536,0.5009931684808411
0,60.288447755998206,6.803109598199846,10.547824092499155,-3.744714494299309
1,68.84388902166559,7.5250378410858065,12.520231542354733,-4.995193701268926
1,66.28534867094987,15.004274109530025,11.322906115224189,3.6813679943058357
0,60.768283857442285,3.2725756863441644,10.556191375679145,-7.28361568933498
0,51.185157351161166,10.58191583064138,7.665904847398508,2.916010983242872
1,69.85734350424693,10.3144815767933,12.71347721011614,-2.3989956333228406
0,54.48952807470655,9.02756404882616,8.939269203189312,0.08829484563684886
0,53.12880206193632,10.305606150018043,8.402676924211347,1.9029292258066963
0,65.40212135369049,5.3107944888410765,10.925597487588622,-5.614802998747545
0,72.45546951857854,8.48490048058571,12.316408269728852,-3.831507789143142
0,55.46732041996016,5.955487229303845,9.321820056054934,-3.366332826751089
0,53.49318134493564,12.048075771528826,8.545832212087795,3.5022435594410304
0,65.67370631684025,10.488385514766856,11.037092681613625,-0.5487071668467696
0,63.82847483185671,16.238533831429976,10.550913035473958,5.687620795956018
1,70.51578834776043,14.833158338197494,12.675380505393507,2.157777832803987
1,70.70607527817995,12.070463350173975,12.64432752911348,-0.5738641789395054
0,60.6254393065058,3.997607619456188,10.555692793955107,-6.558085174498919
0,50.72861050324913,8.114744424568904,7.503531652414241,0.6112127721546639
0,63.56980243112288,11.722546567731442,10.528574389570498,1.1939721781609443
0,45.27883995254126,8.07056503936159,7.090776985156978,0.9797880542046116
0,47.36450570994938,4.824611260207753,6.684310147774803,-1.85969888756705
0,56.3840949537983,9.289771457345312,9.664778481464456,-0.3750070241191441
0,59.25734669287962,9.448773264518925,10.447567490715201,-0.9987942261962761
1,67.87658146197977,14.695883558521627,12.130317400858619,2.5655661576630084
0,46.49111083129223,3.743428412019256,6.7264561564437395,-2.9830277444244837
0,53.36643294180289,8.4174256286919,8.495945471454196,-0.07851984276229551
1,69.82377299688622,13.287061939601752,12.711795421502458,0.5752665180992942
0,56.917426446201596,5.808160747135676,9.850361029140668,-4.042200282004992
0,74.55389527994936,6.515270059498638,13.226621185289936,-6.711351125791298
1,73.7869520796156,13.726561398266398,12.593565273255699,1.132996125010699
1,66.53851701024733,11.634583117056176,11.450647768872361,0.18393534818381418
0,70.06633321836753,11.661437216735994,12.715539143716185,-1.0541019269801915
0,54.41040393032109,7.027559596435677,8.908044653718196,-1.8804850572825194
1,61.47669483035156,12.28843464293139,10.541753448898401,1.7466811940329894
0,68.67276251485924,15.942197268978756,12.462859539083516,3.4793377298952404
0,52.27442940574869,8.080970248214333,8.071697318925668,0.009272929288664855
0,49.309936493675934,10.851957288407238,7.041491151006278,3.81046613740096
1,67.35578296375354,15.899308058993796,11.873351905034724,4.025956153959072
0,58.95219716445319,10.606116470464462,10.395728273204973,0.21038819725948876
1,69.31422383357416,15.157515644573394,12.644141986427137,2.513373658146257
0,49.47394528987546,9.941181215662535,7.090151850727446,2.851029364935089
0,68.27402046981128,9.614410539048103,12.308137435164937,-2.693726896116834
0,51.284692196156634,6.498638720052066,7.701984083049414,-1.2033453629973483
1,74.78714149807062,17.723344821230157,13.511205487907523,4.212139333322634
0,51.62224988056253,13.017876174118827,7.825971998983446,5.191904175135381
1,70.35394203256075,9.739767527922515,12.695920234684982,-2.9561527067624667
1,57.48419470805146,14.403416225706962,10.03161357536612,4.371802650340843
1,68.52855074925797,13.345171800821786,12.410084989688158,0.9350868111336279
1,60.79388609977807,13.75415722820188,10.55612672857477,3.1980304996271105
0,54.51182361102282,13.397502155112331,8.94806386635854,4.449438288753791
1,57.735698710209526,15.224250453355848,10.105728251562638,5.11852220179321
1,60.20339379648016,10.77088418605168,10.544124655914938,0.2267595301367411
0,73.73877081965531,15.848658743694957,12.567518941776225,3.281139801918732
0,56.633641654987926,11.54960110330755,9.75319949335422,1.79640160995333
1,62.08706881715892,11.76669711167226,10.519955265378679,1.246741846293581
0,47.41465793602659,3.2516847149971446,6.686542629755603,-3.434857914758459
0,53.7376566282779,9.663742503661274,8.642252341035503,1.0214901626257706
1,71.53960730080813,16.17547999192729,12.4639627273568,3.7115172645704906
1,58.3769695085071,14.290409001488078,10.273985716791495,4.016423284696582
1,68.2684950542728,21.59409252996099,12.305810522919032,9.288282007041957
0,50.05989903514677,4.375900829951014,7.276191736732216,-2.900290906781202
0,64.85727073785074,9.348855842677729,10.742234305818439,-1.39337846314071
1,67.84825482571675,17.715714641921974,12.116929053936722,5.598785587985251
0,63.35171417155628,12.779548258372111,10.516026634343877,2.2635216240282343
0,64.0107117213951,7.848324536656951,10.572103244665906,-2.723778708008955
0,52.65986453016162,9.320037818836466,8.219994782883594,1.1000430359528721
1,57.72953668010169,12.381135954423277,10.103963408699567,2.27717254572371
1,66.35544913261363,19.12918111462375,11.357886376768109,7.7712947378556425
0,57.639569503164665,14.856027936597494,10.07789933713771,4.778128599459784
1,64.84798022849941,12.098012186998824,10.739637812826992,1.3583743741718326
0,48.84981010936104,3.3439358917485373,6.916275258913384,-3.5723393671648465
0,71.03618872950467,9.634214354236367,12.577804822823325,-2.943590468586958
1,72.13994590383592,13.603197220969498,12.349557090963646,1.2536401300058522
0,51.904600397393274,2.0835203743266697,7.93144431885093,-5.8479239445242595
0,48.26976644543757,3.472118927888708,6.789145099090293,-3.3170261712015847
0,51.49101585006548,5.562943965964576,7.777480652555468,-2.2145366865908924
1,62.9283047639714,9.272042773985314,10.50534072379612,-1.2332979498108063
0,64.02486155683133,6.891173099768488,10.573951335701256,-3.6827782359327683
1,73.49522067642953,16.52942280682319,12.45744590966281,4.071976897160381
0,63.1028029984217,8.960831305651844,10.507785692301566,-1.5469543866497215
0,53.661998926089765,1.949871445963268,8.612390596319342,-6.662519150356074
0,61.77284246121863,10.005790263660757,10.531209119112855,-0.5254188554520987
0,61.410619203034514,12.18622386894592,10.543916014467566,1.6423078544783536
1,65.9674487514076,9.249010557870768,11.169337083627495,-1.9203265257567264
0,72.2714587508171,15.455575353357773,12.332718072263491,3.122857281094282
0,50.612335031995954,2.934673373607735,7.463056073178352,-4.528382699570617
0,61.88169715913899,16.574000699277825,10.527216526835911,6.046784172441914
1,68.62613730862971,9.048894888668585,12.446221365754038,-3.3973264770854534
0,45.28264768961459,6.377972043207242,7.088984103339458,-0.7110120601322159
0,53.699681380672736,11.361139101764136,8.627261554118164,2.7338775476459727
0,74.1848672713519,11.246071744199917,12.867881200754608,-1.6218094565546917
1,60.55782143993838,15.639451085323802,10.554910843666798,5.084540241657004
1,59.77630618389372,7.08249112366255,10.513189703257972,-3.430698579595422
0,53.328820174212446,6.697176114766747,8.481158407019171,-1.783982292252424
0,48.15092987244812,9.571759330468854,6.768252082081793,2.803507248387061
0,62.48543929693472,10.664740600246834,10.508806647377451,0.1559339528693826
0,54.51133500021899,9.557485293102864,8.947871148894956,0.6096141442079084
0,50.675038665058246,7.001884272008963,7.484836617093618,-0.48295234508465423
1,72.82867707486332,14.582864658886178,12.31547073979109,2.2673939190950883
1,72.32612771328628,13.140038142391615,12.326932679266426,0.8131054631251899
0,58.72739031348001,11.86938050481584,10.35172931955593,1.5176511852599095
1,74.70836000536012,13.830078618855689,13.409799106918095,0.4202795119375935
1,64.9461030343249,14.643026121131278,10.767969891948482,3.875056229182796
0,57.862783304860585,15.323884077086309,10.14153045110287,5.182353625983438
0,47.34610675099245,10.584821847747534,6.683607474315942,3.901214373431592
0,56.218914978007994,16.347933044766993,9.604896110709385,6.743036934057608
1,74.61024417784344,11.984340056630536,13.291085740104243,-1.3067456834737072
1,60.76666651525096,7.667585218192219,10.556193957261357,-2.888608739069138
0,71.02598063160825,8.342474946985325,12.580030627860026,-4.237555680874701
0,56.11691988336462,3.1244114123887208,9.567434121940888,-6.443022709552167
0,56.26067847565099,9.166821616386793,9.620131244739751,-0.45330962835295807
0,51.73605775267992,3.102928344072005,7.868303708837612,-4.765375364765607
1,68.72905142314733,12.47177321076328,12.4823842483442,-0.010611037580920524
0,64.26423419422412,14.83709345943651,10.609940753682636,4.227152705753873
1,59.316088019102565,12.850635605663744,10.456457050906817,2.3941785547569268
1,68.33260023346243,14.761756010262744,12.332523336835623,2.429232673427121
0,54.126782881691454,15.243474713141584,8.79600279927008,6.447471913871503
1,67.83844457424688,16.630741860783683,12.112273185511432,4.518468675272251
0,62.38300525671675,11.398746429498969,10.511132534030766,0.8876138954682027
0,68.50478047501701,16.861204033619938,12.401022785358983,4.460181248260955
0,55.280016209262,15.272051885473855,9.24929974945498,6.022752136018875
0,61.40527814495441,10.810196493577624,10.544086216409287,0.26611027716833746
1,63.03869339438569,5.912204629992938,10.506593121613014,-4.594388491620076
0,65.74758324276517,9.08135573065532,11.069317074956302,-1.9879613443009827
0,69.19984223051155,17.925721166235338,12.618965112267261,5.306756053968076
0,52.95069143231936,9.757569662398605,8.333047080580924,1.4245225818176817
0,59.88276853749052,12.540084027903957,10.522909576240336,2.017174451663621
1,69.57851018236994,19.495809084845465,12.688762166538982,6.807046918306483
0,59.13566116213322,12.39190089780673,10.428018119444697,1.9638827783620325
0,51.47237303083088,2.4888419173937577,7.770621074758738,-5.28177915736498
0,50.39438773163777,9.30621580397851,7.388227690604196,1.9179881133743146
1,66.26690311095736,12.45281366564959,11.313759695845178,1.1390539698044115
1,69.90931028690986,10.527096800693885,12.715354746002006,-2.1882579453081217
0,65.46476607453977,12.715782520896363,10.95027444531293,1.7655080755834334
0,58.545770480310566,10.078936097015372,10.312781757154113,-0.23384566013874064
0,46.42351915449079,6.725811272219993,6.736711914224306,-0.010900642004312289
1,60.61877559470735,10.873811187393764,10.55563199728623,0.3181791901075339
1,72.29744302697756,17.972089689524477,12.329874271412399,5.6422154181120785
1,74.62715541416051,18.29828338749676,13.310956897386047,4.987326490110712
0,49.48334581362548,6.860846875048623,7.092995181770964,-0.23214830672234044
0,64.41893699618683,18.1571381018456,10.638226617624527,7.518911484221073
1,72.33012302679974,15.787921920286726,12.32653975782624,3.4613821624604864
0,53.708556003318414,6.03509198435601,8.630764456484917,-2.595672472128907
1,69.2824307716539,12.2172472566541,12.637485040882227,-0.42023778422812796
0,65.4705718010565,9.202181280211171,10.95259453820131,-1.7504132579901395
1,65.07306449139027,13.902622555436688,10.807666375345036,3.0949561800916516
0,48.327737847323824,2.4595432472992,6.8000245285485965,-4.340481281249397
0,59.23551348179421,11.885864434031904,10.444171842070215,1.4416925919616883
0,53.4389665807005,12.46936142330118,8.524483736239846,3.944877687061334
0,58.45487076177736,13.364247986729003,10.29219368252296,3.072054304206043
0,72.41407131359385,19.23393904669289,12.31927054515024,6.91466850154265
0,56.71773050020305,13.681041783536427,9.782386927679402,3.898654855857025
0,70.84515806214343,10.983025409781847,12.61787999249782,-1.6348545827159722
0,65.4466700297092,14.512338112488765,10.943078550702383,3.5692595617863816
0,46.389925340222526,4.593715628099461,6.742214740262639,-2.1484991121631785
1,60.182228427592285,9.62437036716615,10.543085562305222,-0.9187151951390717
0,46.37779195643303,7.661693233324895,6.744269052652541,0.917424180672354
1,71.57212640873641,12.706621925406912,12.456744265368503,0.2498776600384094
0,71.61521857672264,12.322115215938634,12.447285411150872,-0.12517019521223816
0,68.803520064259,15.056925754337508,12.507238168023939,2.549687586313569
1,71.23892307221192,10.637246253595844,12.532360441387771,-1.8951141877919273
1,65.20262721706546,12.20460376198429,10.851630094399585,1.3529736675847044
0,55.91586990226139,13.773608050274156,9.492611015778463,4.280997034495693
0,61.03306135400247,8.242618853628798,10.553551200783927,-2.310932347155129
0,65.91373856270414,17.12316552401871,11.14437453300874,5.978790991009969
0,60.725558283825045,15.011204998829506,10.55619828962376,4.455006709205746
0,54.60795173600758,11.932274205110552,8.985960398134111,2.946313806976441
0,56.2408373800319,11.704800339649806,9.61290106001344,2.0918992796363653
1,69.90771715747394,9.852778678086036,12.715310416893374,-2.8625317388073377
0,50.92196220416192,7.426740045315472,7.571648541317729,-0.14490849600225708
0,61.9910817909541,9.424111734769257,10.523279156559212,-1.0991674217899554
0,47.21770027464056,7.972311159616439,6.680477957616994,1.2918332019994443
1,67.56379496737193,16.842831218729092,11.9783854600565,4.864445758672591
0,51.432046699825115,5.031278092803491,7.755808399652033,-2.7245303068485427
1,61.84779106616368,13.061509183302803,10.528456282826069,2.5330529004767346
0,58.726964637570525,15.0278855371622,10.35164152374155,4.67624401342065
0,57.049070757504815,3.264880976114693,9.89407095205721,-6.629189975942516
0,56.485087633237725,10.409534808610765,9.700874585780099,0.708660222830666
1,57.7409531124786,4.476517063055673,10.107231061911428,-5.630713998855755
0,54.262307441765294,0.743364407855811,8.84955716379911,-8.1061927559433
1,57.48210885932723,6.2102679062691735,10.03098154674743,-3.8207136404782567
1,72.27622352342723,16.934665941066058,12.332184068130843,4.602481872935215
1,66.77362882681666,13.228650847121834,11.571878315470656,1.6567725316511783
1,60.70831177352808,12.947866501329328,10.556164313039373,2.3917021882899547
1,64.47170525010128,6.286919820424167,10.64883235235384,-4.361912531929674
0,46.77155666351099,9.426297164228224,6.695192689436914,2.7311044747913096
0,55.53606005083263,6.799162006594039,9.348282165759922,-2.5491201591658834
1,73.52866495172401,16.17120782817157,12.470504306244406,3.7007035219271653
0,51.255288117647616,10.617984259644125,7.691301917011021,2.9266823426331037
0,48.74900967189436,10.61942321339822,6.891462721143476,3.727960492254743
1,59.88089467090788,17.454657044594587,10.522749969617,6.9319070749775875
0,52.641809438689855,14.33079318654664,8.213006253966505,6.117786932580135
0,71.20259676959057,10.473207070691322,12.540630826041376,-2.0674237553500543
1,61.96592755635953,8.40967927625237,10.524173378309996,-2.114494102057625
1,67.04121225204321,16.546009829611204,11.711006442408634,4.835003387202571
1,72.27758594607353,18.232210070026188,12.33203240443193,5.900177665594258
0,46.67562633493112,8.268704042248206,6.703882409208477,1.5648216330397293
1,64.90716763316885,6.832297883716574,10.756486051983698,-3.924188168267124
0,70.52581980038278,7.361578821298536,12.673916389025743,-5.312337567727208
1,64.77132342363737,11.453613585856225,10.71888800135978,0.7347255844964451
1,61.70292025678768,13.623771578111167,10.533772375583938,3.0899992025272294
0,60.27903551528886,14.335500930640675,10.54745145904054,3.788049471600136
0,49.504937123467194,9.19283499619503,7.099546811679216,2.0932881845158136
0,62.845940919834725,12.797374096125711,10.505020690811977,2.292353405313735
1,71.42560378025273,12.127706967380792,12.489678705401273,-0.36197173802048077
0,52.4067232916522,11.197295169454152,8.122376199717761,3.074918969736391
0,51.872205586660726,8.339749830845784,7.919268159976955,0.4204816708688295
1,62.93650068651442,16.903079078166257,10.505400442804978,6.397678635361279
0,47.9183332911001,3.0626133460706275,6.733161110045589,-3.670547763974961
0,58.67754857437323,15.873137113697052,10.341336823582036,5.531800290115015
0,55.01457439836142,3.396480316284197,9.145721083009558,-5.749240766725361
0,48.571018599032406,8.364258844421176,6.850299558651882,1.5139592857692943
0,70.75686800555744,17.370271782380897,12.634989534736519,4.735282247644378
0,66.32809738388181,12.50930828058296,11.344197648720563,1.1651106318623974
1,68.5718383292751,7.816104581068432,12.42632924046805,-4.610224659399618
0,65.2650503797421,5.903988211146402,10.87398778108631,-4.969999569939908
0,46.74041274708051,12.62774531112126,6.697790169011881,5.929955142109378
1,70.42393510947622,21.08629165985395,12.687778041599021,8.398513618254928
0,67.36076223193909,9.596973472098185,11.875893709186446,-2.2789202370882613
1,66.54652235749467,10.162585599771512,11.454743224897232,-1.2921576251257196
1,70.5808308218186,15.348984281319783,12.665525917967416,2.6834583633523668
1,74.12192022029677,9.265970322299998,12.817105727611526,-3.5511354053115287
0,46.04721719368777,6.9476754141709085,6.814289561769464,0.13338585240144418
0,47.78050915560287,13.381928338220227,6.716231950387202,6.665696387833025
1,58.06680821547752,7.824731591243813,10.196546410315271,-2.3718148190714583
0,56.60218830727096,9.796821754486468,9.742200289499728,0.05462146498673981
0,47.66476425487794,9.63411394343194,6.704373064098319,2.929740879333621
0,54.33859503095886,11.158171362923902,8.879691416758648,2.2784799461652536
0,56.36284328988664,9.484905794065268,9.657131528853249,-0.17222573478798076
0,51.07000039801538,9.434178361986802,7.624454784173897,1.809723577812905
1,67.8818023162645,9.24717069653187,12.132775894471223,-2.8856051979393538
1,73.83580803186241,14.584799780102774,12.621486327867318,1.9633134522354556
1,67.44449579589872,7.3851916160690845,11.91845169479249,-4.533260078723405
1,74.36107474839598,15.469072003190398,13.025810334399656,2.4432616687907416
0,57.048644165459535,14.837485268743585,9.893930792121614,4.943554476621971
0,63.54994963102597,7.824820586676833,10.527206534707258,-2.7023859480304244
0,71.99881170023139,13.98944185370148,12.371676836816144,1.6177650168853361
1,68.6435980204379,12.644724560264684,12.452500798019397,0.1922237622452876
0,49.81735944318973,8.57429177277976,7.197280203994292,1.377011568785469
0,48.237065368409446,3.766924179284039,6.783204496050117,-3.016280316766078
0,56.142039832082176,7.3455942003412735,9.576693154363559,-2.2310989540222854
0,64.46075087438571,11.582347637748768,10.646589589787267,0.9357580479615013
0,50.72039022296703,11.113133277190109,7.500657889333636,3.612475387856472
1,59.68769517253291,4.868939967526566,10.504100125789403,-5.6351601582628374
0,52.21578068310121,10.575579707395027,8.049311181877187,2.5262685255178408
0,72.29443177026101,20.47422095143189,12.330195203748078,8.144025747683811
1,73.3543174885319,11.772304666674032,12.409213804964702,-0.6369091382906706
0,54.049426329234926,14.237338731062966,8.765428761010641,5.471909970052325
1,68.15178929810463,12.907031520841816,12.255632543624774,0.6513989772170419
1,73.75815157970617,9.199589906689432,12.577820081137675,-3.378230174448243
0,54.892819878009206,4.223217934746445,9.097994116069058,-4.874776181322614
1,70.98072369993213,16.31716325009429,12.589798594227673,3.727364655866616
1,72.77181308505612,11.472462322572992,12.312445577189104,-0.8399832546161115
0,54.99328846410952,11.773129292498604,9.13738504876232,2.6357442437362835
0,63.01298780501096,12.91256926079036,10.506213152704547,2.406356108085813
0,45.01250931726127,3.313162434554533,7.227341059740196,-3.914178625185663
0,55.510183872060686,9.538045267233777,9.338331401655124,0.19971386557865323
0,51.75936450978229,11.427218026123024,7.877003680024287,3.5502143460987368
0,54.98896170479048,9.5726420796103,9.13569017013551,0.4369519094747911
1,74.53070255535779,12.608677891758736,13.200861126045032,-0.5921832342862956
1,72.2763549874181,13.531061186083935,12.332169413719539,1.1988917723643961
1,70.2260493605972,15.70724511364634,12.707566762285577,2.999678351360764
0,57.21081183873841,7.353943963544547,9.946488955532324,-2.5925449919877765
0,54.857154256297726,1.893959427389083,9.08399371519971,-7.190034287810628
1,69.0663785206663,13.65177230831536,12.585423668630197,1.0663486396851631
1,74.17675858927302,10.679036640708055,12.861177309485901,-2.182140668777846
1,71.06148258744187,12.235111948091522,12.572257024733203,-0.33714507664168103
0,61.74363178076168,12.347456256397804,10.532281918148302,1.815174338249502
1,74.79848972842233,17.795162535464346,13.526267739571157,4.268894795893189
0,47.90000311112144,7.381273759633839,6.7307385352929625,0.6505352243408762
0,63.89049502960866,5.396185012921054,10.557591842872107,-5.161406829951053
0,55.94687948155278,15.852580941299548,9.504230926261203,6.348350015038346
0,67.54201653681181,16.636149862312724,11.967512962165538,4.668636900147186
0,51.13906183473291,3.79810204460456,7.6492748274661295,-3.8511727828615694
0,58.59657292614559,9.250318042633817,10.323973436148318,-1.0736553935145015
0,47.57479393792366,3.7478139264265673,6.69670316959553,-2.9488892431689626
1,62.67317479703077,9.076312253305247,10.50587430120771,-1.429562047902463
0,53.59240897221078,8.577506382233825,8.584940306215815,-0.007433923981990276
1,72.42667488756743,8.563285874538643,12.318347096367178,-3.7550612218285355
0,47.622978800697226,5.894905311266685,6.700639422092236,-0.8057341108255507
0,65.7175780190566,17.048780723595627,11.056139058056978,5.992641665538649
0,46.59495376994565,9.84230900695262,6.7127891169948,3.1295198899578196
1,70.64502703597185,12.938868716670289,12.655003988803081,0.28386472786720773
0,48.56958655960902,7.69214858350067,6.849982791623402,0.8421657918772683
0,65.44556639602713,7.982508678658435,10.942641448102489,-2.960132769444053
0,46.63504327534925,3.29002800207933,6.708178265990481,-3.4181502639111514
0,49.76548466965521,1.139886764112438,7.1807092923335,-6.040822528221062
1,68.72170212808092,20.98617546583931,12.479870557607807,8.506304908231503
0,68.5997386481313,14.037372939259924,12.436618657931998,1.6007542813279265
0,62.91045466083895,12.487860621565966,10.505228456656534,1.9826321649094325
0,61.23694487254325,12.59371782091468,10.549018879155119,2.0446989417595614
0,64.49596877497592,11.018867326658649,10.65387735338619,0.3649899732724595
1,69.9572161960458,19.420350725469575,12.716292409055793,6.704058316413782
1,71.84011027236886,17.94989395695943,12.400672458728415,5.549221498231013
0,57.01449603132608,12.736147332007176,9.882679491087714,2.8534678409194623
1,59.261591127393295,12.280711383609455,10.448221877004926,1.8324895066045297
0,71.94688876714162,10.892354618095531,12.380729208879321,-1.4883745907837902
0,47.51595121274817,3.3768924216656595,6.692441598627162,-3.315549176961502
0,47.72674842804257,0.34597561464044,6.7104498983365675,-6.364474283696127
0,54.2566776844432,5.801013373356938,8.847332942201945,-3.046319568845007
0,50.377363405549104,4.487011234001213,7.382441674593058,-2.895430440591845
0,46.74079246320319,5.9102788420498955,6.697757212215824,-0.7874783701659283
0,55.355192244150246,3.7252321289666015,9.278473626869003,-5.553241497902402
1,70.70900820944186,16.479087412889907,12.643799182060796,3.8352882308291107
0,49.62463855649925,12.691844049777105,7.136375384750614,5.555468665026491
0,45.87217967273672,6.055217179029254,6.862781140100832,-0.8075639610715779
1,61.197849224693286,7.15989818235187,10.550025405552855,-3.3901272232009854
0,70.7797507816154,17.567608859890687,12.630657376408303,4.9369514834823836
1,66.3757767029736,5.277347403182993,11.368091368164675,-6.090743964981683
1,66.3694296712883,12.042402461009535,11.364902156421481,0.6775003045880545
0,57.02778755823625,6.878005579724736,9.887066267634415,-3.0090606879096793
0,56.01369068134362,15.858478298709883,9.529170630907503,6.3293076678023805
1,66.70239790500615,16.220520334178392,11.534975800353035,4.685544533825357
0,62.056668707130896,6.576513258795504,10.520990786236808,-3.944477527441304
0,58.400294742611365,11.12170297385885,10.279491452235632,0.8422115216232182
0,54.086073875421285,10.67584518800121,8.779913307998315,1.8959318800028946
0,60.38710297944283,12.447880981361148,10.551201503850766,1.8966794775103821
0,54.13522551361952,6.404049961199833,8.799339506720173,-2.39528954552034
0,49.34405179680376,11.221633256245305,7.051459651698869,4.170173604546436
0,68.16118573467648,15.346069861169193,12.25974324389632,3.0863266172728725
1,67.94186392999553,17.479446570805422,12.16084829677581,5.318598274029611
0,54.01887582740237,2.3165908164547666,8.753354109079817,-6.43676329262505
0,72.92862472168417,9.527682542421775,12.323867602889818,-2.7961850604680425
0,64.96914661620079,10.371988398167696,10.774918175675241,-0.4029297775075449
0,56.136926156831706,12.893009901793944,9.574809989912724,3.3181999118812193
0,74.99632876522726,12.019881159978471,13.80777783746696,-1.7878966774884884
0,50.4341440585899,9.998883789975038,7.40177341254835,2.597110377426688
0,49.83762044708533,5.578216879882131,7.20378483674603,-1.6255679568638994
0,70.45192158674914,15.383481583455923,12.684199016714855,2.6992825667410685
1,70.2683340644842,8.803531058057358,12.704202522153956,-3.9006714640965985
0,71.18705735198995,17.30602522302903,12.544156902841152,4.7618683201878795
0,60.357542544586,9.3927762272591,10.550288941148704,-1.157512713889604
0,49.63570112581951,12.034388185322072,7.1398202206076435,4.894567964714429
0,56.93301561336735,7.334159749905704,9.855584207653981,-2.521424457748277
0,72.12279530377283,7.5708436281738205,12.35203495890484,-4.781191330731019
1,70.97048244873338,5.910166343559629,12.591984750258,-6.681818406698371
1,64.32845290381523,16.30785705826251,10.621183598611207,5.686673459651303
1,63.065724782847866,14.780011786237653,10.507052733395689,4.272959052841964
1,62.45247333511263,11.238568447007816,10.509504926177499,0.7290635208303176
0,60.36290202534904,8.044239420767907,10.550460599448634,-2.506221178680727
1,60.28336233779184,11.602953945472924,10.547623875392064,1.0553300700808599
0,48.70708136589449,7.408581152031148,6.881453653178308,0.52712749885284
0,69.5788973017466,13.50985840256708,12.688812926843877,0.8210454757232029
0,50.27564840104027,13.613533828963332,7.348055690142992,6.26547813882034
1,73.51213702513206,15.506709804453203,12.463971828569383,3.0427379758838207
0,50.58273011279813,6.507418888920383,7.452811083838284,-0.9453921949179014
1,60.6106659636372,16.736055439070956,10.555553282559856,6.1805021565111
0,56.42680183874003,8.268012837832638,9.680092262230762,-1.412079424398124
1,60.236077731731264,11.116637870253204,10.545635436460056,0.5710024337931472
1,74.77275828481673,21.761265339957152,13.492280629526878,8.268984710430274
1,63.74285209411259,8.847141894209363,10.542557870575251,-1.6954159763658883
1,67.69671298743947,13.877372414599783,12.043981841429854,1.833390573169929
0,46.05082719450914,2.4841260836603007,6.813374678950353,-4.329248595290053
1,73.25657250951213,18.17804452123897,12.38192324068603,5.79612128055294
0,56.29031715531736,8.779775458995747,9.630905166812756,-0.8511297078170088
0,52.058613684656045,4.63949396001366,7.989581901305501,-3.3500879412918403
0,70.5752665785815,11.898067454958976,12.666401685877611,-0.7683342309186347
0,52.08708603105912,6.320486775047324,8.000373299438184,-1.6798865243908603
0,46.303900604927065,7.660373116284022,6.757552338256673,0.9028207780273494
0,53.13920811157922,4.552878714888516,8.406752980040268,-3.8538742651517524
1,61.45990167180239,10.005660478140118,10.542312546906127,-0.5366520687660081
0,55.907629616512416,4.30310798847387,9.489518604284452,-5.1864106158105825
0,48.53735257194627,8.932342466103222,6.842915718523491,2.089426747579731
1,73.95105924952425,9.371796637009293,12.693549162721753,-3.3217525257124603
1,71.53198352688837,13.433239589047098,12.465663935201208,0.9675756538458895
0,54.8067882687534,13.71770545843799,9.06420875934234,4.6534966990956494
1,65.89928217645881,14.156314680551116,11.137711361256695,3.018603319294421
0,54.784603776923205,7.9377392190359215,9.05548920767149,-1.1177499886355688
0,54.75102984359771,12.402738488199043,9.042287574364803,3.3604509138342404
0,48.19318642819351,7.694459801604498,6.775460163523528,0.9189996380809697
0,63.870986741111714,13.130543042390377,10.555433078497066,2.5751099638933113
1,62.22978007498361,9.100914188686838,10.515373318682233,-1.4144591299953948
0,56.578285436155454,10.942987637106778,9.733812437514276,1.2091751995925026
0,62.59739904261652,13.070086597147794,10.506830261168206,2.563256335979588
1,72.76355571988663,16.505369443050494,12.312108123182583,4.193261319867911
0,55.76814001350834,10.452847304280114,9.4368910515624,1.0159562527177144
0,48.5239692538078,12.994377588730892,6.840017286199438,6.154360302531454
0,54.96793568224292,14.487533068540326,9.127451847851436,5.36008122068889
0,52.78946346473528,4.514730271833005,8.270265304995174,-3.755535033162169
0,58.325489337176776,12.707528661239913,10.261673062843572,2.4458555983963404
1,65.84552679002365,11.030892931459894,11.113149997605674,-0.08225706614578066
0,55.364438021442126,12.835527429813212,9.282055746825673,3.5534716829875386
0,46.73331266546733,10.839153793258202,6.698412281048357,4.1407415122098445
0,64.89765749223359,5.82063985872668,10.753729631574402,-4.933089772847722
0,50.04376181824178,7.074642096999552,7.270876901338212,-0.19623480433866014
1,71.53761971249266,13.481512698267808,12.4644059383643,1.017106759903509
0,50.05211046573047,1.6177424433226308,7.273625482811875,-5.655883039489244
0,67.5443444639539,6.003242466059326,11.968676685330141,-5.965434219270815
0,70.85112038997922,14.82422828871108,12.616687903162456,2.207540385548624
0,45.579812294880234,3.8830269358067615,6.962451724685986,-3.079424788879224
1,60.640816397486695,5.957600746753496,10.555819832364675,-4.598219085611179
1,60.50906111209476,5.1680864065476495,10.554112751649352,-5.386026345101703
0,54.830647850491054,14.519468046215383,9.073583356929747,5.445884689285636
1,70.71562529702075,13.16576909259263,12.64260215955103,0.5231669330415993
0,56.29866568404304,11.54179521755074,9.633934121056196,1.9078610964945444
1,69.36659203691663,12.866385709605208,12.654520776302984,0.21186493330222333
