input_row,x,y,z,predicted_change_without_Q,observed_minus_predicted_without_Q
1,1,59.128120584791326,8.462545042372001,10.201630028929591,-1.7390849865575895
2,0,50.9794890434106,7.849338564175322,7.930911767839959,-0.08157320366463683
3,0,55.594731446534254,12.857334202015576,9.20395002981059,3.6533841722049853
4,0,57.24850973914968,13.636844907846331,9.67511504048462,3.9617298673617114
5,1,64.51724947786433,19.292407580019297,11.269624957628098,8.0227826223912
6,0,52.745873168583,10.640825939249616,8.405507410936156,2.23531852831346
7,0,57.28478951019144,15.175602268038965,9.685448591584752,5.490153676454213
8,1,66.87773209001496,15.64883794166608,11.54126572199274,4.10757221967334
9,0,62.36110218249014,9.739874705140634,10.957735844041904,-1.2178611389012701
10,0,74.1913756421824,16.162829353877882,13.612172925630789,2.550656428247093
11,1,69.8724744256603,9.445282456780445,12.107478510689607,-2.6621960539091614
12,0,50.60437606391477,5.261277766578734,7.833078911446354,-2.571801144867621
13,0,65.56776070532494,12.780050906971052,11.387505982473744,1.392544924497308
14,1,65.21624536844874,12.111002605763913,11.348639907919656,0.7623626978442566
15,0,55.64415385765086,9.182354684211987,9.21800325625954,-0.03564857204755256
16,1,73.62854044725394,10.450357155341774,13.38981286062849,-2.9394557052867167
17,0,66.88614447463318,9.026849561574958,11.542349218694788,-2.5154996571198307
18,1,58.277673361798485,14.527931610552788,9.966742234947857,4.561189375604931
19,0,53.4963744810893,14.254084177032496,8.61283171633353,5.641252460698967
20,0,57.82889065881854,14.589870844765407,9.840134113500572,4.749736731264836
21,0,72.90609919886674,12.042918102696111,13.111128503866464,-1.0682104011703526
22,0,62.39867723016853,6.897868435166206,10.964601148041968,-4.066732712875762
23,0,46.38888958802685,7.258029057377333,6.791705700731909,0.46632335664542346
24,0,60.39788374150801,11.646151852612192,10.531199773867463,1.1149520787447287
25,0,56.34034462695588,12.749178410992014,9.416254847661962,3.332923563330052
26,1,64.81673812225817,10.43906303398676,11.304006701367626,-0.8649436673808673
27,1,70.2445682296503,13.860952517913306,12.2103856873895,1.6505668305238057
28,0,54.10021931822797,9.023278801685183,8.781497925294596,0.2417808763905871
29,1,61.166478843824365,16.16351532111232,10.712595487852456,5.450919833259865
30,0,63.64774988710393,18.13597477478736,11.160966935259767,6.975007839527594
31,0,54.74660533251985,10.71235790464782,8.963498249735908,1.7488596549119126
32,0,50.308161537013774,12.830961535154652,7.756600446295982,5.074361088858669
33,0,61.882054291532654,6.23165300604591,10.865464629047384,-4.633811623001474
34,0,47.016119232873145,9.025671817825495,6.941966575873595,2.0837052419519004
35,0,64.11298987240505,16.53538293155674,11.221103399263018,5.314279532293721
36,0,47.91982876065303,8.812664005438197,7.160482344192432,1.6521816612457654
37,0,57.910318489080765,7.288770958279212,9.86319574623412,-2.574424787954909
38,0,52.49329558336212,7.6418088235469055,8.336404399270483,-0.6945955757235778
39,0,46.95454430448013,5.395961915445051,6.927172435917597,-1.5312105204725457
40,0,53.5293155189492,6.691848665334248,8.62199363564672,-1.9301449703124725
41,0,66.09330772714256,10.156350657298626,11.446514884336883,-1.2901642270382574
42,0,48.64391068484325,10.716960208739025,7.337901584267258,3.3790586244717664
43,1,64.02167452056052,11.852075243688317,11.209708912722537,0.6423663309657801
44,0,67.08094454419167,16.081615802577932,11.567945727350207,4.513670075227726
45,1,69.92578302441642,11.316544442411592,12.121788664729666,-0.8052442223180734
46,1,67.71049341041322,11.34605235522508,11.658491795141796,-0.31243943991671586
47,0,61.6068885013034,14.779141979687523,10.808695621114126,3.9704463585733976
48,0,64.10539154517095,10.290861845103194,11.220162087785296,-0.9293002426821015
49,0,47.38415054827334,7.190760785345108,7.030622674179907,0.16013811116520138
50,0,51.46966430050141,7.097811816963514,8.060433082419204,-0.9626212654556898
51,0,71.68557085888854,19.66643105669788,12.667637528415408,6.998793528282473
52,1,66.69348895533949,16.89910431742791,11.517952345722772,5.381151971705137
53,0,53.42250992019744,9.997348781858724,8.592305403743541,1.4050433781151828
54,0,51.34373679414492,11.73384804336716,8.026983628665516,3.706864414701645
55,0,57.74645508011999,5.70506417270971,9.816755775640368,-4.111691602930659
56,0,73.23055994403123,14.921066713618208,13.235142578232285,1.685924135385923
57,1,67.70952756043648,16.78228916625483,11.658342360387806,5.123946805867025
58,1,71.49542777551373,14.625752618502109,12.602615027126044,2.0231375913760647
59,0,50.80278508443586,6.277301616058456,7.884684933324348,-1.6073833172658913
60,0,52.63314244670963,11.654165077819526,8.374620307631028,3.2795447701884974
61,0,48.074760095970696,1.0963894711835938,7.198248141805544,-6.10185867062195
62,0,45.53608383175475,4.744357999294626,6.5885515005783395,-1.8441935012837138
63,0,63.90454017340466,12.02971800850271,11.194817467659249,0.8349005408434618
64,0,51.31196528856389,3.13090804866618,8.018563058620172,-4.887655009953992
65,0,50.495248184013086,0.4859867877492094,7.804826101277995,-7.318839313528786
66,1,60.140333395689616,11.445666474048412,10.467020295877584,0.9786461781708287
67,0,51.57325435750868,5.139397498568785,8.088036551940169,-2.9486390533713838
68,0,48.07051920377888,6.583301799693992,7.197213050108819,-0.6139112504148265
69,1,73.48157237869037,6.6664462616544045,13.332403807748605,-6.665957546094201
70,0,59.573693983058845,12.891208944604548,10.320771694119976,2.570437250484572
71,0,74.17777160189152,11.812954509304436,13.606760405865913,-1.7938058965614765
72,0,55.75280097190994,11.0264280624056,9.248908970402294,1.7775190920033062
73,1,63.91768577252985,16.054013652965782,11.19650482348356,4.857508829482223
74,0,58.51695986351484,12.63842038019554,10.033626974518713,2.604793405676828
75,1,66.55887490187126,8.103684613189449,11.5013843659362,-3.3976997527467514
76,0,60.37407141477024,17.804611988701723,10.525331785185355,7.279280203516368
77,0,71.11631473292188,14.73195224355118,12.47690324150881,2.2550490020423712
78,0,51.593526364535286,7.306342620137179,8.093447481190898,-0.7871048610537192
79,0,45.71252493126472,9.269340159504184,6.63051071333978,2.6388294461644035
80,0,53.61712428579074,7.308998105343335,8.64643926692371,-1.3374411615803758
81,0,54.84779868898289,11.380000473038749,8.992102582450617,2.387897890588132
82,0,47.53818057960663,8.754249979142127,7.067856274865046,1.686393704277081
83,0,45.05379436213613,1.114460010183206,6.473953222951077,-5.359493212767871
84,0,60.323871933000575,12.60609021277347,10.51291647026456,2.0931737425089096
85,0,51.30046543241005,9.367849204985028,8.015517070675527,1.352332134309501
86,0,55.39573443478183,6.5146286826457045,9.147404048646136,-2.6327753660004314
87,0,52.93806820378335,9.228996601912659,8.458327952648812,0.7706686492638468
88,0,50.115142729526845,6.803951256589329,7.707115874299793,-0.9031646177104644
89,0,54.76640755287498,8.667688754705226,8.96909361803205,-0.30140486332682315
90,1,62.94112842656399,17.87985854590486,11.057268715624394,6.8225898302804655
91,0,52.87173660987074,6.418607277186946,8.440075720274107,-2.0214684430871612
92,1,61.10130117490165,13.460364678156472,10.697858367109907,2.7625063110465646
93,0,66.15055865546881,12.7361117180192,11.453093483619352,1.283018234399849
94,0,66.44213060962403,11.439177495647876,11.48729907995125,-0.048121584303373766
95,0,55.31335073931817,9.17690729293443,9.124014262324092,0.05289303061033834
96,1,62.21682576807467,7.954891517529248,10.930860963634306,-2.975969446105058
97,1,63.245547429102885,9.455370662118012,11.104060907544609,-1.6486902454265966
98,0,55.14122100906531,8.964362666913402,9.07518681716666,-0.11082415025325787
99,0,48.9642900643474,4.294443207821549,7.417217585299163,-3.122774377477614
100,0,46.95387565216325,6.07465247251718,6.9270118408326145,-0.852359368315434
101,1,73.0436514622353,17.02650231751087,13.163448976703304,3.863053340807568
102,0,50.53716237886261,11.749163167630623,7.81566668837877,3.933496479251853
103,0,65.55781825605331,14.582585293329478,11.38640500919633,3.1961802841331473
104,1,64.37009937535043,12.578936576278773,11.252290207820064,1.326646368458709
105,0,48.541364553385456,-0.0929549141331067,7.312626160397137,-7.405581074530244
106,0,47.241542787515165,9.617684205013827,6.996220178758608,2.621464026255219
107,0,46.625297569251615,7.756884200726997,6.848233025593213,0.9086511751337838
108,1,60.16346054388837,16.362810538564062,10.472846077195992,5.88996446136807
109,0,46.18515390779776,9.765533739040848,6.743077430171051,3.0224563088697964
110,0,53.82020360986333,12.248428826893958,8.703101101586658,3.545327725307301
111,1,69.89889947737592,16.24241713499474,12.114553528650195,4.127863606344544
112,0,50.23271111549352,3.1936230615515724,7.737224956211818,-4.543601894660245
113,0,65.57414411789095,10.152858754043995,11.388213000229209,-1.2353542461852136
114,0,63.33876894737318,14.59794000299824,11.117717412690071,3.480222590308168
115,0,56.04478740203464,8.998287755990283,9.332036522244023,-0.3337487662537395
116,0,46.821722046499545,10.952728920987012,6.895294766393566,4.057434154593445
117,0,62.788550731256855,13.994999050595904,11.032446040157309,2.9625530104385955
118,1,69.15852114302831,20.534828362681107,11.930797718143594,8.604030644537513
119,0,51.081758576775,3.1076995982412754,7.957781087614743,-4.850081489373467
120,0,49.873121301732205,8.201499959215782,7.645441037703821,0.5560589215119611
121,1,60.55090683095953,5.931195241884812,10.568574329329186,-4.637379087444374
122,0,53.002172307353696,5.377193144854696,8.475989247632992,-3.0987961027782953
123,0,50.536623445592525,4.595485818367323,7.815527214476715,-3.2200413961093917
124,1,61.474897755605895,2.8386004643641702,10.780550040949448,-7.941949576585278
125,1,60.446166573154485,14.39667918889554,10.543055395154296,3.853623793741244
126,0,60.119408457040464,6.853795539224623,10.46173892768907,-3.607943388464448
127,0,55.40638235289867,3.354465454852752,9.15042802542549,-5.795962570572739
128,0,67.66259020297197,11.674040994482468,11.651122822035855,0.022918172446612317
129,0,45.07712761058263,7.945764052535795,6.479495905015684,1.4662681475201111
130,0,71.43404007873283,16.102532069595522,12.581895469307817,3.5206366002877054
131,0,65.58199074610901,15.793588638386446,11.38908225302275,4.404506385363696
132,0,47.417437331828175,2.5469455165837767,7.0386622563827625,-4.491716739798986
133,0,53.994100807283765,3.175620612311848,8.751752599091072,-5.576131986779224
134,0,54.29326077018652,2.0421440821956,8.835711124266169,-6.793567042070569
135,0,49.668296637150725,2.512642306142556,7.593555475502983,-5.080913169360427
136,1,64.90021885396315,12.97925742620385,11.313421882988841,1.6658355432150085
137,0,60.55112258922188,13.120053636674273,10.568626610335611,2.5514270263386614
138,0,50.28783465522486,7.330408115759822,7.751376447398037,-0.4209683316382149
139,0,69.358396327063,6.739973401558132,11.977352491792146,-5.237379090234015
140,0,71.7777419391823,11.983454743147483,12.69960164942814,-0.716146906280656
141,1,63.6708327099559,17.364486266465704,11.164082594360112,6.200403672105592
142,0,58.035673835139626,15.756249848218904,9.89862867913574,5.857621169083163
143,0,59.42241756954622,6.365661532782032,10.280689677794902,-3.9150281450128697
144,1,71.96558925801311,11.468411142378052,12.765602249965506,-1.2971911075874534
145,1,73.32988264728816,12.774668333222497,13.2735009073936,-0.4988325741711037
146,1,65.32556540931074,11.333615251764176,11.360730956153104,-0.027115704388927853
147,0,61.66953280225373,9.000734466836828,10.821849604813998,-1.82111513797717
148,0,70.22165680597817,6.209039984616114,12.203849442099402,-5.994809457483289
149,0,61.04681549791041,14.308577554155544,10.68544157268106,3.6231359814744835
150,0,50.347616334977815,6.593333503368686,7.766749011642251,-1.1734155082735649
151,0,48.49844143252217,12.375337369505615,7.302061955852092,5.073275413653524
152,0,70.68403873152855,17.339597645486137,12.340552821048439,4.999044824437698
153,1,70.6397560338407,18.233057851979503,12.327036353028477,5.906021498951025
154,1,60.056710380105045,14.236893584134672,10.4458561618175,3.791037422317171
155,0,46.15268013598988,7.835367452670415,6.735333074042311,1.100034378628104
156,0,55.19467167888156,16.433547686265246,9.090342544524209,7.343205141741038
157,0,50.87931271406106,3.267629076000843,7.904673869839013,-4.63704479383817
158,0,60.431962050272325,12.026850868123596,10.53957349440755,1.4872773737160454
159,1,66.66210037482783,6.972897937713745,11.514055881492844,-4.5411579437790985
160,0,51.30702523097042,12.523314858702577,8.01725445383275,4.506060404869826
161,0,70.28219321224854,11.065350949117732,12.221174756864475,-1.1558238077467422
162,1,66.36834239303685,12.550297522612023,11.478519722003723,1.0717778006083005
163,0,55.5124833008923,10.74378516609389,9.180571003286683,1.5632141628072063
164,1,69.77123379517398,12.164868534615772,12.08071279902184,0.08415573559393152
165,0,55.77259771030271,13.746933426995676,9.254542010507228,4.492391416488449
166,0,56.684166330908496,12.948245203229138,9.514271559940552,3.433973643288587
167,0,65.4540683881871,13.291430033102229,11.374929756802757,1.9165002762994714
168,0,65.02430481007899,12.388013657083729,11.327316560121822,1.0606970969619063
169,0,58.14543892280064,11.257343010291413,9.929575050901802,1.327767959389611
170,1,64.29423064079174,7.483204638476637,11.243214747945615,-3.760010109468978
171,1,67.17945578519377,12.01136774241414,11.581283665953793,0.4300840764603482
172,0,64.04507879870792,12.030973496228686,11.21264664369772,0.8183268525309657
173,1,67.47038061283229,14.791716080754338,11.62239801768406,3.1693180630702784
174,0,52.24161049052629,7.043737175440778,8.267919306085789,-1.2241821306450111
175,0,48.3276828130747,8.062534239514473,7.260122444762495,0.8024117947519782
176,0,58.50625732780008,13.300581863112589,10.03064678677025,3.269935076342339
177,0,59.04557089219944,6.67683056360648,10.179218069145351,-3.502387505538871
178,1,72.87145399707084,18.35091607013047,13.098013220496364,5.252902849634106
179,0,49.28729562736823,9.904277027934953,7.497755475348526,2.406521552586427
180,1,73.93320460020163,8.13880590424376,13.509744582182591,-5.370938677938831
181,0,46.88667637019574,2.1720899151769735,6.910878202068204,-4.73878828689123
182,0,69.31029040735831,12.933170638842611,11.965934066562417,0.9672365722801946
183,0,61.61143339529764,10.273670912169372,10.809654422200873,-0.5359835100315014
184,1,69.09902537179076,14.007302054160066,11.917397106203602,2.089904947956464
185,1,58.64356379088012,18.63347640586852,10.068791777786496,8.564684628082025
186,1,65.82666382738243,5.064493119463801,11.416325778166929,-6.3518326587031275
187,0,50.36920187644296,9.757998469547983,7.772306131247648,1.9856923383003355
188,0,51.15572585463805,2.155148321845097,7.977266061520299,-5.822117739675202
189,0,64.66562081934103,13.026879637311886,11.286790781978883,1.7400888553330027
190,1,67.0780082547752,12.371593604980374,11.567552382868513,0.8040412221118611
191,0,49.93931708698884,5.01344266510283,7.662269654700475,-2.6488269895976453
192,0,58.990760039304135,10.662122348291184,10.164284182928471,0.4978381653627135
193,0,58.197198994781274,6.927823887562441,9.944138979127315,-3.0163150915648735
194,0,53.372404166711725,5.9380535950719775,8.578395622808163,-2.6403420277361853
195,0,53.87757011487513,4.787070456748202,8.719137585063784,-3.932067128315582
196,1,62.520821707235385,12.286328006580389,10.986528071385532,1.2997999351948568
197,0,69.03677869087277,10.982594859085278,11.903605195258429,-0.9210103361731505
198,1,59.81117388854885,18.7950877310527,10.382850762106576,8.412236968946123
199,0,50.50297707227314,6.329935875508537,7.8068240715396575,-1.4768881960311209
200,0,49.31872033304866,5.885930836038647,7.505623263452925,-1.6196924274142779
201,0,54.057949284500175,8.072662777570127,8.769644543102808,-0.6969817655326818
202,0,68.11758672351456,5.479135181493932,11.72482570243314,-6.245690520939208
203,1,65.83025852224678,16.02540239677507,11.416728661284854,4.608673735490218
204,1,70.36834774268306,12.920404277406302,12.246136021389317,0.674268256016985
205,0,49.452115566933045,1.710476039834104,7.539087771306396,-5.828611731472292
206,1,59.55337551673836,12.185564052463198,10.315411564826258,1.8701524876369398
207,1,60.652031443449,5.274945072189266,10.592946388530441,-5.318001316341175
208,1,70.96505640689278,17.524073685310704,12.428307098028618,5.095766587282085
209,0,58.553362117912855,4.74327757822212,10.043754843090463,-5.300477264868343
210,0,48.48033679288325,5.270323827512853,7.297608743862476,-2.0272849163496227
211,0,63.11370004191431,12.415922494930832,11.084221490781509,1.3317010041493234
212,0,61.642115960569456,13.979337998380306,10.816109029885828,3.1632289684944777
213,0,48.05260708607875,1.6875930290490837,7.1928420108091204,-5.505248981760037
214,0,55.9320397256087,8.485747015442962,9.299927057065386,-0.8141800416224232
215,1,73.33011720258713,20.952332906048067,13.273591694997632,7.6787412110504345
216,0,60.21879486175765,3.9537823305950575,10.486735718073025,-6.532953387477967
217,0,56.51423229781549,11.212634844785985,9.465823911261317,1.7468109335246673
218,0,57.131639000596905,10.062597481461143,9.641819532279872,0.42077794918127154
219,1,60.42208280086184,14.642908158676144,10.537148898223657,4.105759260452487
220,0,55.92783545422287,6.991664646287491,9.29872995772627,-2.3070653114387785
221,1,68.11761166681282,11.753647216991835,11.72482998288358,0.028817234108254652
222,1,58.874301974441686,9.542429917805482,10.132420031888138,-0.5899901140826564
223,0,52.38065780038894,9.076480837291529,8.305707479005225,0.7707733582863039
224,0,72.24528469070472,13.238344144059742,12.865879077232632,0.3724650668271092
225,0,63.984459691666494,9.18686034251507,11.20501231169157,-2.0181519691765004
226,0,57.70407472673797,5.12564894225396,9.804726051794203,-4.679077109540243
227,0,56.81389538153928,15.180609623316505,9.551256289682671,5.6293533336338335
228,0,71.99741826736896,9.2335283707762,12.776895619323405,-3.543367248547204
229,0,46.66910321667657,4.92086247797688,6.858720618046736,-1.9378581400698565
230,0,48.83106465317826,7.19486725610183,7.384169144384541,-0.18930188828271088
231,0,52.4750021136682,4.643055862125098,8.33141378521341,-3.6883579230883123
232,0,46.62643490729279,6.089740863255244,6.848505262744221,-0.7587643994889772
233,0,57.76368656444759,7.510545271587152,9.821644934543855,-2.3110996629567024
234,0,57.3652130902919,10.87396064293689,9.708351274666503,1.1656093682703865
235,1,73.94415282106355,20.18490761744368,13.514074825275548,6.670832792168133
236,0,61.72071050680509,10.2397478423225,10.832496440012305,-0.5927485976898055
237,1,70.58018316014606,10.190708956254896,12.308990837022316,-2.1182818807674195
238,0,66.10108586253565,10.599736664189628,11.447406359900869,-0.8476696957112413
239,0,71.92287927440954,8.734333855523444,12.750497535257622,-4.016163679734179
240,0,48.14620804994725,3.692002601615744,7.2156983476045475,-3.5236957459888036
241,0,48.51487848132087,3.3215158675603997,7.306106366833239,-3.9845904992728394
242,0,52.84241642464093,12.222635488405244,8.432015270246517,3.790620218158727
243,0,47.467302076426485,11.119675758720287,7.050712789056619,4.068962969663668
244,0,63.26051253519864,14.906452500637908,11.106273449531473,3.8001790511064346
245,0,47.10516100010014,3.820633610814757,6.963378777380684,-3.142745166565927
246,1,68.61067464492929,15.38258113031088,11.815214228182777,3.5673669021281036
247,0,64.3851057790685,11.46832829962268,11.25407367667106,0.21425462295161957
248,0,74.35082322063639,7.056156115979873,13.675717079286928,-6.6195609633070545
249,0,52.68504775161785,10.67127976396625,8.388832985854195,2.282446778112055
250,1,65.93324876769748,15.35367045896094,11.428314353166144,3.925356105794796
251,1,61.061572057273445,12.18675817744642,10.688813121412252,1.4979450560341672
252,0,63.24548608382288,7.5917855563009535,11.104051821690573,-3.51226626538962
253,0,67.38952149205664,10.092644783475585,11.610697890628291,-1.5180531071527064
254,0,72.20298168588185,9.794409351709312,12.85056584073382,-3.0561564890245076
255,0,51.2437285920366,8.532119523925301,8.000503795916307,0.5316157280089939
256,1,58.866481704601775,8.026517858570756,10.130274030618065,-2.1037561720473086
257,0,56.72286083592102,13.22482499333482,9.525303286938444,3.699521706396377
258,1,69.63814139218145,16.860882299146294,12.046361366857832,4.8145209322884615
259,0,57.19927898370173,8.766716439383318,9.661090889661418,-0.8943744502781001
260,0,68.68847045462053,10.505752479933488,11.830598601839748,-1.3248461219062602
261,0,46.691189359445,11.297725215908052,6.864009976905477,4.433715239002575
262,0,56.22842243314805,7.9853846998463505,9.384356415448028,-1.3989717156016779
263,0,52.6914663504567,2.2830920119255325,8.390591578221665,-6.107499566296132
264,0,49.97518720341464,-0.9144061796294202,7.671401256828158,-8.585807436457578
265,0,57.433265662782006,8.979728150516383,9.727725417827704,-0.7479972673113213
266,0,47.92836181818129,6.435521479994886,7.162559771292855,-0.7270382912979692
267,1,59.20161743719184,16.414327411756403,10.221500450320644,6.19282696143576
268,1,60.00966215921024,8.90676621652451,10.433881555581877,-1.5271153390573673
269,0,50.35131539917236,5.791810042466446,7.767701076360105,-1.9758910338936584
270,0,45.75050624326007,0.8493356776236051,6.639546728587991,-5.790211050964386
271,1,66.04150987004326,14.003918250511012,11.440595666039318,2.5633225844716936
272,0,56.53099285836888,12.7871388561036,9.470602161926047,3.316536694177552
273,0,59.462749908902445,9.510090180411794,10.291414962377642,-0.7813247819658482
274,0,54.8080127422958,5.3676108392938895,8.980853086623009,-3.6132422473291195
275,1,71.18276663138336,12.36945211870392,12.498541945982558,-0.12908982727863716
276,0,46.811968858920125,6.833806837198787,6.892955770892956,-0.059148933694169514
277,0,50.81391875065982,11.180695190282012,7.887590087524056,3.2931051027579565
278,0,51.79707967720567,3.2684475795150494,8.147940435698292,-4.8794928561832425
279,0,51.137042110827245,10.92421770876153,7.972340216336723,2.9518774924248072
280,0,48.447024668365465,12.426719656317871,7.289419064134288,5.137300592183584
281,0,58.531534518558765,11.17582194023086,10.037683547931529,1.1381383922993304
282,0,56.50470911847678,8.060913880678733,9.463108981462202,-1.4021951007834694
283,0,49.998831908989935,7.020724622369098,7.677425441448801,-0.6567008190797026
284,0,49.9648050085555,2.7675914220403115,7.668757308120823,-4.901165886080512
285,0,72.45726484204089,9.087073400164888,12.943355820248938,-3.8562824200840495
286,1,73.29124260084491,15.75325641800996,13.258557662874887,2.4946987551350723
287,0,50.70880843464826,6.638496689011036,7.8602028142989555,-1.2217061252879198
288,1,60.576683185826326,16.527966278148995,10.574811829986135,5.953154448162859
289,0,69.73274668069342,8.093311009165603,12.070680822625352,-3.977369813459749
290,0,46.84000468863895,8.477889689308341,6.89967993101006,1.5782097582982813
291,0,55.37021429897032,7.224690412439995,9.140157229579488,-1.9154668171394933
292,1,71.61241809824858,16.45013535729848,12.642473076760528,3.8076622805379507
293,0,55.968681115455134,11.309581783093886,9.310360858155112,1.9992209249387738
294,0,51.6768123525758,4.906202227132642,8.11570864159005,-3.209506414457408
295,1,68.9746987400774,6.554426672861573,11.890081177949765,-5.3356545050881925
296,0,52.4079777322336,14.333586892554,8.313145944785413,6.020440947768588
297,1,68.58107932987203,16.23009393233342,11.809446088779042,4.420647843554379
298,1,71.72551225958344,16.419162846861195,12.681454020271913,3.737708826589282
299,0,46.56001984628471,2.4021897467339746,6.8326127369464045,-4.4304229902124295
300,0,65.82621897302582,13.701579333160597,11.416275926650384,2.285303406510213
301,0,54.32175288839071,13.34868378127788,8.843723549973463,4.504960231304416
302,1,62.82429704552023,15.5100063704882,11.038348427269199,4.471657943219002
303,0,46.958824696351066,12.351769621492512,6.928200517424737,5.4235691040677745
304,0,64.83827718690293,9.914265532674367,11.306441797197905,-1.3921762645235383
305,0,63.550053045114296,7.565364997737988,11.147609307097829,-3.582244309359841
306,1,61.31222002867933,10.427492738100415,10.7450798220185,-0.31758708391808455
307,0,54.40890472785987,5.583061164005991,8.86824848094186,-3.285187316935869
308,1,71.81258017985664,17.43123138383182,12.711756474800321,4.719474909031497
309,1,61.043621514914086,16.439754698304085,10.6847109750735,5.755043723230585
310,0,46.889858598646846,8.438356319951353,6.911641942613336,1.526714377338017
311,1,59.70668639421041,9.56822574184069,10.355668925495257,-0.7874431836545668
312,1,62.1302346942104,15.360755552091693,10.914346371403163,4.44640918068853
313,1,63.320463920285306,10.870573028743287,11.115059273173209,-0.24448624442992184
314,0,57.658945492411135,8.743035904660267,9.791908808136483,-1.0488729034762159
315,1,73.60878096500186,14.182574798175716,13.382076106902218,0.8004986912734982
316,1,73.60641285070693,16.901267192006323,13.381149249680979,3.520117942325344
317,0,73.61880884313547,17.69904024498507,13.386001800475986,4.313038444509084
318,1,67.55796475056349,12.91749707464272,11.635323512792146,1.2821735618505734
319,1,61.40982304734901,9.209109926756275,10.76646303988965,-1.5573531131333755
320,0,51.63897652633026,14.919176820812046,8.105589554551745,6.813587266260301
321,0,68.80009493588307,5.056793162169147,11.853247048141794,-6.796453885972647
322,1,69.65035864026267,12.639980805285123,12.049474559617794,0.5905062456673296
323,1,72.00907496105458,18.45008041373838,12.781039361144796,5.669041052593585
324,0,58.207253328299984,6.932619308242455,9.946965717923527,-3.014346409681072
325,0,54.386739275927184,14.662899618004102,8.862008696422885,5.800890921581217
326,0,61.5214584524349,10.769533915614202,10.790544470279132,-0.021010554664929515
327,1,71.79009462139143,12.138359708512866,12.703906868990382,-0.5655471604775162
328,0,54.2447309996009,9.712614952552515,8.822070057299019,0.8905448952534964
329,0,48.25894179289264,8.781603582279553,7.2432775566944905,1.5383260255850626
330,1,66.6336654389086,12.767681026574015,11.510543866735029,1.2571371598389867
331,0,49.873922879172525,3.789322699043293,7.645644640546778,-3.8563219415034853
332,1,70.3831602253176,16.7311903444732,12.2504631705584,4.4807271739148025
333,1,69.79644222173336,13.254014888947296,12.08732652457201,1.1666883643752861
334,0,53.27088176295075,5.5432949706562615,8.55024807554961,-3.0069531048933493
335,0,53.662710316856064,7.107746649064849,8.659143372739807,-1.5513967236749586
336,0,46.492006265967255,-1.792249007437008,6.816347565483226,-8.608596572920234
337,0,56.7535376438259,13.879355919778902,9.534049076538352,4.34530684324055
338,1,63.198260946547805,8.936524627815805,11.097017786658508,-2.160493158842703
339,0,46.05124565655422,5.74521645251538,6.711153543787579,-0.965937091272199
340,0,49.52940641509471,6.687989865504224,7.5585276201697695,-0.8705377546655457
341,0,70.73247029222117,9.650454161120583,12.355434636072985,-2.704980474952402
342,1,60.10773623171348,7.532077513270771,10.458788670102544,-2.9267111568317734
343,0,62.57155909095148,14.166938947656412,10.995458547267624,3.1714804003887878
344,1,58.33972837255379,10.237203197314248,9.984136400379402,0.2530667969348457
345,0,54.23579912981175,7.6000151714558415,8.819560298245968,-1.219545126790126
346,0,49.61729060571129,3.3359886351329227,7.580677523670863,-4.24468888853794
347,0,67.20783951989709,9.50989752835336,11.585178923883939,-2.0752813955305793
348,1,66.62120442871344,18.7852602735177,11.509010030649087,7.276250242868613
349,0,46.019925092525696,5.632597339445144,6.703690563033246,-1.071093223588102
350,1,61.41293511818745,11.615802516592948,10.767139841034705,0.8486626755582432
351,1,62.292033402672544,5.415131650408858,10.944971263523811,-5.529839613114953
352,0,58.07091021284378,14.67611622705834,9.908571630059548,4.767544596998793
353,0,55.299997955504246,12.462923198828994,9.120224424956005,3.342698773872989
354,0,56.62158577798894,6.7027288659750655,9.496429844411564,-2.7937009784364983
355,0,74.89658265189264,18.64311779735637,13.894225430554632,4.748892366801739
356,1,61.828777597182224,8.82308690082487,10.854679787414963,-2.031592886590092
357,0,55.579459210054175,11.93021767105792,9.199608110608658,2.7306095604492615
358,0,57.73083466207294,11.445456213799613,9.812322703107968,1.6331335106916445
359,0,58.43317661027852,12.141259401000626,10.010267361057956,2.1309920399426705
360,0,59.2097684794414,16.823514242293868,10.223699147032981,6.599815095260887
361,1,64.68188405884088,9.062062164183104,11.28865553929453,-2.2265933751114257
362,1,58.55009973480146,11.916907712236975,10.042847726037568,1.8740599861994074
363,0,48.437746192459706,7.660311916247891,7.287138927437025,0.37317298881086636
364,0,57.4217701693159,12.454154533039636,9.72445317471179,2.729701358327846
365,0,54.68744527883056,1.99641535810994,8.94678816766033,-6.95037280955039
366,0,46.60546589474162,4.408330233485169,6.843486513612617,-2.4351562801274476
367,0,46.465936499543005,3.882369339224152,6.810115642120009,-2.9277463028958572
368,0,64.2337541849154,9.710168153320371,11.235906936996502,-1.5257387836761307
369,1,73.51797327420522,18.391537669213072,13.346592970918131,5.044944698294941
370,1,58.9996070569788,11.392824888342153,10.166697452622167,1.2261274357199863
371,0,45.14086405212821,9.25437189998044,6.494636460896632,2.7597354390838076
372,1,59.043204867916266,9.45706278399613,10.178574275741422,-0.7215114917452912
373,0,45.11822309731965,0.9011807031433248,6.4892580468738155,-5.5880773437304905
374,0,63.03240444309387,8.65008656021259,11.071668010154742,-2.4215814499421526
375,1,64.54641116381293,14.71393785209828,11.273021943072717,3.4409159090255628
376,0,51.92252760169134,7.418131432986665,8.181666587063878,-0.7635351540772133
377,0,64.66773334575065,9.97637394642657,11.287033181588438,-1.310659235161868
378,0,52.85982666428559,5.577185486927464,8.436800984667371,-2.8596154977399078
379,1,65.43065467507702,5.699576426589437,11.372342362290915,-5.672765935701478
380,0,55.08448904409368,3.129690199667793,9.059107374681485,-5.9294171750136915
381,1,71.7297783622261,8.78223472171731,12.682932911152808,-3.900698189435497
382,0,51.93653324542712,13.842803749935008,8.185438539471019,5.65736521046399
383,0,62.14290794246405,9.588174806868876,10.916781182469109,-1.3286063756002324
384,0,58.601995992323495,4.810141536279054,10.057264637183259,-5.247123100904205
385,0,66.8238523152003,13.736288169974884,11.534366725770717,2.2019214442041672
386,0,71.88736558645584,17.55977687323513,12.73798145167203,4.821795421563099
387,1,64.98016744456548,10.026696954488887,11.322386358234613,-1.295689403745726
388,1,60.38585104550277,10.082203191977394,10.528236320109436,-0.44603312813204177
389,0,48.569245269615486,13.223176765890258,7.319492982711092,5.903683783179166
390,0,46.582891597769965,14.22734774495116,6.838084645440077,7.3892630995110835
391,0,52.77775399299759,7.546541792695233,8.414255281910313,-0.8677134892150793
392,0,47.10959432975906,7.164016673649544,6.964445472690424,0.19957120095912018
393,0,63.76939194376493,15.398547892117373,11.177219549502574,4.2213283426147985
394,0,58.685986583546594,13.546939221835387,10.080536596193484,3.466402625641903
395,0,47.92417799857894,11.783219492638697,7.161541156920044,4.621678335718653
396,0,57.263261779205365,6.099451780305299,9.67931699633584,-3.5798652160305418
397,1,74.7200752831044,14.739670826580555,13.823444333742524,0.9162264928380317
398,1,62.45321871129782,16.142405697535953,10.974466374914137,5.167939322621816
399,0,70.69768800606084,10.276137375029482,12.344736485410513,-2.0685991103810313
400,0,48.626756760003246,6.566595887034321,7.333669847238405,-0.7670739602040841
401,0,73.98177762694375,18.277694084121418,13.528965913243152,4.748728170878266
402,0,53.31798166517488,13.217243144473148,8.563300690894929,4.653942453578219
403,1,58.31989800198525,10.413062564099492,9.9785813980089,0.43448116609059184
404,0,67.47860976474782,7.913859268272456,11.623601134101575,-3.709741865829119
405,0,52.49944540188418,10.81144012971385,8.338082565177318,2.4733575645365313
406,0,45.007233685077445,6.193132462394988,6.462893083983049,-0.2697606215880608
407,0,69.07417525753856,8.340532909603112,11.91186305867301,-3.5713301490698974
408,1,67.00324203757134,10.567976468941255,11.557616122489426,-0.9896396535481706
409,1,70.32845854257354,8.343139490430737,12.234534982212534,-3.891395491781797
410,0,52.73643439728723,5.700140312945336,8.40291855606327,-2.702778243117934
411,1,60.373091246921874,12.560663421354812,10.525089951078977,2.0355734702758355
412,0,71.54343144843025,13.287806945584494,12.618911314970953,0.668895630613541
413,1,60.47590009117887,10.783612513113356,10.550327663175322,0.233284849938034
414,1,65.92777003422499,6.897953174462872,11.427695800871781,-4.529742626408909
415,1,64.63521075260273,6.647521019955386,11.283295479290214,-4.635774459334828
416,1,73.49883955377206,15.971995833039989,13.33913207374788,2.6328637592921087
417,0,71.08864224887276,15.234207404000832,12.467943760872117,2.766263643128715
418,1,73.52657443518001,16.023763012543792,13.349948663822602,2.6738143487211907
419,0,46.450909716725775,6.476279190149201,6.806524148770135,-0.33024495862093417
420,0,54.128649951513694,8.562051404005937,8.789474093557867,-0.2274226895519309
421,1,72.34159584092836,17.985254383419335,12.900929138518737,5.084325244900597
422,1,62.56606427601711,10.639306057086332,10.994496474333465,-0.3551904172471332
423,0,53.93234924347834,8.147418980435502,8.734462850842885,-0.587043870407383
424,1,58.30623106176354,6.214896533552519,9.974751003936964,-3.759854470384445
425,0,63.07940162838892,10.942905136468616,11.078955775964285,-0.13605063949566976
426,0,53.61882461653547,5.982038859755457,8.646912962717108,-2.664874102961651
427,1,66.1890958066399,8.405859444728621,11.457544627771389,-3.0516851830427676
428,0,49.156242345706985,13.302875003458109,7.465006585851203,5.837868417606906
429,0,53.39664618364476,15.10097714556136,8.585123966894582,6.515853178666779
430,1,71.46646243091628,21.16401821833423,12.592821699746244,8.571196518587987
431,1,61.99344743434264,14.151589738495742,10.887684388668692,3.2639053498270503
432,1,62.82640770455325,17.205744665565394,11.038695249689367,6.167049415876027
433,0,59.085283961375154,9.567091843908447,10.190012196901648,-0.6229203529932015
434,1,62.316733727926525,15.090585318774124,10.949557594576492,4.141027724197633
435,1,62.74662553556881,14.812359331226396,11.025454135782654,3.786905195443742
436,0,56.39082614807144,8.203728080186982,9.43064426574214,-1.226916185555158
437,1,68.13278677557246,13.352179078059718,11.727439315285567,1.6247397627741513
438,0,68.68916012035484,6.243977805172668,11.8307364393856,-5.586758634212932
439,0,61.522189391124336,5.569960960536407,10.790700800340163,-5.220739839803756
440,1,61.91296374344626,16.679827354390593,10.871675158654094,5.808152195736499
441,0,59.798402234678285,11.902067268405633,10.379539751603538,1.5225275168020946
442,1,71.63336285795256,12.978347028418993,12.649659306125745,0.32868772229324783
443,0,50.976185265641554,10.172809384892837,7.930045158083955,2.242764226808882
444,0,46.883268368471285,9.591629897451675,6.91006030487295,2.6815695925787253
445,1,74.38354195064505,19.98207788604124,13.688778354321546,6.293299531719693
446,1,65.26764423208942,14.169288971734089,11.354327614234414,2.8149613574996746
447,0,56.85285766946972,8.084651482684766,9.562363502411795,-1.4777120197270293
448,0,46.206120434894416,9.281240711214604,6.748078449178801,2.5331622620358027
449,0,46.75437865217301,8.214763356299098,6.879149392317042,1.3356139639820563
450,1,58.88471727631878,15.812535721259362,10.135276945481134,5.677258775778228
451,0,53.290621156371685,8.794845601757249,8.555717093594676,0.23912850816257247
452,0,72.8185777405607,17.148521036473863,13.078046760709194,4.070474275764669
453,1,70.02950676506538,19.92792165244748,12.150053245117988,7.777868407329493
454,0,68.69504511352838,11.677972110522369,11.831913670441475,-0.1539415599191063
455,0,57.46918662665568,11.261726266018965,9.737949067672327,1.5237771983466377
456,0,54.39383210252909,12.5520866663204,8.864005223601561,3.6880814427188398
457,0,74.25705065551361,19.21694047879992,13.63832332827289,5.57861715052703
458,0,55.145392228147735,10.951407926139147,9.076369333128875,1.875038593010272
459,0,67.01551274393613,9.871081330783484,11.559236527691557,-1.6881551969080721
460,0,45.4399200439879,11.755519577422428,6.565693050975406,5.189826526447022
461,1,73.87504632126851,11.565326492988763,13.486763902431933,-1.92143740944317
462,0,62.00505447931442,2.431861370971207,10.889973684910872,-8.458112313939665
463,0,51.83621203672868,13.69327695539998,8.158449524609036,5.534827430790944
464,1,63.53607459449942,10.697824926858514,11.145674933341656,-0.4478500064831419
465,1,60.00689766326053,9.796093305043689,10.433176461108777,-0.6370831560650885
466,0,58.40276208348641,15.113786111254273,10.001771129628954,5.112014981625318
467,1,59.76009412088896,14.855593043748025,10.369589211226126,4.486003832521899
468,0,59.91751873875601,5.121352088400617,10.410292931604728,-5.28894084320411
469,0,58.43259880289782,5.7343731666138975,10.010106031150782,-4.275732864536884
470,0,58.619237743544666,6.313051609492635,10.06204818671171,-3.748996577219075
471,0,51.43279881274769,11.345576615933744,8.050628521397481,3.294948094536263
472,0,56.70042057734983,2.990402497132334,9.518905627411952,-6.528503130279618
473,0,51.30484145231621,7.362858900053093,8.016676037031619,-0.6538171369785264
474,1,74.62067319544587,7.088171954376276,13.783617666196287,-6.695445711820011
475,0,63.492011993212216,12.327814909636686,11.139538396292176,1.1882765133445101
476,0,53.435891651548005,5.377353587869012,8.596022235428954,-3.2186686475599418
477,0,50.79450772894759,2.4911782672603664,7.882525735608194,-5.391347468347828
478,0,51.571083494182254,3.74894844492571,8.08745728815979,-4.33850884323408
479,0,66.50891303073487,9.939331558670979,11.495325897433673,-1.5559943387626944
480,1,59.04184463304341,7.026948475001367,10.178204121457608,-3.1512556464562405
481,0,74.4306438579884,10.32118718611085,13.707592983657548,-3.386405797546699
482,1,66.49764516334793,9.955255047032596,11.493965953005418,-1.5387109059728221
483,1,66.81801433024755,16.35831426770509,11.533623357702051,4.824690910003039
484,0,53.19600224693775,15.060602197178872,8.52951892779997,6.531083269378902
485,1,60.50102488964456,13.986614192748153,10.556455514419028,3.430158678329125
486,0,61.71994505989124,6.696754318733836,10.832337863128297,-4.135583544394461
487,0,52.94111498414383,6.830368897541955,8.459166883577232,-1.628797986035277
488,0,50.199882809563455,7.9535907052039825,7.728807670636943,0.2247830345670394
489,1,60.96224893155025,14.504673165190953,10.665997372197731,3.8386757929932216
490,0,67.02236537662581,15.785914753896671,11.56014319812793,4.225771555768741
491,0,71.84536896333303,8.305104177819553,12.723232351628575,-4.418128173809022
492,0,59.10134731552704,7.84053883169555,10.194371887085616,-2.3538330553900657
493,0,60.62800636829358,6.290599676872641,10.587180196985127,-4.296580520112486
494,1,69.4450153836659,8.436019004112845,11.998248157055283,-3.5622291529424377
495,0,45.08390440569773,5.744207478238565,6.481105703776381,-0.736898225537816
496,0,46.09685166244581,8.113956765304156,6.722022979544772,1.3919337857593836
497,0,68.164558935235,6.4444952871765455,11.732936130176272,-5.2884408429997265
498,1,58.48175410495909,12.974018785795788,10.023819481425097,2.9501993043706918
499,0,64.2982803604879,11.998487569997073,11.243701721847728,0.7547858481493446
500,0,56.42886963896044,15.272020673741528,9.441488932412037,5.830531741329491
501,0,56.59449890347084,12.881977560262682,9.488707402886021,3.3932701573766604
502,1,68.68349356791963,11.532798472146789,11.82960467751266,-0.296806205365872
503,0,49.74547789130108,10.220325938668523,7.613074235106464,2.607251703562059
504,0,52.39381977598724,8.326029524894528,8.309290560945,0.01673896394952834
505,0,64.97323328998877,12.891607496552046,11.321610656988174,1.5699968395638724
506,0,45.65047484864856,9.54591435439224,6.615751581075392,2.930162773316848
507,1,60.93986289491845,11.00244232298121,10.660815626579595,0.34162669640161525
508,1,72.21969002791127,10.912428641626722,12.856608020720616,-1.9441793790938942
509,1,65.98192831059794,12.632288852656274,11.433822413352715,1.1984664393035587
510,0,68.19956561881254,13.37834994361,11.7390458018265,1.6393041417835015
511,1,71.45197156685452,9.279460781539225,12.587933614444662,-3.308472832905437
512,1,65.75323296565513,14.185693884733688,11.408115147249672,2.7775787374840153
513,0,45.909990558371454,10.079462543900869,6.677506304059958,3.401956239840911
514,0,63.25806168403463,14.796995119142398,11.105911635666192,3.6910834834762056
515,1,66.06112824194554,18.585015354189164,11.442834053184317,7.142181301004847
516,0,52.95781028909441,8.266478569503889,8.463764800561142,-0.1972862310572534
517,0,46.37084791779089,10.883544760979944,6.78739641271854,4.096148348261404
518,1,74.20113210974294,10.172383557641306,13.616055580513315,-3.4436720228720095
519,0,68.73878804157053,15.412910222744603,11.84072309299895,3.5721871297456538
520,0,57.39700218347826,9.426192135413075,9.717402196568537,-0.29121006115546244
521,1,60.359188201104416,11.915724266132226,10.52165719135013,1.3940670747820967
522,0,45.458695632099214,10.286809222785982,6.570155594339206,3.7166536284467755
523,1,70.67707878383074,8.561696060095635,12.338422675961025,-3.7767266158653907
524,0,66.22937962343228,14.413845457803342,11.462218404549928,2.9516270532534143
525,0,46.05845776607775,7.6404876591808355,6.712872226220804,0.9276154329600317
526,1,67.52378950136259,9.02520249422875,11.630248114905156,-2.605045620676405
527,1,71.72158070519964,8.478852225612702,12.680091643023985,-4.2012394174112835
528,0,54.77836338694621,4.37042389771438,8.972472397678962,-4.602048499964582
529,0,61.048231753919296,12.059665714586489,10.685765433838606,1.3739002807478826
530,1,61.856289289859085,15.886776124635782,10.860261614016276,5.026514510619506
531,1,70.83546713288013,15.751939957563792,12.387421608686122,3.36451834887767
532,1,63.0987448727042,9.321100823678963,11.08193090957456,-1.7608300858955968
533,0,45.832452008365,2.3460636091558884,6.659047367983579,-4.3129837588276905
534,1,74.83082255001437,12.24791012316337,13.86784846994229,-1.6199383467789197
535,1,71.67388437695632,15.671491324461895,12.663605133454045,3.0078861910078505
536,1,74.71792807811715,10.21141441105062,13.822583703377786,-3.6111692923271654
537,0,57.35858147110668,16.197298086066574,9.706462989629536,6.4908350964370385
538,1,60.3951479986465,9.651920277406077,10.53052631531455,-0.8786060379084724
539,0,49.365363158644776,9.060876579484871,7.517312129995893,1.5435644494889784
540,0,51.38739930373646,10.454147621550232,8.03856810825104,2.4155795132991926
541,0,59.68409096716022,7.859930969305525,10.349763169847039,-2.489832200541514
542,0,62.694933068145694,17.766662997633208,11.016730708858145,6.749932288775064
543,1,67.78471186652732,16.026667560699003,11.670082176437653,4.356585384261351
544,0,46.14297771766954,-0.4674226844643159,6.733019566033674,-7.200442250497989
545,1,69.04055433350631,14.624867822569955,11.904435114677819,2.7204327078921366
546,1,69.73396281029707,15.098023575826776,12.070996599442426,3.0270269763843505
547,0,59.73741512071892,14.393667374124778,10.363684836161044,4.029982537963734
548,0,54.464284266845596,8.840725774419916,8.883845128553514,-0.04311935413359791
549,0,52.88860435290648,3.3847626027785696,8.444714941071863,-5.059952338293294
550,1,72.50997511513523,13.649351544109416,12.96280572184668,0.6865458222627367
551,1,73.85931610580172,22.52961337729519,13.480554818984455,9.049058558310733
552,0,47.18407394923823,5.617679222503526,6.982374561759372,-1.3646953392558467
553,0,62.66938534571402,10.36753921357977,11.012377824854443,-0.6448386112746736
554,0,54.89739278125743,10.063138574234353,9.006130983624162,1.0570075906101906
555,1,72.0889098435401,11.117392713273468,12.8095298738392,-1.692137160565732
556,0,65.45055736738583,11.672259576437533,11.374541729135522,0.29771784730201034
557,1,72.77212856832621,14.981116462589926,13.060558484132741,1.9205579784571842
558,0,60.67701379294467,9.877118396794515,10.598926208604508,-0.7218078118099935
559,0,53.76526741370036,3.959676400668827,8.687756361145825,-4.728079960476998
560,0,53.56058065722226,7.29566138038153,8.630693874285551,-1.3350324939040217
561,0,48.67545674020021,4.468466606737628,7.34568763419437,-2.8772210274567414
562,1,62.233328339838565,15.730605523674868,10.933975839787491,4.796629683887376
563,0,66.57304041620819,12.128765746417264,11.50311073970055,0.6256550067167144
564,0,60.42300648416474,11.416880487483356,10.537375693195544,0.8795047942878114
565,0,57.51013279143783,10.533491262151273,9.749600000983355,0.7838912611679181
566,1,60.32149206327635,10.065531887853082,10.512326384207887,-0.44679449635480495
567,0,53.25231962435265,9.658180887898876,8.545106930802973,1.113073957095903
568,0,56.34047025388681,1.3572425003490496,9.41629065546676,-8.059048155117711
569,0,48.98813595009078,13.117276964147027,7.423143100442954,5.6941338637040735
570,1,62.50585742068552,17.911436826081225,10.983874097491562,6.927562728589663
571,1,69.53011240221895,17.244713260426106,12.019191597280116,5.22552166314599
572,0,71.98678966136539,12.464309226959926,12.773120973972656,-0.3088117470127294
573,1,74.78198460209214,19.13670018138924,13.848263576347158,5.288436605042083
574,0,47.7616502616598,6.49076554426119,7.122025256458899,-0.6312597121977097
575,0,70.59435126010641,11.550153862637895,12.313268120283857,-0.7631142576459613
576,1,58.88853849224177,8.910855604478785,10.1363247572425,-1.225469152763715
577,1,67.72060868957053,9.27901780102708,11.660058953019895,-2.3810411519928145
578,0,65.15095837038427,17.06999439655073,11.34140437587633,5.7285900206744
579,0,68.51813180638314,8.980671052258936,11.797329626200977,-2.816658573942041
580,0,61.116307312998806,11.549953118723932,10.701262650349044,0.8486904683748886
581,1,66.43307219289778,19.29827760207516,11.48621636666623,7.81206123540893
582,1,61.12257506060496,10.646224090319627,10.702682555357905,-0.05645846503827734
583,0,57.958092049563504,8.247594050896579,9.876709990865548,-1.629115939968969
584,0,58.579009278346966,3.6054591199182457,10.050882321375491,-6.4454232014572455
585,0,50.050614120446795,10.14610307272184,7.690632060583225,2.4554710121386147
586,1,60.35309095941678,6.9435582341830155,10.520150269679766,-3.57659203549675
587,0,70.8405178795245,15.57126409668098,12.389001883867618,3.182262212813363
588,0,54.042066426323046,9.887664114094472,8.765192354892669,1.1224717592018028
589,0,45.35562513494287,9.101268361109476,6.545660491717903,2.555607869391573
590,0,46.7911098490113,6.990954659090811,6.88795419238159,0.10300046670922036
591,1,66.62905757946785,13.0937957058625,11.509976313371883,1.583819392490616
592,1,58.80470653247524,12.91713179590683,10.11329516758607,2.8038366283207594
593,1,71.75387296011239,7.611800979023657,12.69129695256241,-5.079495973538753
594,1,62.86196323575646,10.147185670761122,11.044509710074617,-0.8973240393134958
595,1,58.977698279667024,8.931650864100526,10.160719285634764,-1.2290684215342385
596,1,65.39204644574329,18.1523756288814,11.368076605065887,6.784299023815514
597,0,74.73945949268662,14.122598111161016,13.831214368816022,0.2913837423449941
598,0,58.56918464245721,12.761852365843076,10.048152805792835,2.713699560050241
599,0,60.433281592989445,5.0932496573317625,10.539897158757539,-5.446647501425776
600,0,46.1834722561941,5.448144856891206,6.742676347333626,-1.29453149044242
601,0,46.85930491761192,13.13688708106596,6.904310092171551,6.23257698889441
602,1,68.72188146862979,13.041029341019556,11.837305870614552,1.203723470405004
603,0,68.0671075969235,8.925333242658029,11.716219846554699,-2.79088660389667
604,1,61.044512503306734,6.802812324304561,10.68491481153508,-3.8821024872305188
605,1,69.09604973276733,11.68042993594914,11.916732473607183,-0.23630253765804277
606,0,60.93613635555595,13.14301827559038,10.659951644818316,2.483066630772065
607,1,69.7592778683742,12.416794502762464,12.077587886117298,0.33920661664516594
608,0,66.48003675123053,13.793604445595571,11.491845374191701,2.30175907140387
609,1,71.28619778065709,13.981803420183526,12.532563681337265,1.449239738846261
610,0,61.572514131254714,11.206237584821473,10.80142145040212,0.4048161344193524
611,0,69.7229603587468,4.762552759745414,12.068142633849288,-7.305589874103874
612,1,64.72199631228091,18.138897239206617,11.293241906742011,6.845655332464606
613,0,52.179115456472765,7.34571742209569,8.250974464267523,-0.9052570421718338
614,0,50.918654335231366,3.774383180765597,7.914968407768196,-4.1405852270026
615,0,55.17462189621202,8.453805119527843,9.08465680570736,-0.6308516861795166
616,0,46.32782560010336,10.97660541663836,6.777122923589229,4.199482493049131
617,0,54.97490667920745,9.632652772628694,9.028069066809632,0.6045837058190617
618,0,63.156602484113634,12.103527993246328,11.090746467222077,1.0127815260242503
619,0,45.965255140466155,7.785226935609024,6.6906672363566555,1.0945596992523683
620,0,48.87852812922127,3.109103069270261,7.395932139004727,-4.286829069734466
621,0,63.82323568930369,13.279447679830891,11.184286481839184,2.0951611979917075
622,0,59.01786188754803,11.568073942764508,10.171673585546175,1.396400357218333
623,0,57.484711724522334,7.3215366321510675,9.742367019099502,-2.4208303869484347
624,0,50.71398991894456,10.018491630108942,7.861550823292206,2.1569408068167357
625,0,46.42359450888604,4.34772712250253,6.799996803811709,-2.452269681309179
626,1,72.55998345116737,19.578751353016823,12.981323897201682,6.597427455815142
627,0,56.536700114204,10.693639444682123,9.472229248552475,1.2214101961296482
628,0,60.00858885258839,16.489171210682812,10.433607824343424,6.055563386339388
629,0,55.67524826204858,10.82646396342275,9.226846720709458,1.5996172427132915
630,1,60.94475800409501,16.527444768425614,10.661949933589352,5.865494834836262
631,1,69.52527143402808,14.024875093361478,12.017989252560653,2.006885840800825
632,1,68.65444527586432,12.364809324758886,11.823830150699152,0.5409791740597338
633,0,47.38980273896982,8.550296079449922,7.031987558666758,1.5183085207831635
634,0,69.17378234801139,11.860018712322526,11.934269250232733,-0.0742505379102063
635,0,57.31877400803175,10.122901551145416,9.695127305900138,0.42777424524527774
636,1,62.76937646162632,4.5813912859449175,11.029257621449839,-6.447866335504921
637,1,71.18197584194849,9.539385762129823,12.498283423173934,-2.9588976610441104
638,1,66.91524156098191,10.47088533820724,11.546110335070765,-1.0752249968635237
639,0,69.15455387986464,10.172064880097668,11.92989754411966,-1.7578326640219917
640,0,51.46010553637044,12.816676150594787,8.057889920322362,4.758786230272426
641,0,69.4711027536004,15.91879901348517,12.004625167140732,3.914173846344438
642,0,58.30882041659648,10.312660656312126,9.975476834689172,0.3371838216229541
643,0,55.86049791648083,10.3609811033139,9.279559199073653,1.0814219042402478
644,0,54.64444892753038,12.542911941064975,8.934649700635955,3.6082622404290206
645,0,46.66299076148006,0.993697959180392,6.857256960152823,-5.8635590009724305
646,1,74.0816835200743,16.84824341841399,13.56857607513756,3.2796673432764294
647,1,73.98602682250302,11.781349071556942,13.530648583180945,-1.7492995116240024
648,0,55.51890135597416,13.67456315868372,9.182394953034727,4.492168205648992
649,1,65.92473229123577,10.172492513480046,11.427352952662453,-1.2548604391824068
650,1,68.03474662515744,12.191695631336035,11.710761879966464,0.4809337513695713
651,0,54.50377033970993,5.6883225745213535,8.894971481503433,-3.206648906982079
652,0,48.09216301591553,12.441884064979858,7.20249654709691,5.239387517882948
653,1,71.99258316233063,17.358903440169286,12.77517804901845,4.5837253911508355
654,0,69.35624024366439,18.320422140637287,11.976837858182698,6.343584282454589
655,0,48.72547643164394,11.092779008406533,7.35804368079161,3.7347353276149224
656,0,66.91515173606818,12.432242928221164,11.546098691782218,0.8861442364389465
657,0,48.46374851386078,12.076482768789948,7.293529901771166,4.782952867018782
658,1,64.00976217869963,13.321978815972518,11.208208963158677,2.1137698528138404
659,1,74.64627169398294,16.224383456387162,13.793870835959282,2.43051262042788
660,0,45.53099615358344,6.424947159274409,6.587341983174542,-0.16239482390013293
661,1,58.747701063650695,8.983601989819038,10.097586121677965,-1.1139841318589276
662,1,59.64886867761574,6.653920334272648,10.340537928787496,-3.686617594514848
663,1,62.50304905617343,11.55807877145744,10.9833750095361,0.5747037619213398
664,1,64.29826365879734,12.345806092064333,11.243699714092056,1.1021063779722766
665,0,56.55928560006079,11.596774601952694,9.478668212926708,2.1181063890259857
666,0,52.87374185641471,5.425535778382628,8.440627153743304,-3.015091375360676
667,0,69.89120014197056,11.632266607132898,12.112488348872906,-0.4802217417400083
668,1,65.80863778200836,20.170832420180037,11.414306858792362,8.756525561387676
669,0,67.27569436671517,10.717126131901937,11.594589213123696,-0.8774630812217588
670,0,55.32467384256975,12.784910412472684,9.12722829267936,3.657682119793323
671,0,54.29219089466719,15.67715526073359,8.835410311263274,6.841744949470316
672,1,71.55554933829947,13.062631298979618,12.623038001046393,0.4395932979332251
673,0,47.0551184531433,10.674864197942954,6.951342078741437,3.723522119201517
674,0,61.4436154477312,14.373336005873265,10.773795359133516,3.599540646739749
675,0,57.155554353773326,10.20226150459558,9.648633653660307,0.553627850935273
676,1,60.27619934831587,5.782171960116872,10.501070533476238,-4.718898573359366
677,1,63.29205257800525,9.212213234817936,11.110911022456508,-1.8986977876385716
678,1,66.80753230342751,14.817673864783544,11.532290654595892,3.2853832101876517
679,0,58.118739076487394,7.602224760885679,9.922054941687074,-2.3198301808013957
680,1,74.12632994464782,14.06652146758628,13.586307920623735,0.4802135469625455
681,1,65.93412308547867,17.538088000957842,11.428413088957655,6.109674912000187
682,1,73.69467059834848,20.51726385742757,13.415745062196013,7.101518795231556
683,0,56.63079270224858,10.60130450464882,9.499054737383574,1.1022497672652456
684,0,56.62232862540568,7.373794040899248,9.496641630012386,-2.122847589113138
685,1,73.24354115913705,10.96286418234044,13.240146021665323,-2.2772818393248837
686,0,60.94567249065023,9.82519612452545,10.662161764800935,-0.8369656402754853
687,1,66.8613843662006,17.673626513844606,11.539165109004127,6.134461404840479
688,0,66.95170136060817,11.001774016806332,11.55085315695348,-0.549079140147148
689,0,67.97567292827723,8.509388891899983,11.700915442723664,-3.1915265508236814
690,0,58.174009396595686,12.050677081649804,9.937616443775712,2.113060637874092
691,1,61.39275277270122,8.046694385971568,10.762745128368794,-2.7160507423972255
692,0,64.27363839829698,14.596849327075727,11.240733983052607,3.35611534402312
693,0,60.136227736455005,13.969426069317388,10.465984815756707,3.5034412535606805
694,0,73.32807634974414,21.73395182454461,13.27280178838133,8.461150036163282
695,0,67.6535329757493,6.477154424252532,11.649739224887457,-5.172584800634924
696,0,50.6415094643358,10.593821990812952,7.842713652540748,2.7511083382722035
697,0,63.68238018538776,12.015967103421737,11.165635599920943,0.8503315035007937
698,0,55.889774489253725,11.96764375369137,9.287893538673176,2.6797502150181938
699,0,56.97443045621382,10.43213007321541,9.5970177803412,0.835112292874209
700,0,68.78323082820123,13.585823713714992,11.849781182610565,1.7360425311044274
701,0,63.037153471984645,7.296568432184181,11.072408279981195,-3.7758398477970143
702,0,48.017557888843115,5.803711042415314,7.184292984410018,-1.3805819419947039
703,0,54.01107807738815,6.632875888214244,8.756508573901913,-2.123632685687669
704,0,52.81420987600914,14.350437355724566,8.424265348250659,5.926172007473907
705,0,47.25135559533109,12.592788361277671,6.9985853368500175,5.594203024427654
706,0,58.3390358022477,8.442572886288618,9.983942449829133,-1.5413695635405151
707,0,48.370192852264495,8.713637732183873,7.27055035526758,1.443087376916293
708,0,46.67596732550372,7.539901983473899,6.8603643660671905,0.6795376174067087
709,0,58.28816591092761,14.419593870086985,9.969685558735929,4.449908311351056
710,0,56.36753966766453,11.807746855799993,9.42400648433083,2.3837403714691625
711,0,57.73748427987931,15.089322160644423,9.814209981240468,5.275112179403955
712,1,74.69447603010198,10.02981455960588,13.813184650749708,-3.783370091143828
713,1,62.97514982476485,7.380562717013662,11.062674191375397,-3.6821114743617347
714,0,60.36706786562949,8.917762124677752,10.523603308823427,-1.6058411841456746
715,0,59.54004833480345,11.389112623210307,10.311891761471617,1.0772208617386898
716,1,67.65690638425485,18.92197512236405,11.65025419543251,7.27172092693154
717,0,64.13746170353565,16.433887959779373,11.22412690159525,5.209761058184123
718,0,65.77642580232177,10.886944398187431,11.410704639036645,-0.5237602408492137
719,0,50.62663632738103,10.19002958993504,7.83885333215433,2.3511762577807103
720,1,62.789420146465744,6.623864031535782,11.032590240179715,-4.408726208643933
721,0,52.03982709354486,7.582464991792749,8.213297495874597,-0.6308325040818481
722,0,50.55947824685628,13.337030233640322,7.821443914002839,5.515586319637483
723,0,54.23947203066244,7.03753654561467,8.820592310787758,-1.7830557651730876
724,1,73.89160003542537,14.642226942256324,13.49330109364258,1.148925848613743
725,0,63.47255189713072,16.690718444595927,11.136809082914521,5.553909361681406
726,0,66.60452358079297,15.5332884446098,11.506961683816733,4.026326760793067
727,0,70.55424110021389,11.951207531855625,12.30118256931108,-0.3499750374554562
728,0,45.0107043300248,4.834706649808348,6.463717507856884,-1.6290108580485354
729,1,65.5902003264465,4.280959817342088,11.389991924162505,-7.1090321068204165
730,0,57.338923723966815,6.671659023080872,9.700865388677927,-3.029206365597055
731,0,48.315181385496714,10.914143190779814,7.257057378443103,3.657085812336711
732,0,50.98835924245315,11.047654384090912,7.933238932229229,3.1144154518616824
733,0,49.255191462488206,2.798384953158916,7.489723638710392,-4.691338685551475
734,1,61.81013992992197,9.371234680213806,10.850883178611486,-1.4796484983976796
735,1,73.40696948824102,16.011885978677075,13.303387958305061,2.708498020372014
736,0,54.05644342683415,1.6984792117190173,8.769222390209968,-7.070743178490951
737,1,70.12411088428044,8.264897377922285,12.17630963740304,-3.9114122594807554
738,0,51.11476795099944,12.035709259206882,7.966471346190901,4.069237913015981
739,0,45.0267694161525,10.011033995984391,6.467533641946215,3.5435003540381764
740,0,46.99508863603268,4.768191635866739,6.936912539874941,-2.168720904008202
741,1,69.0461644498394,15.998941464384616,11.905669845263585,4.093271619121031
742,0,51.13596761715701,14.099464692698891,7.972057016045216,6.127407676653675
743,0,47.300811539423655,10.269408763170018,7.010510186608494,3.258898576561524
744,0,52.57466185943032,6.137133535571643,8.35862557122283,-2.2214920356511874
745,0,57.4592043166406,3.3070602119087398,9.735108178204083,-6.428047966295344
746,1,69.85733480967797,12.51999887950597,12.103441522869764,0.41655735663620597
747,0,46.76350488229827,6.549216444740842,6.881336723568145,-0.3321202788273032
748,0,71.53354577044233,10.30970578369308,12.615548636093347,-2.305842852400268
749,1,59.80101486476346,5.53097136432215,10.380217330577548,-4.849245966255397
750,0,70.4066427060324,11.086924924114305,12.257344275204385,-1.1704193510900804
751,0,49.30310764930563,3.390860296928264,7.501713586367131,-4.110853289438867
752,0,48.499853953382846,9.713874450320136,7.302409461477092,2.4114649888430435
753,0,58.54579145873664,13.657903336097972,10.041649628811154,3.616253707286818
754,0,52.60510474389078,8.923241512950284,8.366949407540513,0.5562921054097707
755,1,67.62834387661997,11.440042699952349,11.645907288794405,-0.20586458884205605
756,0,49.85156835449581,5.0882671746587445,7.639968157916559,-2.551700983257814
757,1,59.752976364970735,12.742842348353031,10.367737210331397,2.3751051380216346
758,1,72.03388352073658,19.399724132290125,12.789872142935138,6.609851989354986
759,0,72.77048611357182,8.550598476255619,13.05994098552831,-4.509342509272692
760,0,48.725299189753535,11.877522682094932,7.357999875124157,4.519522806970776
761,0,58.99207497063763,11.970678892278316,10.164642934272058,1.8060359580062588
762,1,60.45224396372494,16.082330319167227,10.544543598445642,5.537786720721584
763,0,45.769258663471085,4.3392069943742095,6.644008603310964,-2.3048016089367547
764,0,46.03542644511402,6.760265346072416,6.707384008831665,0.05288133724075017
765,0,48.88025457478377,4.239437490195939,7.396360236043368,-3.156922745847429
766,0,73.01352145791235,15.242844862790587,13.151955288618392,2.090889574172195
767,0,63.13025702710412,11.124733142186978,11.086747684221727,0.037985457965250546
768,1,69.22939508266329,14.638532946548318,11.947036834932396,2.6914961116159226
769,0,45.6578320595483,6.354704920677543,6.617501368929047,-0.26279644825150417
770,1,73.24285590625021,12.077716035303244,13.239881824107048,-1.1621657888038044
771,0,59.12916946802272,8.314646839214204,10.201914165184128,-1.8872673259699244
772,0,45.33395197835534,9.1475193330785,6.540510488196386,2.607008844882115
773,0,49.380576109046814,7.583984892184314,7.521127395981812,0.06285749620250236
774,1,59.17224500415169,18.830260017215743,10.213569065742822,8.61669095147292
775,0,65.49646738537089,14.313095773700836,11.379616838261915,2.93347893543892
776,0,62.317791460162326,13.535361212177468,10.949753460933987,2.585607751243481
777,0,51.14577519331695,6.017380898925905,7.974642296749095,-1.9572613978231894
778,0,46.07213642810206,1.6706390827291433,6.7161321303098385,-5.045493047580695
779,0,55.800174523224975,9.646629016003974,9.262389631732162,0.3842393842718117
780,0,72.59009855795468,17.58470177580131,12.99250569133189,4.592196084469419
781,0,54.75955751573325,9.095271037361293,8.96715793431638,0.12811310304491386
782,0,54.053243010254775,12.997897326840109,8.768325211499826,4.229572115340282
783,0,46.66187339894444,12.669378197554927,6.856989411426089,5.812388786128838
784,0,60.2958036408624,10.090657418392553,10.505948410886855,-0.41529099249430246
785,0,48.63908965974508,10.485805994507013,7.336712125667525,3.149093868839488
786,0,45.12419779821131,4.074974310670213,6.49067734328384,-2.415703032613627
787,1,60.82627110625664,13.267752105328798,10.634303596916205,2.6334485084125934
788,1,63.59060589539489,11.645399951192552,11.153187951327572,0.49221199986497943
789,0,65.81767894549972,16.562841768901436,11.415319183694756,5.14752258520668
790,0,68.51330382115601,9.809181546675395,11.796408763845642,-1.987227217170247
791,1,69.65010456683959,12.458405391756338,12.049409733587419,0.40899565816891936
792,0,50.15330639892855,8.523797166373114,7.716878662639717,0.8069185037333977
793,1,68.59569173844989,19.306624128003648,11.812288292915875,7.494335835087773
794,1,72.7523494012118,14.49921151653344,13.053126381424695,1.4460851351087456
795,0,50.99257950016207,4.324966976223001,7.934346370716151,-3.60937939449315
796,1,58.38197429943931,6.5349591307708135,9.995959279621355,-3.461000148850541
797,0,59.95414299778445,8.71157258221602,10.419690077196634,-1.7081174949806144
798,0,61.19139887055848,11.696155505626434,10.718196187365995,0.9779593182604387
799,0,45.007034485333925,12.6765594656998,6.462845765682147,6.213713700017653
800,0,70.87589741004165,13.836709868270637,12.400101736386334,1.4366081318843023
801,0,47.986051107560634,3.552075136120199,7.176612396109169,-3.62453725998897
802,0,52.07975351701543,3.937735069561744,8.224084650064707,-4.286349580502963
803,0,53.975390288539,10.97994199314676,8.74651233238182,2.233429660764939
804,0,63.258875505559885,12.503925824975571,11.10603180163471,1.3978940233408608
805,0,57.4211737809671,2.6798957839173703,9.72428340459461,-7.04438762067724
806,0,58.63846513920917,9.373278225496822,10.06737887596247,-0.6941006504656482
807,1,60.91084481833367,5.288229801343769,10.654077467358844,-5.365847666015075
808,0,49.19599873594435,3.3999825770432186,7.474930694426029,-4.07494811738281
809,0,60.10523572760791,10.320082700714172,10.458156252738492,-0.13807355202431992
810,0,72.02603205232218,12.807356368320756,12.787074701181682,0.020281667139073534
811,0,62.914747796409415,12.388182967111234,11.05304530452244,1.335137662588794
812,0,45.18764208447433,13.227551431239364,6.505749016762046,6.7218024144773185
813,0,61.82348412337567,9.942674416091082,10.853602721370859,-0.9109283052797768
814,0,57.630407009550666,9.969342243777424,9.783799991994108,0.18554225178331585
815,0,50.902967549611205,15.488007162041647,7.910862128529693,7.577145033511954
816,0,55.19276252471986,4.605543153641523,9.089801108675275,-4.484257955033752
817,0,46.41827290701947,6.963707402980508,6.798725305671569,0.16498209730893887
818,0,59.785708130821234,14.232082917847032,10.37624564927973,3.855837268567303
819,0,71.81964471843959,16.87388647898303,12.714226075720095,4.1596604032629365
820,0,54.066743470903134,8.952580799280307,8.772110075887367,0.1804707233929399
821,1,70.68830972358387,11.844486321267368,12.34186104869648,-0.4973747274291114
822,0,45.400538385501406,3.2534359659166854,6.556333577145123,-3.302897611228438
823,0,56.40774618200569,4.126564153352526,9.435467425107344,-5.308903271754818
824,0,55.0740207272527,2.1284118338261795,9.05614112996649,-6.92772929614031
825,0,72.72589659069024,7.3954732311319695,13.043200662413863,-5.6477274312818935
826,0,48.146173843244576,15.038676135252992,7.215689987786044,7.822986147466947
827,1,63.79057554980651,12.074839555155684,11.180008913699654,0.8948306414560303
828,0,59.47290658062092,7.377943783376091,10.294111462847553,-2.916167679471462
829,1,73.72487146027184,11.956511913584508,13.42760748564706,-1.471095572062552
830,1,70.5131472594252,14.948463817694428,12.288876433376142,2.659587384318286
831,0,48.665606297288285,13.013778207533608,7.343255851058368,5.6705223564752405
832,0,66.78409889835686,14.45318916046989,11.52932051791408,2.92386864255581
833,0,50.885828162095365,1.8978313302969243,7.906377897620127,-6.008546567323203
834,1,66.13747256123085,12.071585616079687,11.451586279042075,0.619999337037612
835,1,66.57884204970665,17.697223392787244,11.50381891762104,6.193404475166204
836,1,68.71414994795035,10.537480470900912,11.835748359262823,-1.2982678883619112
837,0,52.23156963940407,9.15293935759644,8.26519518556511,0.8877441720313293
838,1,66.06383173991821,9.654133681132068,11.443142843364605,-1.7890091622325368
839,1,66.17143256487407,7.1089988381858715,11.455502108961436,-4.346503270775565
840,1,65.1835789729918,12.391143250023925,11.345021386447932,1.0461218635759924
841,0,53.78493775702765,11.738012915579176,8.693249262519334,3.0447636530598423
842,0,60.317002889326375,4.7206439813932475,10.51121293169325,-5.790568950300002
843,0,71.0170121429644,17.67171101157827,12.44489483438469,5.22681617719358
844,0,46.97952293364265,5.3018567912726,6.933172605548532,-1.6313158142759319
845,0,72.11408998080198,10.061610528334336,12.81855539671391,-2.7569448683795734
846,1,74.34880527312501,14.143661570240024,13.674911743448067,0.46874982679195654
847,0,45.39024250696926,1.5410595002443404,6.5538867944422,-5.01282729419786
848,0,45.82203335886809,2.6202999086044043,6.656567629651553,-4.036267721047149
849,0,49.00458573346006,10.134838646989328,7.427232575325805,2.7076060716635233
850,0,52.63620855854546,2.9339655681979044,8.375459444243432,-5.441493876045528
851,0,52.41813177879274,11.53795427052218,8.315911757456663,3.2220425130655173
852,1,72.77198483781855,19.34812348149003,13.060504444647952,6.287619036842079
853,1,66.3069327142827,18.39040342296921,11.471280232010592,6.919123190958619
854,0,61.97687134921373,13.450395854562831,10.884406474474916,2.565989380087915
855,1,71.20714351441308,20.86867974546641,12.506523110116182,8.362156635350226
856,1,73.37898617367912,16.762713187826893,13.29252725982197,3.4701859280049234
857,0,47.53347090194829,5.828144888178876,7.066716595542067,-1.2385717073631906
858,0,49.02910963668624,6.0940531900770125,7.433332099058552,-1.3392789089815391
859,0,49.18932256548062,5.424552967773412,7.473263528226824,-2.0487105604534124
860,1,71.6319625907868,6.330071374990572,12.649178397435723,-6.31910702244515
861,1,58.88208142692119,9.710061940540019,10.134554063332441,-0.4244921227924223
862,0,58.75911859556679,6.84252952118934,10.10073555101881,-3.258206029829469
863,0,55.48871912374942,9.41268608068208,9.173818032406727,0.23886804827535357
864,0,66.74772186906529,16.619524668337966,11.524734645337123,5.094790023000844
865,0,58.732068960295216,12.578029157596976,10.093271667431505,2.484757490165471
866,0,51.04700840818301,11.357665035030315,7.948641827393494,3.409023207636822
867,0,46.72569933030052,11.058449273471478,6.872276981309629,4.1861722921618485
868,1,70.08691375097993,17.64815653856509,12.165932270319653,5.482224268245437
869,1,62.32444885976865,13.420141476520246,10.950985244293806,2.4691562322264407
870,0,51.79565151686609,3.5913575659020305,8.147557098478831,-4.556199532576801
871,1,67.56843048720215,11.222110838300493,11.636886074809443,-0.4147752365089499
872,0,51.06032367098776,11.3143614217877,7.952142598591592,3.362218823196108
873,0,54.3503650059272,9.500329089396836,8.85177241582303,0.6485566735738058
874,0,71.48052133930295,13.665882081064815,12.59757132035422,1.0683107607105953
875,0,64.50905033560423,5.553733415940156,11.268667687517743,-5.714934271577587
876,0,59.41885804585349,6.796280785497281,10.279741793241925,-3.483461007744644
877,1,67.94314943484048,15.373667838767556,11.695557856326225,3.678109982441331
878,1,64.55284343637918,12.546159768567104,11.273769631913089,1.2723901366540158
879,0,50.9315110805926,9.53195193899186,7.918335367034024,1.6136165719578353
880,1,69.1771243010647,14.363379037392894,11.935031311570903,2.4283477258219914
881,0,74.74060537810021,11.386125423329702,13.831673720655916,-2.445548297326214
882,0,67.45738321159061,7.9026940214089905,11.620502483883442,-3.7178084624744514
883,0,55.96939150970238,11.518817128059572,9.310563159136139,2.208253968923433
884,0,74.8350138646273,10.764818986525388,13.869529462032622,-3.1047104755072343
885,0,74.96912622136206,10.018054228367689,13.923328057158807,-3.9052738287911186
886,0,66.83629704277354,11.844251993102954,11.535954034301255,0.30829795880169897
887,0,49.10644528085246,4.997920483459951,7.452588944627965,-2.454668461168014
888,0,74.09374160155309,19.270230106329397,13.573363289963003,5.696866816366393
889,0,53.12638926017477,13.87254874560402,8.51027233171325,5.36227641389077
890,0,47.613569621596845,-0.41713032884123,7.086110142262382,-7.503240471103612
891,0,67.06773754269231,15.6705794274801,11.56617839906617,4.10440102841393
892,0,60.35552159500244,6.5441788879557805,10.520751103854904,-3.9765722158991235
893,0,47.80750836033409,11.8565939443706,7.133164384120494,4.723429560250105
894,1,66.3348224088166,15.638297038532944,11.474560826874438,4.163736211658506
895,0,49.94761311977832,15.360870993172744,7.6643808231108705,7.696490170061874
896,0,55.43379520054313,5.76774445007442,9.158214106366781,-3.3904696562923613
897,0,55.49193545136396,8.935791268821895,9.174731949410395,-0.2389406805885006
898,1,73.39172028455587,16.35418886112508,13.29746794903447,3.0567209120906114
899,0,51.84523720367402,12.438170388863163,8.160874740296814,4.27729564856635
900,0,71.96910729315448,12.659924818199876,12.766848960298347,-0.10692414209847101
901,0,54.02686334286031,6.811112254686776,8.7609315900796,-1.9498193353928244
902,1,72.80291104306198,11.079389171616814,13.072142778433125,-1.9927536068163114
903,1,64.40901800441705,8.24330726926827,11.256907949524406,-3.013600680256136
904,0,59.587098518428256,12.973869965504743,10.324303813035138,2.649566152469605
905,0,57.82223923902141,9.836460822216996,9.838248913423113,-0.0017880912061176701
906,1,71.93273838678954,16.031647223734755,12.753979227506452,3.2776679962283026
907,0,52.00203382072432,9.464721968952084,8.203096260235945,1.2616257087161387
908,0,54.31807198064513,3.911018819150187,8.842688270296387,-4.9316694511462
909,1,60.783103060618274,13.267455923716714,10.624134031522003,2.6433218921947113
910,0,64.35160229221682,16.970174641437186,11.250086704822074,5.720087936615112
911,0,66.38676593358397,9.324898463382471,11.480703302022366,-2.155804838639895
912,1,67.2690923122146,13.10480767396491,11.593667443097367,1.511140230867543
913,0,62.703092841018794,15.800859506822537,11.018115215618167,4.78274429120437
914,0,51.095521198098936,4.23779525816702,7.961403281009485,-3.7236080228424644
915,0,55.214140288730086,14.822965047889053,9.095864266676754,5.7271007812122985
916,0,50.34361155805141,2.5091498961357015,7.765718377137229,-5.256568481001527
917,0,54.746617895235616,9.410768102878839,8.963501799156466,0.4472663037223725
918,0,50.959558578146485,13.049758956182098,7.925685166026403,5.124073790155695
919,1,70.20333788208839,17.71421611604054,12.198641797027316,5.515574319013224
920,0,62.69993207680662,12.477085261923394,11.017579246402772,1.4595060155206223
921,0,46.55829355426487,0.2501590498855419,6.832199779553079,-6.582040729667537
922,0,73.14286325499661,12.795966508324613,13.201421727035704,-0.4054552187110918
923,0,64.33263838127476,15.579657112567125,11.247821553820748,4.331835558746377
924,0,66.4749634050362,8.549941339599052,11.491235426718454,-2.9412940871194024
925,0,49.351162733069394,6.022360151501188,7.513752061157872,-1.4913919096566834
926,1,67.5364020410268,10.458984453543012,11.632116415447971,-1.173131961904959
927,0,62.69400147166486,6.120690730055329,11.016572462422017,-4.895881732366688
928,0,51.103651469532366,9.613575706195855,7.963543793277356,1.6500319129184984
929,0,48.948171988153874,8.882649006364455,7.41321414294466,1.469434863419795
930,0,51.5575177285604,8.711427977631663,8.083838226737866,0.6275897508937973
931,0,50.8514926963267,5.221857987775479,7.897401812489561,-2.675543824714082
932,0,61.656170548953256,8.440072836047046,10.819054996098364,-2.3789821600513186
933,0,49.757589683660605,10.848268810174046,7.616140793408639,3.232128016765407
934,0,59.60259161373903,11.979020083419304,10.32838220671096,1.650637876708343
935,0,66.31329270091328,15.956563176246457,11.47202729602264,4.484535880223817
936,1,64.30252426448773,12.839661940943843,11.244211731785303,1.5954502091585407
937,0,59.160719715691215,7.828871645710628,10.210453376002738,-2.381581730292109
938,0,54.72742875748956,15.555278464570462,8.958080672990953,6.597197791579509
939,0,68.45356125107583,17.533996042328162,11.785112115624855,5.748883926703307
940,1,71.18534812497168,18.411796640232986,12.4993860508107,5.912410589422285
941,0,49.41075801291966,14.960605026884377,7.528700905451028,7.431904121433349
942,0,62.2816051738525,10.391373153054252,10.94302782083941,-0.5516546677851579
943,1,61.65046444017017,13.070472025728558,10.8178597551231,2.252612270605457
944,0,63.25822232415856,12.032374318401027,11.105935357043055,0.926438961357972
945,0,74.4922743357335,11.114187254590568,13.732230053266997,-2.618042798676429
946,0,60.97169179643839,10.20962717677444,10.668178821797344,-0.45855164502290435
947,0,48.78232147429007,12.67559638423366,7.37210146036857,5.303494923865091
948,0,57.24849500989478,5.071256016473336,9.675110844925657,-4.603854828452321
949,0,56.55479633825159,4.99118182913202,9.477388350050164,-4.486206520918144
950,0,55.030851006283775,4.096772652950833,9.043911397205099,-4.947138744254266
951,1,67.10276839478487,15.968047079984276,11.570876776368241,4.397170303616035
952,0,51.345429021784526,10.317499871381736,8.027432342009401,2.290067529372335
953,1,67.73007638762635,9.735097356193062,11.6615293284577,-1.9264319722646377
954,0,60.03204468742817,10.229653906094084,10.439584262035169,-0.20993035594108456
955,0,47.55590309391139,14.62275527829432,7.0721455881075395,7.550609690186781
956,0,48.00433094631127,7.326841204559331,7.181068073541533,0.14577313101779854
957,1,64.9570511213343,10.212405480950029,11.319799130200128,-1.107393649250099
958,0,55.020296494539615,10.579412301129713,9.040922010748883,1.53849029038083
959,0,55.25799912212997,7.3649742763268,9.108306395792772,-1.7433321194659719
960,1,74.05556446801079,18.54354546426264,13.558211140601198,4.985334323661441
961,1,74.47849391078297,14.016829537145226,13.72671949449111,0.2901100426541152
962,0,57.55726861784457,6.133401502693857,9.76300758703149,-3.6296060843376328
963,0,56.311434216288795,11.958331398719762,9.408014619479772,2.5503167792399903
964,1,69.47722811632863,15.635131432897545,12.006128083828573,3.629003349068972
965,0,46.85533111264963,2.8874979681543804,6.903356690820091,-4.015858722665711
966,0,55.551852810579305,7.248658431594396,9.191760471281071,-1.9431020396866758
967,0,52.1380608264481,2.639584554025962,8.239856397286333,-5.600271843260371
968,0,55.751032957889535,7.3627748609389245,9.248405916937358,-1.8856310559984335
969,0,65.36074633056674,11.400192894214506,11.364618433840569,0.035574460373936745
970,0,54.14154069383893,11.026062411432,8.793091523801964,2.232970887630035
971,0,45.29100970725371,10.636952695029482,6.530307106969468,4.106645588060014
972,0,48.03166663682174,6.2402362796374655,7.187733698686498,-0.9474974190490322
973,0,63.00609983714456,5.311621696948468,11.067551871880159,-5.755930174931691
974,0,59.37246726483948,13.375600450267765,10.26736873978737,3.1082317104803945
975,1,71.63362578010427,12.202979366251292,12.64974961180337,-0.446770245552079
976,0,49.777482719994005,2.60155766188155,7.621179571279781,-5.019621909398231
977,0,46.09092131967608,3.800655201238896,6.720609405200155,-2.9199542039612587
978,1,63.504487727310384,13.435953808299285,11.14128193928614,2.294671869013145
979,0,45.607434248547314,1.351235885475564,6.605516056362535,-5.254280170886971
980,0,59.85231915658533,10.639714461348802,10.393495416610184,0.2462190447386181
981,0,67.85845975565536,5.322073292013102,11.68181358369334,-6.359740291680239
982,1,60.82319798161754,16.156090254139265,10.633581325387134,5.522508928752131
983,0,54.02748532782796,6.307095974480909,8.761105888667405,-2.4540099141864964
984,0,47.84043918177704,13.214064481689848,7.141168463562726,6.072896018127121
985,0,53.90631602570589,14.461154581256023,8.72717822085833,5.733976360397694
986,0,52.04987782986744,6.020974009530948,8.21601198453717,-2.1950379750062217
987,0,67.09883766990079,5.040649758491512,11.57034787654376,-6.529698118052248
988,0,69.58715537117982,16.05445121469498,12.033457662041151,4.020993552653827
989,1,63.28591068964582,13.2213385789437,11.110010630570542,2.111327948373157
990,0,46.219768302479686,0.2021395993127503,6.751334185481006,-6.549194586168255
991,0,47.79871934676436,4.044670132164603,7.131028865217813,-3.08635873305321
992,0,54.76783380722574,6.8008191950087244,8.96949666479441,-2.1686774697856848
993,0,50.71810996015123,6.562713837212217,7.862622840475124,-1.2999090032629068
994,0,61.08054197706805,8.72496988781264,10.693137894472535,-1.968168006659896
995,0,68.3957041150677,15.010025534199492,11.77434309975651,3.2356824344429818
996,0,67.45765014861145,15.372524439718866,11.620541356022894,3.751983083695972
997,1,71.29797745471213,14.958756145219905,12.53646433917489,2.422291806045015
998,0,74.65241290854122,16.751325597002193,13.796330976281588,2.954994620720605
999,0,50.84100461875168,11.04747831285912,7.894661898654635,3.1528164142044846
1000,1,69.14892434032762,6.841255557531186,11.928621813232665,-5.087366255701479
1001,1,74.05850740946809,22.832822075646963,13.559378677176907,9.273443398470055
1002,0,74.55700671097053,9.800919728860784,13.75812798075932,-3.957208251898537
1003,0,54.66550876846389,16.1684686837531,8.940594536939107,7.227874146813994
1004,0,52.20545802480719,5.982715665654254,8.258113965488189,-2.2753982998339346
1005,1,60.3680061744908,16.73083757761358,10.523834952277348,6.207002625336234
1006,1,71.5235369374534,15.108622844207336,12.61214759013393,2.496475254073406
1007,1,65.06620067117677,14.840071546957804,11.331985624372194,3.508085922585609
1008,0,53.811190847761935,9.282469940059446,8.700582827133735,0.5818871129257115
1009,0,58.68929948521476,15.393144089134994,10.081452935584089,5.311691153550905
1010,0,59.40450063363858,7.055573825971504,10.27591631661675,-3.220342490645245
1011,1,66.84787945145175,18.756056566913728,11.537434661038949,7.2186219058747785
1012,0,69.26589953188177,14.008052502794948,11.955516836547263,2.0525356662476852
1013,0,66.94715168433451,18.768866550813403,11.550259472622251,7.218607078191152
1014,0,70.34934869880745,8.622208682866956,12.24060106618664,-3.6183923833196836
1015,0,47.73989701452289,7.296750339633372,7.116744124144018,0.18000621548935403
1016,0,52.56452342114541,7.112621447749555,8.355854657824292,-1.2432332100747372
1017,1,61.614284020104265,11.31989748540348,10.810255441125818,0.5096420442776619
1018,1,73.03790099872478,17.01052177300754,13.161253941761805,3.8492678312457347
1019,0,63.44880210628224,13.377939328974524,11.133462003667743,2.2444773253067805
1020,0,50.632148970454814,6.023857227313339,7.840283936014463,-1.8164267087011234
1021,0,55.57471936260277,4.428865267017376,9.198260636680256,-4.76939536966288
1022,0,63.59686121453705,14.53354459777002,11.154044120696929,3.3795004770730905
1023,0,48.32358792904992,7.600517983312311,7.259118392815203,0.3413995904971072
1024,0,74.40438623156697,11.119154771639336,13.697102861766753,-2.5779480901274177
1025,0,45.581089672881575,5.546985194413153,6.599251798463898,-1.052266604050745
1026,0,56.975559981201016,7.837335710860483,9.597339722972759,-1.760004012112276
1027,0,57.395266246973456,5.399916744211273,9.716907976570845,-4.316991232359571
1028,0,54.7861988578819,9.479905199781378,8.974686947412263,0.5052182523691151
1029,1,69.8976451370117,16.768692613782722,12.114216868163021,4.654475745619701
1030,1,67.23178801392406,7.689602595517581,11.588484203283022,-3.898881607765441
1031,1,74.48831266733234,14.371025837933727,13.730645748521408,0.6403800894123197
1032,1,73.70758968099321,11.908176771551098,13.420818008866899,-1.5126412373158011
1033,1,62.29908047688844,11.860367193401512,10.946282184486972,0.9140850089145403
1034,0,74.56909434171116,14.962672642876434,13.762966111149527,1.1997065317269069
1035,1,70.18123350870269,9.525084551632316,12.192379944413105,-2.6672953927807885
1036,0,58.19895225084217,11.01184310947174,9.944631955163185,1.0672111543085556
1037,0,55.04918950092235,9.9003085709469,9.04910607136859,0.8512024995783101
1038,0,51.16197573127239,8.469000296943072,7.978914407164938,0.4900858897781344
1039,0,70.57891492423826,13.380179368924752,12.308608404188906,1.0715709647358462
1040,1,58.96713149874228,9.169912975805603,10.157833651575867,-0.9879206757702637
1041,0,50.79187707817579,8.84791874644397,7.881839630077553,0.9660791163664166
1042,0,72.40481362962554,13.473724635398778,12.92407306762065,0.5496515677781275
1043,0,64.63034509536507,2.897158501385287,11.282735178537148,-8.38557667715186
1044,1,68.95258131141344,8.474176668386603,11.885317918905578,-3.411141250518975
1045,1,65.99856284582106,12.561412256733131,11.435709801807047,1.1257024549260848
1046,0,45.05781020126823,5.409222926831296,6.474907159960082,-1.0656842331287857
1047,1,60.073677541149664,9.564078903073288,10.450162828862016,-0.8860839257887285
1048,0,47.721695878842155,13.463914394901105,7.112326735618481,6.3515876592826235
1049,1,64.86731331640982,19.024497679568167,11.309717888086753,7.714779791481414
1050,1,60.68233102107456,10.50432155748897,10.600196816867308,-0.09587525937833874
1051,1,61.77042675854378,9.678898247002222,10.842752590559266,-1.1638543435570448
1052,1,67.24720627173527,10.548350983320471,11.59062133825496,-1.0422703549344892
1053,1,64.95147576538523,9.971137452216007,11.319174567460013,-1.348037115244006
1054,1,69.96134109562826,14.70749672751148,12.1314159106684,2.5760808168430795
1055,0,68.10554413505112,11.068047690904184,11.72276235604899,-0.654714665144807
1056,0,53.75979679814722,13.972463817647853,8.686228984034532,5.286234833613321
1057,0,58.24180380666549,13.26173910629668,9.956673595648509,3.3050655106481717
1058,0,65.17194965488395,13.471639898642866,11.343732351864944,2.127907546777923
1059,0,46.369724507344806,1.4000898001649895,6.787128104442709,-5.387038304277719
1060,0,53.15353177268439,8.387682597138763,8.517773841292824,-0.1300912441540607
1061,0,55.733611959095086,9.624772070496434,9.243449329772247,0.3813227407241868
1062,0,64.83868088440839,6.705707830466723,11.306487396748773,-4.60077956628205
1063,0,66.51380914165884,6.9139321787617245,11.495917546587243,-4.581985367825519
1064,0,50.102293941450455,13.622136281853116,7.703831309615488,5.918304972237628
1065,0,71.03753753388459,12.53420327303499,12.451478257458291,0.08272501557669898
1066,0,58.01409693692559,7.129468480226751,9.892536303400933,-2.7630678231741816
1067,1,60.5080833315004,7.6547323236450335,10.558174189567987,-2.9034418659229537
1068,0,58.41962944370288,8.187829112898742,10.006484037282963,-1.8186549243842212
1069,0,58.894172645875344,7.135326980487584,10.137869352244396,-3.002542371756812
1070,0,61.005142704279336,9.65858752112435,10.675885803202247,-1.0172982820778973
1071,0,46.262945596955696,5.414070260535299,6.761636332607458,-1.3475660720721594
1072,1,68.05503092361441,9.53861990904086,11.714177654417334,-2.1755577453764747
1073,0,50.1819957998178,13.480509268894409,7.724224659832953,5.7562846090614554
1074,0,73.73890927831809,9.387670072252993,13.433125363559892,-4.045455291306899
1075,0,58.76406573751223,6.77997639230463,10.102099701720451,-3.3221233094158213
1076,0,49.86326526519016,2.51808644659045,7.642937932752844,-5.1248514861623935
1077,0,72.61915865700115,10.113004633913866,13.003316902308736,-2.8903122683948705
1078,1,67.83688807555538,12.33328658107516,11.678359565298127,0.6549270157770337
1079,0,52.93957502822192,13.85549148374842,8.4587428506365,5.396748633111919
1080,0,64.94987905415488,16.53511562910027,11.318995659786205,5.216119969314066
1081,1,71.45730252425759,15.52988937533672,12.58973097978697,2.9401583955497514
1082,0,59.13122219044268,12.18001449706755,10.202470188943952,1.9775443081235977
1083,0,69.92707548831504,14.455818304357836,12.122137449926386,2.3336808544314493
1084,0,46.47741912141584,8.893863003671209,6.812860367658324,2.081002636012885
1085,0,66.158550759414,10.926284180012694,11.454015034357813,-0.5277308543451191
1086,0,70.38139700595703,15.525590920991682,12.249947540374938,3.275643380616744
1087,0,47.06616671960638,9.664024476988958,6.953998891126297,2.7100255858626614
1088,0,59.83520004648068,12.061320578636169,10.389070668809508,1.672249909826661
1089,1,66.87097332715095,18.544012607642067,11.540396461751413,7.003616145890653
1090,0,73.61447435202106,6.267910167017589,13.384304768590333,-7.116394601572744
1091,0,56.86088219573574,3.330872838800768,9.564651050373977,-6.233778211573209
1092,0,49.144533810758944,9.456119161605406,7.462085608179675,1.994033553425731
1093,0,46.56285859259529,9.349072909581983,6.83329182566166,2.5157810839203227
1094,1,74.7249091323879,17.13213181818817,13.825381856163766,3.306749962024405
1095,1,67.54076683859813,10.082015008198574,11.632764278892067,-1.5507492706934922
1096,1,74.55591113107137,14.762752263139191,13.757689501664467,1.0050627614747238
1097,0,45.27754638849574,6.945094350372513,6.527108284201101,0.4179860661714123
1098,0,48.304128900117846,7.799675675414794,7.254348158539154,0.5453275168756404
1099,0,55.80359114822242,10.773563062921449,9.263361975843685,1.510201087077764
1100,0,45.76809914793054,8.567959316677676,6.643732702178194,1.9242266144994824
1101,0,46.09060992984796,9.028024949888342,6.720535182850644,2.3074897670376986
1102,0,64.35731855661068,9.692997041257232,11.250768282386385,-1.5577712411291529
1103,1,65.89803824747034,15.146065365506107,11.424343633166526,3.7217217323395815
1104,0,69.67645842666764,10.253313765198577,12.05615261442336,-1.8028388492247824
1105,0,74.9914589085115,17.950654841352343,13.93228778443871,4.0183670569136325
1106,1,71.24276417583476,14.83341277048588,12.518226929181921,2.3151858413039594
1107,0,54.262107391004335,7.565838102610136,8.826953413767715,-1.261115311157579
1108,1,73.64281812569635,15.684423323006444,13.395406629194202,2.2890166938122416
1109,0,73.60276503707158,14.477273501771409,13.379721686060671,1.0975518157107373
1110,0,46.7599927281428,6.539456598410338,6.880494923219432,-0.34103832480909446
1111,0,49.03313344699475,1.7998718843450412,7.434333211652929,-5.634461327307887
1112,0,52.8955337623812,12.043494037982033,8.446621211476732,3.596872826505301
1113,0,55.810810820232966,4.850271882107881,9.265416682603052,-4.41514480049517
1114,0,47.29400225061188,11.181977082598484,7.0088678672251365,4.173109215373348
1115,1,73.98186754239485,13.133899796380884,13.529001517588062,-0.3951017212071779
1116,1,74.46765239027408,19.087691044796205,13.722384853527554,5.365306191268651
1117,0,49.89670486025715,7.931414616175703,7.651433145723688,0.2799814704520145
1118,0,60.089574632834086,7.607834280427174,10.454192169091677,-2.8463578886645022
1119,0,50.52947620201999,5.446429333534462,7.813677745789035,-2.3672484122545736
1120,0,48.84529875995148,12.00971777409139,7.387695555535196,4.622022218556194
1121,0,51.83106123458552,3.69979436470024,8.157065665539537,-4.457271300839297
1122,0,51.25908735008191,12.74899821112451,8.004565491045536,4.744432720078974
1123,0,72.77574005915413,16.58122781248351,13.06191647863076,3.5193113338527517
1124,1,71.37817406973763,11.114486040664431,12.563158822919725,-1.4486727822552936
1125,0,67.37208308347483,7.965673590677258,11.60820303415828,-3.6425294434810214
1126,0,55.2748220693836,11.034273415717806,9.113079840072915,1.9211935756448906
1127,1,61.91241217920208,5.800297815950603,10.87156463572749,-5.071266819776887
1128,0,66.40881362714839,12.972063665173431,11.483323742019675,1.4887399231537568
1129,0,48.34603741960906,6.668216164857728,7.264623885642577,-0.5964077207848497
1130,0,57.80568513081628,10.51927293571926,9.833556136218023,0.6857167995012361
1131,0,46.956672352120826,12.218673773748916,6.9276835526387295,5.290990221110187
1132,0,54.40284450682104,4.8712738708819625,8.866542315776096,-3.9952684448941334
1133,0,53.644122519681005,0.9201691438696188,8.65396217806131,-7.733793034191691
1134,0,45.442379613257735,8.828664299124696,6.566277624094904,2.2623866750297923
1135,0,56.27881410609932,3.606885846679162,9.398717510817313,-5.791831664138151
1136,1,73.55665896739414,17.10715343061343,13.36169465422036,3.74545877639307
1137,1,71.30016247149315,13.852771171558704,12.53718845131013,1.3155827202485746
1138,0,58.271850683387434,9.34691906273192,9.965108498139545,-0.6181894354076238
1139,0,48.98018081189807,6.367499582658731,7.421165962277716,-1.0536663796189858
1140,0,48.01847454909955,4.480984190745925,7.1845165059046305,-2.7035323151587054
1141,0,52.867026778489546,2.965230290132233,8.438780623238257,-5.473550333106024
1142,1,67.93215625274296,15.520814475483112,11.693757006869795,3.827057468613317
1143,0,45.10185090488938,5.543063449323272,6.485368842929862,-0.9423053936065902
1144,1,69.18746753502431,14.071078691070014,11.93739407773597,2.1336846133340437
1145,1,67.65991026137215,11.343655493800387,11.650713111356442,-0.30705761755605465
1146,1,74.60210571155096,19.36407324388585,13.77618223128101,5.587891012604841
1147,0,49.73543883184868,5.434487521924572,7.610533200018062,-2.17604567809349
1148,0,49.01375594059097,4.379177215754296,7.4295129739512715,-3.050335758196976
1149,0,47.806454330663065,5.397626038350295,7.132908264411276,-1.7352822260609804
1150,0,54.69941252377865,11.672906540024323,8.950167606190803,2.7227389338335204
1151,0,50.55078428920791,12.326499186460524,7.819192729542844,4.5073064569176795
1152,0,58.14676816825255,4.552687958804705,9.929949307254724,-5.377261348450019
1153,0,55.6307036883775,3.315882776732689,9.214178358812255,-5.898295582079566
1154,0,51.95749484411248,8.778307456012403,8.191086292658822,0.5872211633535809
1155,0,61.89503877257472,7.250823739811679,10.86807773443933,-3.617253994627651
1156,1,61.548592263822414,10.777976328712151,10.79633588081108,-0.01835955209892859
1157,0,56.85531728872436,2.6686308163325982,9.5630646669403,-6.894433850607701
1158,0,54.64820144453829,6.702724822743461,8.9357088807403,-2.2329840579968394
1159,0,59.06067905865514,12.386892071106825,10.18332713889059,2.203564932216235
1160,0,62.93213372310535,10.494157012993622,11.055831859734731,-0.5616748467411092
1161,1,71.59584279033723,19.44251410598281,12.636796776813602,6.805717329169207
1162,0,67.50891417752162,13.93227923310474,11.628051788269747,2.304227444834993
1163,1,73.45987090084665,16.420507020666847,13.323954230247551,3.0965527904192953
1164,1,67.99478400345589,20.800394104190477,11.704084513893859,9.096309590296618
1165,0,72.13956802382589,13.71444067341756,12.82770671152614,0.8867339618914194
1166,1,73.9186176898432,23.193163197035616,13.503977183926517,9.689186013109099
1167,0,50.28576985575323,2.429467893159309,7.750845964817153,-5.321378071657844
1168,1,71.09885334530017,17.528266890712928,12.471246242117456,5.057020648595472
1169,1,68.22459070963941,6.649724581817887,11.743448003212961,-5.093723421395074
1170,0,61.43590939294592,10.432141304476572,10.772126537407065,-0.3399852329304931
1171,0,57.35273303639528,10.862383977742448,9.70479767090555,1.1575863068368974
1172,0,58.74868255213738,10.217151447501696,10.097856917030418,0.11929453047127758
1173,0,59.16811645506489,14.606236404112131,10.212453201955347,4.393783202156785
1174,1,74.61919228007133,17.95904952586668,13.783024577879667,4.1760249479870115
1175,1,60.82307945673196,12.5438297901033,10.633553463442489,1.9102763266608118
1176,1,70.05391783796618,15.849197067002745,12.156785107606002,3.6924119593967433
1177,0,59.39460901620471,15.368618955711788,10.273278723692636,5.0953402320191525
1178,0,49.69838025067248,11.508150741919708,7.601158847801369,3.906991894118339
1179,1,67.79889543329979,9.368447038078173,11.672321608031954,-2.3038745699537806
1180,0,52.02032570783628,9.155830816638147,8.208032472912155,0.9477983437259923
1181,1,72.75134724754237,20.40383627093888,13.052750056152249,7.35108621478663
1182,0,60.747825579731,15.257131843441089,10.615785467509323,4.641346375931766
1183,1,70.44100228160943,15.43101924204106,12.267459320670795,3.1635599213702648
1184,0,46.35785889001921,9.152509992584385,6.78429434072158,2.368215651862805
1185,0,50.84192708849218,13.521509058583996,7.894902849588923,5.6266062089950735
1186,0,48.665850472761,5.138520190123087,7.3433161247936125,-2.2047959346705257
1187,0,59.23795609925942,7.25446146792514,10.23129475816856,-2.9768332902434196
1188,0,45.91813930208109,8.767344862418827,6.679446632422192,2.087898229996635
1189,1,66.87887875048887,11.67177396569964,11.541413307312336,0.13036065838730337
1190,1,62.5583465024884,4.806577569991331,10.993143096623324,-6.186565526631993
1191,1,68.85146816723753,13.397067002399575,11.863903574078138,1.533163428321437
1192,1,67.36754000766408,15.135958833024237,11.6075546998945,3.5284041331297367
1193,1,71.08966622948587,16.783591158736,12.468274749750583,4.315316408985419
1194,0,71.1718819410054,13.605737035571444,12.49498569594638,1.1107513396250646
1195,0,47.20038543301257,1.6644702746404851,6.9863033608299325,-5.321833086189447
1196,1,69.63194387949723,15.459167335802752,12.044785246399247,3.414382089403505
1197,1,58.861535707510605,8.001689144089223,10.128916375205607,-2.1272272311163842
1198,1,62.49269590960999,11.593116208762526,10.981532339585845,0.6115838691766804
1199,0,73.43613813955933,14.133669495661533,13.314722220699537,0.8189472749619959
1200,0,61.43521363906106,10.371977201102816,10.771975770437905,-0.39999856933508937
1201,0,49.56274491059767,5.218412497647616,7.566924325200968,-2.3485118275533514
1202,1,72.8191819246235,17.79170733340628,13.078274556589438,4.713432776816841
1203,1,72.15665573476086,7.7586462245395245,12.833854979743826,-5.075208755204302
1204,0,52.87040748670861,11.578650895290693,8.439710229451238,3.1389406658394545
1205,1,63.68307044901567,16.02154932347721,11.165728314239377,4.855821009237832
1206,0,47.297199773724685,5.439766582120977,7.009639053342933,-1.5698724712219558
1207,0,51.9820546685712,7.1822874260205225,8.19770724387574,-1.0154198178552178
1208,1,64.10199976617226,19.167484472739886,11.21974150898202,7.947742963757866
1209,0,54.01000098405337,12.964906698305183,8.756206807275605,4.208699891029578
1210,0,47.4235347339813,10.629335180661236,7.040135330746353,3.589199849914883
1211,0,53.44219837827388,4.915046728753735,8.597774238016047,-3.682727509262312
1212,1,58.212770522843385,13.063454107694822,9.948516533245886,3.114937574448936
1213,0,49.70677874048703,5.600491054332148,7.603282545450843,-2.0027914911186944
1214,0,70.07005286920881,13.377817415353627,12.161251224654496,1.2165661906991314
1215,1,60.00195632931028,3.939377054323234,10.431915749496087,-6.492538695172852
1216,0,72.50503739843715,15.336205130148556,12.96098070230727,2.375224427841287
1217,1,66.08515840106733,12.823128279327657,11.445581616648727,1.3775466626789292
1218,0,45.4347084745429,7.147025764254077,6.564454413819492,0.5825713504345851
1219,0,51.07594456679329,3.760714378974236,7.956251343333291,-4.1955369643590545
1220,0,61.746504758422,7.571272294438111,10.837828352095078,-3.2665560576569677
1221,1,74.9715557039445,14.450194477379128,13.92430274611557,0.5258917312635578
1222,0,71.07435453280316,12.40723266666786,12.463329811920289,-0.056097145252429925
1223,0,45.47079425814143,3.1327335270661334,6.573031287706389,-3.4402977606402554
1224,0,63.151310296142725,16.9692607924776,11.089945253065078,5.87931553941252
1225,0,54.30845327752336,6.141962420026527,8.839983157833522,-2.6980207378069956
1226,0,49.09783511007187,4.122955471307204,7.450443307762855,-3.327487836455651
1227,0,66.9807933737354,11.674041744421093,11.554661975341599,0.11937976907949377
1228,0,56.241878108261275,7.312036992613704,9.388191000406799,-2.076154007793095
1229,0,45.38344507968755,7.360634635491765,6.552271438565014,0.8083631969267513
1230,0,54.71864478224406,10.422787088811452,8.955599444808719,1.467187644002733
1231,0,67.7435441011722,14.12323410034822,11.663626861508774,2.459607238839446
1232,1,66.78046961422034,8.250113046086716,11.528861643733649,-3.278748597646933
1233,0,55.69560894503213,10.078136926167115,9.232638165737697,0.8454987604294182
1234,1,64.4138844879395,13.227601064988889,11.257483633867514,1.9701174311213752
1235,0,68.2666079733657,10.511962110895183,11.750904995090938,-1.2389428841957546
1236,0,57.84929154108652,10.432104996581442,9.84591501023393,0.5861899863475113
1237,1,64.09704989818931,11.392123965229471,11.21912729249184,0.17299667273763042
1238,1,72.4856450602537,13.00252589985126,12.9538191564732,0.04870674337806058
1239,0,67.82487899527877,9.213505319225165,11.67644480427932,-2.4629394850541555
1240,0,63.82521471177864,15.008381012958674,11.184544793460095,3.8238362194985793
1241,0,49.31891541603899,5.1400063191880525,7.505672124726649,-2.3656658055385966
1242,0,50.93127474249624,10.951560776794931,7.91827346207915,3.033287314715781
1243,0,53.04790962273324,7.133540485982282,8.488603321672787,-1.3550628356905055
1244,0,59.41256006111976,4.32080573935454,10.278064146212067,-5.957258406857527
1245,1,65.02788239705666,5.844125692865635,11.327715653896153,-5.483589961030518
1246,0,48.721875340168566,3.313850638030833,7.357153696097866,-4.043303058067033
1247,1,61.01313545955775,16.166153691829013,10.677722507387843,5.48843118444117
1248,1,71.86441839611268,10.129603850021065,12.729915465894242,-2.600311615873178
1249,0,55.41181213360591,11.761235278124673,9.151970143816634,2.609265134308039
1250,0,59.214742339904014,10.711537972994282,10.22504031972089,0.48649765327339267
1251,1,59.291085162127686,13.336444964875556,10.245577695484823,3.090867269390733
1252,1,72.90279384479551,15.428733862724789,13.109876116844402,2.3188577458803863
1253,0,71.77281515172248,7.972207677904076,12.697885939951563,-4.725678262047487
1254,1,73.92862955620907,17.916075776533848,13.507935443600964,4.408140332932884
1255,0,45.811246797517605,2.0805845282348123,6.654000454325204,-4.573415926090392
1256,0,53.45440596746394,16.56235680763878,8.601166007797367,7.961190799841411
1257,0,55.88015905685157,6.260357831112112,9.285156151768746,-3.0247983206566333
1258,0,68.2948042615303,16.841104383125938,11.755955786566322,5.085148596559616
1259,0,64.4212176049096,5.618173746984348,11.258350396756159,-5.640176649771811
1260,0,49.21965472835237,4.6912855158496205,7.480840135701906,-2.789554619852286
1261,1,71.05249111722934,12.049412898257636,12.456285293184607,-0.406872394926971
1262,1,71.41774226358783,16.188832373585864,12.576417595708484,3.6124147778773796
1263,0,53.92111337045107,11.36335537124878,8.731318500845243,2.632036870403537
1264,1,68.08569056926707,12.363167284251135,11.7193747986957,0.6437924855554353
1265,0,45.82296419927694,12.280314034636916,6.65678917355499,5.623524861081926
1266,0,74.58700730121545,13.662747422908222,13.770137013086982,-0.10738959017876049
1267,0,45.2591102757096,7.797237032911044,6.5227280582837395,1.2745089746273042
1268,0,45.98024960388373,4.924298451291879,6.694238770660018,-1.7699403193681391
1269,0,59.83906123283908,11.38765566844236,10.390069177985527,0.9975864904568326
1270,0,56.285522981241215,10.310806853961594,9.40062957386443,0.9101772800971641
1271,0,72.91756053246345,18.79002928844688,13.115472967268525,5.674556321178356
1272,1,73.42261157087091,17.680398342703715,13.30946440928276,4.370933933420954
1273,0,53.31874554919717,12.000407303175736,8.563512469853006,3.4368948333227305
1274,0,63.104437749325285,14.431850446951136,11.082803835393259,3.3490466115578776
1275,0,70.74226483888557,17.907946476500722,12.35845672873184,5.549489747768883
1276,1,64.57477477536294,6.656370757967697,11.276314704112412,-4.619943946144715
1277,0,71.27151520024303,15.825061853132407,12.52770914251445,3.2973527106179574
1278,0,50.37651409294145,6.105448306356496,7.774189421786309,-1.668741115429813
1279,0,51.46350291750096,10.683156879771298,8.058793735463684,2.6243631443076136
1280,0,72.75709976439276,8.995819384474785,13.054910534402861,-4.059091149928076
1281,0,62.35414689080396,7.875656514051485,10.956458923526418,-3.0808024094749324
1282,0,69.55838367050582,14.524332658204235,12.026239429012984,2.4980932291912517
1283,0,52.50508442382623,11.158230713407711,8.339621540123918,2.818609173283793
1284,1,61.407925923353424,12.985517675136627,10.766050307854961,2.2194673672816663
1285,0,69.66517232930859,16.00874320594742,12.053260323140064,3.955482882807358
1286,0,57.00558687598552,13.064486847794267,9.605897909514969,3.4585889382792985
1287,0,45.060340011827705,8.902657374682466,6.475508100924862,2.427149273757604
1288,0,65.26125310324261,14.984405218515436,11.353620711575225,3.630784506940211
1289,0,54.82650168960261,3.2673109792437898,8.986080337237,-5.71876935799321
1290,0,60.07851818651009,12.3261061337456,10.451390345377595,1.8747157883680057
1291,1,64.25869172995395,10.1699612763233,11.238928501105402,-1.068967224782103
1292,1,71.34318199036127,16.40037972356694,12.55148168498061,3.848898038586329
1293,0,47.82782550733392,0.3900652688185273,7.138102114807391,-6.748036845988864
1294,1,68.55248839578633,17.202669001473794,11.803917278376337,5.398751723097456
1295,0,74.02850857473278,15.339710122066228,13.547481330670143,1.7922287913960844
1296,0,67.18379279710139,12.483430512791193,11.58187731629399,0.9015531964972023
1297,0,69.19562695185483,13.400266751492117,11.939262467903507,1.4610042835886095
1298,1,64.69652033721567,9.789291636695296,11.290331128665201,-1.5010394919699053
1299,1,62.09643692739951,6.311923356748045,10.907823509625294,-4.595900152877249
1300,1,62.77937469662983,14.213634670748334,11.030922148982757,3.182712521765577
1301,0,46.64345211962004,6.346487671711582,6.852578910171154,-0.5060912384595717
1302,0,58.7945731294376,11.334404935193556,10.110505538576726,1.2238993966168294
1303,0,59.087416251099896,9.065196563542727,10.190591126051853,-1.1253945625091255
1304,0,47.39936418059625,6.641476607851402,7.034296685599393,-0.39282007774799066
1305,0,71.77256709217363,12.538896810174768,12.697799576583048,-0.15890276640828027
1306,0,48.671114235421456,5.3182299855169815,7.344615537239653,-2.0263855517226714
1307,1,60.7214581126816,12.281539838463551,10.60952347398457,1.6720163644789814
1308,0,57.37209666046209,4.526888337132784,9.710311250256163,-5.183422913123379
1309,0,74.64165230526795,11.540317415904246,13.79202041928868,-2.251703003384433
1310,0,61.7271549803046,7.66443075913558,10.833830732186692,-3.169399973051113
1311,0,46.95023282401246,1.2750530496213082,6.9261369375708215,-5.651083887949513
1312,1,72.1499970706608,10.406678682802433,12.831458139009511,-2.4247794562070784
1313,1,70.52109273417078,18.123636113277367,12.29124980278985,5.832386310487518
1314,1,65.7914255896812,13.356585707297608,11.412381187106234,1.9442045201913736
1315,0,57.809130693486615,7.581750555682452,9.834532990023705,-2.2527824343412535
1316,0,46.48604962201173,4.1416623517342925,6.81492351938507,-2.673261167650778
1317,0,49.549147276015354,9.065064283442435,7.563498748719852,1.501565534722583
1318,0,53.17857740321104,9.286148378023118,8.524699063710262,0.7614493143128556
1319,0,68.82023611752598,15.960637012801683,11.857407274813792,4.103229737987892
1320,1,69.61673533398803,14.590724817189605,12.040926422371424,2.549798394818181
1321,0,62.10267316518764,14.352445600422165,10.909030310191866,3.4434152902302984
1322,0,45.26633127604844,7.770930149378992,6.524443677120326,1.246486472258666
1323,0,49.342395692792095,7.183125902579736,7.51155475871752,-0.3284288561377844
1324,0,72.28075083647923,15.956559201346709,12.878756251707962,3.0778029496387465
1325,0,48.2074553508356,11.088321509738972,7.230674894036083,3.8576466157028886
1326,1,73.41803815404718,9.491088233430483,13.307687374177807,-3.816599140747323
1327,1,71.36420018065674,10.292843447169371,12.558490166519375,-2.265646719350004
1328,1,59.234562208715005,9.920004629667224,10.230380866708416,-0.31037623704119177
1329,0,68.84701401051436,14.125222238679164,11.862973728144345,2.2622485105348193
1330,0,47.553464676792,5.243398289703944,7.071555361364441,-1.8281570716604962
1331,1,68.16606789345585,15.291462794508735,11.733198330504997,3.558264464003738
1332,1,63.70632413671312,11.467359438557876,11.168843937358812,0.29851550119906456
1333,0,51.095758507140594,14.026647231602922,7.961465751618876,6.065181479984046
1334,1,65.19308972276234,13.670314713871893,11.34607525401951,2.3242394598523823
1335,0,63.92003669945453,9.5432441260813,11.196806145869997,-1.6535620197886978
1336,0,58.50251075064788,9.037743412646073,10.029603262114966,-0.9918598494688933
1337,0,54.320944987919674,13.971305735461092,8.843496318786032,5.12780941667506
1338,0,62.50785477964147,13.906849150173182,10.984228862965976,2.922620287207206
1339,0,72.79967955817072,10.987793345526711,13.070925678881636,-2.083132333354925
1340,0,47.32217041993817,4.000172790015413,7.0156626554905674,-3.0154898654751543
1341,1,58.38636901505022,12.711325213418087,9.997188276964529,2.714136936453558
1342,0,54.84202393818305,9.765436753369714,8.99046951605047,0.7749672373192436
1343,0,57.40002240196853,10.90392272876698,9.718262041338232,1.185660687428749
1344,0,68.8043924473827,10.170001315086584,11.854132803040574,-1.6841314879539908
1345,0,51.75139604373697,8.853677138397636,8.135685315355433,0.7179918230422029
1346,0,58.61567538793916,11.033004136908945,10.061060106861353,0.9719440300475917
1347,1,63.936060056497226,15.851275882672098,11.198856355120466,4.652419527551633
1348,0,59.94031258921673,12.529649763262151,10.41614472120713,2.1135050420550208
1349,0,59.733766836513965,3.891970224073064,10.362734092332028,-6.470763868258964
1350,0,54.00019210282802,13.762448536888874,8.753458876729658,5.008989660159216
1351,1,72.16261912926656,12.605748935223044,12.836002644918334,-0.23025370969529035
1352,0,66.52857770373294,15.072346424686613,11.497704879351124,3.5746415453354885
1353,0,63.795476953314555,7.626274566574942,11.18065262886735,-3.5543780622924075
1354,0,60.439007453323285,11.879082468502387,10.541301130225193,1.3377813382771944
1355,0,50.429982934690166,5.146206852426733,7.787972698937937,-2.6417658465112037
1356,0,54.567176860439965,13.675850893794635,8.912847999213682,4.7630028945809535
1357,0,47.74740534440642,10.229777041330935,7.118566750814782,3.111210290516153
1358,0,55.121990946757805,5.986762409073832,9.069735690517408,-3.082973281443576
1359,0,58.195401428370495,8.451791306852435,9.943633520190325,-1.4918422133378897
1360,0,51.29456562648521,5.586925583039525,8.013954767248123,-2.427029184208598
1361,0,58.02880252735092,7.0078828855493,9.89668883212336,-2.8888059465740596
1362,0,59.05956518272228,3.22467086659162,10.18302430016204,-6.958353433570421
1363,0,60.14511338443335,3.5376744671311657,10.46822537147493,-6.930550904343764
1364,0,64.44702420791214,3.3664024486665367,11.261393962508418,-7.894991513841881
1365,0,46.373815555369895,4.420855623951128,6.788105196101743,-2.367249572150615
1366,0,67.85916297480273,11.039977178926978,11.681926498397376,-0.6419493194703971
1367,1,59.44646382143639,7.7143686565675775,10.287087460658004,-2.5727188040904263
1368,0,54.10746547993124,9.683699510055444,8.783530548297502,0.9001689617579416
1369,1,70.83039225138013,11.67488336881512,12.385834875492236,-0.7109515066771159
1370,0,48.98170702887232,4.486337720711103,7.421545255010337,-2.9352075342992343
1371,1,59.78116763087748,14.11293520362927,10.375066625092032,3.7378685785372383
1372,0,58.25870099306549,15.314960186524592,9.96141793541673,5.3535422511078625
1373,0,71.67801460294874,14.652636404319232,12.665029729671861,1.9876066746473704
1374,1,74.76304351001843,14.823309563577016,13.840669169711644,0.9826403938653723
1375,0,67.51822278092851,4.763868489848754,11.629425289283777,-6.865556799435023
1376,1,69.19639298813456,16.100201094370714,11.939438082245452,4.160763012125262
1377,0,74.07107393080835,7.522706354925123,13.564365050009618,-6.041658695084495
1378,0,53.58552487509401,9.241517572284256,8.637638243231066,0.6038793290531892
1379,0,52.36030953894472,10.31644210282375,8.300170139650758,2.0162719631729917
1380,0,57.70134455494302,8.235531417401333,9.803950855968417,-1.5684194385670835
1381,0,48.75916549721863,6.167848888432832,7.366372954471704,-1.1985240660388712
1382,0,48.53832484928906,4.923318999789156,7.311877734304545,-2.3885587345153887
1383,1,68.61707269987424,13.778700404409578,11.816467284383126,1.9622331200264522
1384,1,66.49004689465919,10.886455988349208,11.493050207265608,-0.6065942189163991
1385,0,52.120564789875296,10.746991225791508,8.23512153801843,2.5118696877730784
1386,0,60.40242492032606,9.992297442636934,10.532317274105749,-0.5400198314688147
1387,0,57.45095409708402,9.773833043554193,9.732760093213157,0.04107295034103586
1388,0,56.670384740458,10.817096881176774,9.510342433286516,1.306754447890258
1389,0,56.61543927431976,4.5585448600783485,9.494677478719789,-4.93613261864144
1390,1,73.3982657908803,11.064403667150934,13.30000856535493,-2.235604898203995
1391,0,57.08765522015304,13.238615117482142,9.629286373269975,3.609328744212167
1392,0,48.34295806649466,7.0665914265978405,7.263868569784554,-0.19727714318671374
1393,1,58.843450848576815,3.8583660055760287,10.12394954586311,-6.265583540287082
1394,1,68.04357457214758,10.76253543536714,11.71224625840884,-0.9497108230417002
1395,1,69.17160036860493,10.701478033276471,11.93377205516971,-1.2322940218932388
1396,0,46.91537426756569,13.115347672059928,6.917766711044599,6.197580961015329
1397,1,67.78873335540291,14.918359809985308,11.670716320536293,3.2476434894490147
1398,1,60.97200494176548,11.010617993799334,10.668251119320827,0.34236687447850755
1399,0,50.60190950325907,10.137577852837984,7.832439311163867,2.3051385416741166
1400,0,50.358271053854565,5.8084154290502354,7.769491597307808,-1.9610761682575726
1401,0,57.648649287153965,12.448927794309252,9.78898358683473,2.6599442074745223
1402,1,66.10480381829734,13.96818405608084,11.447832735676911,2.520351320403929
1403,0,65.98476724388462,9.755323189557918,11.434144331538096,-1.678821141980178
1404,0,49.12466261995941,9.6392788337338,7.457130061716084,2.1821487720177153
1405,0,70.37298531257099,16.405164317538315,12.247489672772918,4.157674644765397
1406,0,72.89754794771326,18.28849732876813,13.107888944711318,5.1806083840568125
1407,0,62.86000537451304,8.331791670999909,11.044190906653593,-2.7123992356536846
1408,0,68.82270629044464,3.773233156881029,11.857919066756915,-8.084685909875887
1409,0,47.25700039941712,9.265081784479689,6.999946026788749,2.2651357576909392
1410,0,52.068680598462656,15.54379160791552,8.221091976822146,7.322699631093373
1411,0,46.75322048188433,9.696140006951824,6.8788718220814395,2.817268184870384
1412,0,49.93756308532263,7.409420163069234,7.661823358086182,-0.2524031950169485
1413,0,53.231565302123,11.76856547871884,8.539360582796174,3.229204895922665
1414,0,46.97271450730514,6.541428610844995,6.931536970285092,-0.3901083594400969
1415,0,56.66207369096296,14.987230653874832,9.507972952904467,5.479257700970365
1416,1,70.30674573612055,14.688821062157652,12.228252100077556,2.460568962080096
1417,1,58.88309470036587,13.916861570992236,10.134831964222203,3.782029606770033
1418,0,46.89496004688273,5.023789235332433,6.912866354675919,-1.8890771193434857
1419,0,65.41048399493653,5.119351323508235,11.370113666536675,-6.250762343028439
1420,1,62.920331631838,17.21582606720652,11.053941594310484,6.161884472896038
1421,0,53.459495323173975,3.298713241436212,8.602580239327418,-5.303866997891205
1422,1,58.379447742776975,12.929604832188431,9.995252641606072,2.9343521905823593
1423,0,61.0970584365306,15.491488378486777,10.696894644489713,4.794593733997063
1424,0,70.91823994155833,7.181208643019241,12.413455434368744,-5.232246791349503
1425,0,55.63950349812862,16.79204294486185,9.216680779038214,7.575362165823638
1426,1,73.27381682684478,16.329859661260517,13.251827070904517,3.078032590356001
1427,1,73.05521380741875,9.086083605703177,13.167864484849826,-4.081780879146649
1428,1,65.04526228626537,14.880062057996025,11.329653387761711,3.5504086702343134
1429,0,51.78778093103144,1.92234768435322,8.145444780450559,-6.223097096097339
1430,1,71.2590059431162,20.391554967233297,12.523579651485761,7.867975315747536
1431,0,61.92148752092309,9.271181253123393,10.873381766287048,-1.6022005131636554
1432,1,73.94115679221994,12.451486715231404,13.512889706882824,-1.0614029916514198
1433,0,66.04417065100641,17.44737959373143,11.440899007031597,6.006480586699833
1434,0,56.243636016250775,9.824463981024554,9.388691975068772,0.4357720059557817
1435,0,46.20260106640429,1.5405283185291183,6.747238944653732,-5.2067106261246145
1436,0,45.171288027831885,13.653227145449982,6.501863903596092,7.15136324185389
1437,0,57.227309518532834,4.125796041224363,9.669076068714055,-5.5432800274896925
1438,0,61.515922760919885,12.950132022596216,10.78935994756778,2.1607720750284365
1439,0,71.25131409275252,10.445056042653937,12.521043425507346,-2.075987382853409
1440,0,63.8715525257976,4.81615457654472,11.190564615736044,-6.374410039191324
1441,0,58.26808344044509,12.016502101117425,9.964051333491465,2.0524507676259596
1442,0,47.27844812666791,11.557273496982276,7.005116949946846,4.55215654703543
1443,0,48.44402192135229,4.8927126334096975,7.2886811098317015,-2.395968476422004
1444,0,48.111523196897195,9.50131277430088,7.207224285983187,2.2940884883176924
1445,1,58.6814565470207,11.351770184846416,10.079283401343549,1.2724867835028668
1446,0,47.32379600864923,11.802402470794286,7.016054861240841,4.786347609553445
1447,0,58.2714917169974,11.899340933364485,9.96500776981471,1.9343331635497751
1448,1,58.715775923039836,7.1253135492847175,10.088771784743763,-2.9634582354590453
1449,1,65.30650960731185,11.746905769705275,11.358624818124806,0.3882809515804695
1450,0,53.42786803767203,5.2022090161083545,8.59379354510776,-3.391584528999405
1451,0,73.38304936500553,14.867669917158032,13.294103441713986,1.5735664754440464
1452,0,71.82956888278902,10.738352068836102,12.717698073126957,-1.9793460042908553
1453,0,48.34856047746245,12.828790420139534,7.265242784011299,5.563547636128234
1454,0,69.87283499797125,13.007797978699788,12.107574804118828,0.9002231745809599
1455,1,71.31695404480685,17.869194349942724,12.542759173559892,5.326435176382832
1456,0,62.81954107343704,10.709470603431315,11.037566241625887,-0.3280956381945721
1457,1,64.81080500927779,6.446094826552015,11.30333517811896,-4.857240351566945
1458,0,69.46467483573521,18.84340827891134,12.003050296056403,6.840357982854938
1459,0,56.164657571317726,12.058715907171807,9.366186293562041,2.692529613609766
1460,0,55.407021602470394,12.366996761681484,9.15060957675469,3.216387184926795
1461,0,52.4552018967096,3.664293998034009,8.326014349053123,-4.661720351019114
1462,0,59.44429889793507,10.05495239735298,10.286511860503271,-0.2315594631502904
1463,1,74.22073501829257,11.831626128306388,13.62385901471842,-1.792232886412032
1464,0,57.63053247331392,10.305684178897245,9.783835646466132,0.5218485324311128
1465,1,59.170791652773566,14.684345875210832,10.213176283153244,4.4711695920575885
1466,0,54.346285871337,11.497130724872028,8.850624751964926,2.646505972907102
1467,0,65.84064071720799,11.968595866265474,11.417892797573131,0.5507030686923429
1468,1,70.14504796007878,13.105336923655496,12.182181087543306,0.9231558361121905
1469,1,68.53302449733002,16.369836029111028,11.800177721497548,4.56965830761348
1470,0,55.500363251450295,7.302608703577235,9.17712678261862,-1.8745180790413851
1471,0,46.78018317753457,4.945781054524078,6.885334623890375,-1.9395535693662973
1472,0,73.49064222372432,15.429068544149636,13.335937359948947,2.09313118420069
1473,0,50.40652962217498,4.413440698642935,7.781924228470782,-3.368483529827847
1474,1,59.210418314946814,8.929581016604171,10.223874392863065,-1.294293376258894
1475,1,73.4101856263475,14.88196021083168,13.304637002662803,1.5773232081688775
1476,0,54.682827730080085,13.123675955054622,8.945484321207038,4.178191633847584
1477,0,48.59266297389885,4.750642787696529,7.325263569957879,-2.5746207822613494
1478,1,71.84236498003429,16.007607005403074,12.722179529056028,3.2854274763470457
1479,0,63.140310360560605,6.938917609383304,11.088276621450754,-4.149359012067451
1480,0,63.246252991775314,9.637392131524884,11.104165398980893,-1.4667732674560092
1481,1,71.07561815168265,9.244276099364024,12.46373754426738,-3.219461444903356
1482,0,49.32659006078218,7.402466409134701,7.507594528362601,-0.10512811922790011
1483,0,67.5484724582728,14.256752190102652,11.633909661201375,2.622842528901277
1484,0,46.52441305653941,11.755462295086724,6.824096299984923,4.931365995101801
1485,1,59.07844908776308,11.45231659352062,10.188156051016966,1.2641605425036548
1486,0,71.78835232960057,15.042252396029832,12.70329933318926,2.338953062840572
1487,0,48.51081316962016,1.3810589627482694,7.305105955921944,-5.924046993173674
1488,0,71.3340334268598,10.264407547768585,12.548436260132355,-2.284028712363771
1489,1,71.54842374481379,16.52537533188525,12.620610789361287,3.9047645425239637
1490,1,73.47274497185283,11.180437395548752,13.328965928984402,-2.14852853343565
1491,0,63.078528433391455,12.16678568740014,11.07882113887808,1.0879645485220593
1492,0,59.030384600492155,11.780220441815874,10.175084533385453,1.6051359084304213
1493,0,61.469536975392494,7.796380240898292,10.779394768879602,-2.98301452798131
1494,1,69.19411843976805,16.249279506972506,11.938916742284054,4.310362764688453
1495,0,47.87562702929712,3.690561293152749,7.149725851593059,-3.4591645584403103
1496,1,68.91674142749031,16.73781762726307,11.877660013754165,4.860157613508905
1497,1,73.77875008666217,9.200903705219138,13.448799352808425,-4.247895647589287
1498,1,67.2362540210125,13.116589797634433,11.589102497041027,1.527487300593405
1499,1,59.844231064344086,13.450503918000296,10.391405635935302,3.059098282064994
1500,1,69.81260601572356,10.974656397161128,12.091585080180195,-1.1169286830190668
1501,0,62.477017957150366,10.28788860437236,10.97873369319696,-0.6908450888245987
1502,0,51.45182990676452,11.213134314630077,8.055688685950072,3.157445628680005
1503,0,66.94753768759527,15.117549298931957,11.550309821361047,3.5672394775709098
1504,0,50.25066335717092,3.591635935376732,7.741831277992572,-4.15019534261584
1505,0,54.838634469752776,13.679770912407594,8.989511033576743,4.690259878830851
1506,0,62.808286591559,2.966486227474843,11.035711487845942,-8.069225260371098
1507,1,62.31864950341749,18.256867928659982,10.949912317564435,7.306955611095548
1508,1,68.5377127606651,17.834634761364715,11.801076675902266,6.033558085462449
1509,0,53.22686941645727,12.791812658346924,8.538060699552478,4.253751958794446
1510,0,45.80060517858938,1.242084910063114,6.651467902412219,-5.409382992349105
1511,0,54.71088101700996,13.582613804725526,8.953406573223424,4.629207231502102
1512,0,52.29182800926934,5.963911532241988,8.2815529297431,-2.317641397501112
1513,0,46.41285959731204,10.676571525419202,6.7974319526418885,3.879139572777314
1514,1,59.67411929587609,9.733356264051954,10.34715380540776,-0.6137975413558063
1515,0,52.418294640886415,6.51626008158212,8.315956123733116,-1.7996960421509964
1516,0,51.76941040834813,6.6590065093030075,8.140516137671744,-1.4815096283687366
1517,0,50.817316877218765,7.155069031252276,7.888476974149164,-0.7334079428968883
1518,0,53.6550917778876,12.010350512522836,8.657019590663332,3.353330921859504
1519,1,72.73757652698941,15.686966013144392,13.047581260270327,2.639384752874065
1520,0,47.55744792366821,1.899187629784488,7.072519530042196,-5.173331900257708
1521,0,57.64912465606941,12.719280145217247,9.78911864999932,2.930161495217927
1522,0,58.12272810583315,4.83022014828842,9.923178780855913,-5.092958632567493
1523,0,60.55050957860479,12.2046952112252,10.56847806685398,1.6362171443712192
1524,1,66.54863242878561,8.829687170989205,11.500138503677181,-2.6704513326879766
1525,0,54.85845908088826,6.835456908493014,8.995117503548963,-2.159660595055949
1526,0,56.25710653328564,14.489554274732036,9.392530907645856,5.09702336708618
1527,0,49.1659736786751,3.6643912226255058,7.467434904193957,-3.803043681568451
1528,0,57.53447972411447,13.580975302499098,9.756526039992382,3.8244492625067164
1529,1,70.09361420372993,16.842140116787164,12.167796467310211,4.674343649476953
1530,0,65.28425306095686,7.596055504781363,11.35616429968304,-3.7601087949016776
1531,0,63.95490048827716,13.709361244893651,11.201259199070336,2.508102045823316
1532,1,66.69324403684017,11.350031594489842,11.517921861396655,-0.16789026690681297
1533,0,50.69751990148806,9.655991790133166,7.857266739053143,1.798725051080023
1534,0,69.83389550667718,8.228025358359396,12.097215198181766,-3.8691898398223703
1535,0,68.62978567901348,14.028782007868369,11.818963554721048,2.209818453147321
1536,0,68.93801377845448,8.429907585266111,11.88219625787701,-3.4522886726108997
1537,0,67.9742674711096,8.136515988910787,11.70068299790251,-3.5641670089917223
1538,0,57.59579212853909,11.300984503566736,9.773961268496883,1.5270232350698532
1539,1,63.58041089502999,13.288312994687209,11.151790082104327,2.1365229125828815
1540,1,74.53241006971545,13.487258178128092,13.748285086851515,-0.26102690872342293
1541,1,63.00851556439845,13.474484151127283,11.067931006810245,2.406553144317039
1542,1,64.74089194076515,11.793423303380443,11.29539625084387,0.49802705253657287
1543,0,45.58524040925026,7.504902663543039,6.6002387301929435,0.9046639333500952
1544,0,52.461582387514966,13.953954239776452,8.327754028201223,5.626200211575229
1545,0,63.59043732125302,8.20049462743299,11.15316486254124,-2.9526702351082506
1546,1,59.59143234140606,10.137793895213864,10.325445086301489,-0.18765119108762462
1547,1,74.16591613387935,14.703222306885472,13.602044831559223,1.1011774753262493
1548,0,56.15922242393162,15.51835705987078,9.364637644502908,6.153719415367872
1549,0,72.29813118166257,10.806326921408472,12.885079543521412,-2.0787526221129404
1550,1,64.71031616603844,9.906828337244619,11.291908278056253,-1.385079940811634
1551,0,54.55201960650321,6.893135971054438,8.908573546313784,-2.0154375752593463
1552,0,53.372949882087696,3.0892977042029135,8.57854705553617,-5.489249351333257
1553,0,49.317787110034416,2.183632179143488,7.505389527802758,-5.32175734865927
1554,0,56.96450721678042,10.155437072504965,9.59418938593457,0.561247686570395
1555,0,51.080947429939755,12.041436926056807,7.957567647947585,4.083869278109222
1556,1,67.46500515172748,13.733100677098331,11.621613365617359,2.111487311480973
1557,0,68.12806900005324,6.059534950559498,11.72662699430333,-5.667092043743833
1558,0,73.87393231068644,10.091408154687976,13.486324082908332,-3.3949159282203567
1559,1,70.45701424113332,19.35654664377221,12.27219186276117,7.084354781011038
1560,0,59.58185178739807,8.654518494932333,10.322921677507484,-1.668403182575151
1561,0,46.47330106292598,5.968846271654497,6.811875984903835,-0.8430297132493374
1562,0,57.34581598573646,7.553033570827976,9.702828023954424,-2.1497944531264483
1563,0,52.65262515699874,3.1575792187196448,8.379953264169016,-5.222374045449371
1564,0,65.0112773721062,14.469041156091953,11.325862648684916,3.143178507407036
1565,0,55.416222720158686,8.10371352682663,9.15322283773706,-1.0495093109104303
1566,0,58.36350213472032,14.751391420784628,9.990791605745983,4.7605998150386455
1567,0,61.98139851353073,12.428593809766188,10.88530271695435,1.5432910928118382
1568,0,72.48584779100847,12.632401218462874,12.953893974698897,-0.32149275623602236
1569,1,70.33990561009773,14.425574794506373,12.23785640747662,2.1877183870297525
1570,0,62.23663000263736,11.681721069036428,10.934597774432579,0.7471232946038491
1571,0,45.5830662976769,-0.1565753980985817,6.599721784126977,-6.756297182225559
1572,0,61.66391101791898,3.1261910276933724,10.820674595611608,-7.694483567918236
1573,1,60.39189212911269,7.528441700520328,10.529724579419048,-3.00128287889872
1574,0,53.36566407598075,11.366721363133752,8.576525402347393,2.7901959607863596
1575,0,57.63953707723752,12.79583324979562,9.78639445888263,3.0094387909129914
1576,0,48.81386813836876,4.03909666950468,7.37991025134297,-3.3408135818382902
1577,0,50.43120648910342,7.34260673600387,7.788288360029263,-0.4456816240253927
1578,1,74.39630060769032,20.18661104752346,13.69387341935061,6.492737628172851
1579,1,70.35504101756781,14.300247937229404,12.242257601678968,2.0579903355504356
1580,1,63.766036176455394,13.344915705902794,11.176776588035509,2.1681391178672857
1581,0,67.71726124686072,16.52344386765316,11.659539901852238,4.863903965800922
1582,0,63.342882861624815,15.370346919381564,11.118313255936139,4.252033663445426
1583,1,73.92464237546989,18.952267161238247,13.506358953219022,5.445908208019224
1584,1,67.56185114611267,11.305147803140525,11.635903305731615,-0.33075550259109043
1585,0,55.667095028604656,7.805175813010393,9.22452775374341,-1.4193519407330157
1586,0,55.2649448817,7.887301572345008,9.110277160173611,-1.2229755878286035
1587,0,48.00610724207619,6.152242449597219,7.181501116483914,-1.0292586668866948
1588,1,64.07139355723083,16.309828616227428,11.215935307841786,5.093893308385642
1589,0,51.12420970985788,8.607710033020737,7.968958618118308,0.6387514149024289
1590,0,59.02933232145136,13.283032740352564,10.174797996179523,3.108234744173041
1591,1,60.788307428084174,11.666218215565625,10.625362794506211,1.0408554210594136
1592,1,70.59629970109718,10.787847350949477,12.313857053048737,-1.5260097020992607
1593,0,57.521703039782366,10.211786161069114,9.752891589768817,0.45889457130029676
1594,0,62.5555803302986,11.857424569541289,10.992657430066554,0.8647671394747345
1595,0,49.705525418698656,3.937140926311171,7.602965592986074,-3.6658246666749026
1596,0,57.73110050274696,12.074708223996742,9.812398156662015,2.2623100673347274
1597,0,45.343193747220965,6.202874188307588,6.542706502348235,-0.3398323140406472
1598,0,47.591156088563054,1.1398160009883027,7.080681053464915,-5.940865052476613
1599,0,55.70963372847844,16.38244750151418,9.23662773768261,7.145819763831568
1600,0,54.99832609761766,9.750665600597337,9.034700095042542,0.7159655055547951
1601,0,69.61175399784223,8.664290483053735,12.039665286615628,-3.3753748035618933
1602,1,70.82232229519649,13.320779950581247,12.383313950206233,0.9374660003750144
1603,0,72.09370706945681,6.90134694903531,12.811247934885063,-5.909900985849753
1604,0,54.467889392023295,10.526817170093397,8.884860778800208,1.6419563912931885
1605,1,67.02424561626233,15.894212910535018,11.56039219217526,4.333820718359757
1606,0,59.03229662800588,11.550475833545685,10.175605142108635,1.3748706914370494
1607,0,57.56798226092499,13.023089177374851,9.76605427668006,3.2570349006947907
1608,1,60.97932896257292,8.92366327365077,10.669941248991917,-1.7462779753411457
1609,0,55.226357615659424,14.622086795077257,9.099329761171072,5.522757033906185
1610,0,66.98276472959051,10.67810865776162,11.554920867092811,-0.8768122093311916
1611,1,69.58911676996335,8.203441770372645,12.03395140748238,-3.830509637109735
1612,0,70.38902759362436,9.980263391212464,12.25218006072886,-2.2719166695163953
1613,0,67.33052314623433,10.0849571618731,11.602296933896808,-1.517339772023707
1614,0,56.523527700319136,10.237383317109892,9.468473921644364,0.7689093954655277
1615,1,61.250587573233965,8.308060080883811,10.731422570207327,-2.423362489323516
1616,1,59.35714523135261,13.948368061037746,10.26327430541313,3.6850937556246155
1617,1,71.31913525013996,14.1464920076067,12.54348358322668,1.60300842438002
1618,0,61.506925019999365,8.065307945016578,10.787432462713967,-2.72212451769739
1619,1,71.73644125211524,14.715487598804748,12.685243889998121,2.0302437088066263
1620,1,67.61276793110775,15.968591139571007,11.643549455836443,4.325041683734565
1621,1,69.42222934612795,19.09599386259929,11.992709765825847,7.103284096773443
1622,0,49.466573089100656,8.227150571846364,7.542721236782196,0.6844293350641681
1623,1,70.90513781710294,16.07979704858993,12.409315351050044,3.6704816975398877
1624,0,60.20203177797202,13.956182959653034,10.482535341953938,3.473647617699097
1625,1,65.00678646827971,17.979096327302713,11.325361205888866,6.653735121413847
1626,0,55.16817659278456,12.247608383181092,9.082829217523269,3.164779165657823
1627,0,72.44319801225004,8.505572335159636,12.938177335000523,-4.432604999840887
1628,1,59.542521210816886,14.310879859279368,10.31254510487361,3.9983347544057573
1629,1,59.37717998228828,3.6783084717623487,10.26862731919466,-6.590318847432312
1630,1,63.430592163923855,14.120990408208907,11.130883523341158,2.9901068848677497
1631,0,50.1708631648406,6.963805175426939,7.721373417902419,-0.7575682424754797
1632,0,47.13563718719214,0.5624684397441831,6.970712760663714,-6.408244320919531
1633,0,74.61510232263694,15.368687569156608,13.781386643965773,1.587300925190835
1634,0,45.107975669849566,0.5468424082390015,6.486823772504211,-5.9399813642652095
1635,0,52.94121830981996,10.877831497806802,8.459195335156155,2.418636162650648
1636,0,56.585299410022394,12.402309253740569,9.486084647688491,2.9162246060520776
1637,0,49.88778849208957,1.701001600088632,7.649167232381211,-5.9481656322925796
1638,0,55.98507853024846,4.556050183255479,9.31503051932211,-4.758980336066632
1639,0,58.101164256258286,8.348031200506883,9.917102249738853,-1.5690710492319706
1640,0,50.68831182898048,4.973142477101133,7.854872524881921,-2.8817300477807883
1641,0,51.75200819021256,6.1408954129998,8.135849434696302,-1.9949540216965023
1642,0,70.054131009449,9.226209638076515,12.156844026987983,-2.930634388911468
1643,0,50.67452347835432,5.488163035477792,7.8512886327942,-2.363125597316408
1644,0,71.29350317590664,13.800088480877536,12.534982131639834,1.2651063492377013
1645,0,66.03177233609925,11.205649454735012,11.439486188569143,-0.2338367338341314
1646,0,58.02026052823473,13.215968832041394,9.894276924195903,3.3216919078454907
1647,0,73.5955520759309,8.54285956025775,13.376899467419678,-4.834039907161928
1648,1,73.63959287961994,13.68106550928712,13.394142781624797,0.2869227276623221
1649,1,73.62080829975274,16.919229751337383,13.38678471304958,3.5324450382878023
1650,0,47.51977051962595,12.33999083446862,7.063401727710457,5.276589106758164
1651,0,70.28034309203944,19.056875726064103,12.220642629568214,6.836233096495889
1652,0,74.55366675430123,16.987364384040834,13.756791261410461,3.230573122630373
1653,1,73.46194853476666,15.345391987927623,13.324762849248692,2.020629138678931
1654,0,63.92607911708679,6.786943011082025,11.197580003185868,-4.410636992103843
1655,0,56.990398477489926,7.967006486049518,9.601569006732895,-1.6345625206833763
1656,0,45.84677437298256,8.251728543019402,6.662456431503997,1.5892721115154052
1657,1,60.21453940800277,17.815761053301873,10.485670027130183,7.33009102617169
1658,1,71.86894678275175,14.77809643240689,12.731505872042117,2.0465905603647734
1659,1,74.27662204407265,11.228919879117065,13.646122645517297,-2.417202766400232
1660,0,52.53939040087632,7.202566362685337,8.34898817856865,-1.146421815883313
1661,0,62.01546615636708,15.671640743565668,10.89202300396563,4.779617739600038
1662,0,50.907665945701154,2.293506939370476,7.9120918025240075,-5.618584863153531
1663,1,61.166957054598896,10.391177782252353,10.712703141667767,-0.32152535941541416
1664,0,52.306901317581854,8.12411671548434,8.285648250094663,-0.1615315346103241
1665,0,50.920612025944095,9.783719958916407,7.915481006535234,1.8682389523811729
1666,1,68.75289292687185,18.89395062894251,11.843586045725871,7.050364583216638
1667,0,46.95282562642922,10.306790857519935,6.926759650965021,3.3800312065549143
1668,0,49.84502178113807,6.691494833275808,7.638306424856438,-0.9468115915806301
1669,0,49.68576824047388,5.77642129154842,7.597970555321538,-1.821549263773118
1670,0,47.277936984609184,10.112593561306788,7.004993699708153,3.1075998615986347
1671,0,45.30055764584438,3.4478198114712875,6.532575696540102,-3.084755885068814
1672,0,73.94708362493549,10.939177991432413,13.51523423621075,-2.5760562447783375
1673,0,69.4954159971792,12.152022988034728,12.010603129389686,0.14141985864504214
1674,0,45.873140967182856,10.754193746523343,6.6687329373730035,4.08546080915034
1675,1,62.23475452669307,9.32690403930376,10.934244542284322,-1.6073405029805627
1676,0,49.914003194756205,7.095285198339343,7.655830707105016,-0.5605455087656734
1677,1,65.83529478262089,9.76418526302668,11.417293268939755,-1.653108005913074
1678,0,57.495662270357805,13.93568220930584,9.745482910989029,4.190199298316811
1679,0,46.5523275788389,12.599003654248728,6.830772669717973,5.768230984530755
1680,0,65.90372837427671,5.014203517380366,11.42498459150486,-6.410781074124493
1681,0,72.78332699762974,16.847838138250854,13.064770285985233,3.7830678522656207
1682,0,54.883085127175214,8.13448404765549,9.002083223950088,-0.8675991762945969
1683,1,65.3993519386043,15.096705738495196,11.36888373928306,3.7278219992121358
1684,0,45.19431573816961,7.697705586566877,6.507334446619768,1.1903711399471089
1685,0,52.60520217763262,9.479199504143507,8.366976056880283,1.112223447263224
1686,0,52.87790877810982,5.853757646976064,8.441773106615692,-2.588015459639628
1687,0,56.136076921325255,2.7764262400134863,9.358042975411562,-6.581616735398076
1688,0,58.38091679695347,5.922456234895214,9.9956635197658,-4.073207284870587
1689,0,48.59223020060119,5.1674644474710485,7.325156901289868,-2.15769245381882
1690,0,46.06653910709409,8.339818001785993,6.714798141291062,1.6250198604949313
1691,0,45.455937280310856,2.8792885484045425,6.569499981280969,-3.6902114328764264
1692,0,50.35135637784103,13.191141917524313,7.767711624014314,5.423430293509998
1693,1,73.02153664183271,8.63926113570631,13.15501105630403,-4.51574992059772
1694,0,49.44037230568523,9.27016700762295,7.536137404873252,1.7340296027496978
1695,0,64.80073207258013,8.289909215506377,11.302194335817351,-3.012285120310974
1696,0,52.310067257513765,9.17195598946046,8.286508593340294,0.885447396120167
1697,1,69.97195283354807,17.34866594353289,12.13430164554836,5.214364297984529
1698,0,45.38422976643061,9.337115728003011,6.552457912041328,2.7846578159616833
1699,0,53.075454372263806,13.916529656908608,8.496205156321007,5.420324500587601
1700,0,62.56288437366096,12.532843452232552,10.993939147189186,1.5389043050433653
1701,0,52.00670126817006,8.370695516058461,8.204355599350366,0.166339916708095
1702,0,63.09040000047749,10.748973113454696,11.080649136364883,-0.3316760229101874
1703,1,72.03653065379699,14.59734558640196,12.79081572518449,1.80652986121747
1704,1,67.51865390085321,8.171127145819163,11.629488975067185,-3.4583618292480214
1705,1,72.40973829758809,13.70450091860719,12.925880457579627,0.7786204610275629
1706,0,48.073294435630565,1.984326073644508,7.197890403495319,-5.213564329850811
1707,0,69.5647795341746,13.451139458681078,12.027840048895257,1.4232994097858214
1708,1,66.32279917116267,11.216227147359929,11.47314510235271,-0.25691795499278136
1709,0,47.354061670180485,9.830096548074515,7.02335861734518,2.8067379307293345
1710,0,66.25948870308137,6.630570559340217,11.465726270113304,-4.835155710773087
1711,1,58.61989054943184,16.700944630210916,10.06222923878848,6.638715391422435
1712,0,57.64407271239283,6.149093114562314,9.787683239976529,-3.638590125414215
1713,1,70.57062145342982,8.456507250858339,12.306109324560644,-3.8496020737023056
1714,1,69.5909677461461,11.049802145497924,12.034417551261264,-0.9846154057633392
1715,0,57.88418788426428,15.062173883843688,9.855798753571698,5.20637513027199
1716,0,49.34496311027926,10.205590710296038,7.512198188161531,2.6933925221345065
1717,0,64.49691789269636,11.925232579290403,11.267249415093705,0.6579831641966987
1718,0,45.70178349666977,10.834771982302383,6.627955512131805,4.206816470170579
1719,0,52.533412183135454,13.58279804868441,8.347355437452839,5.235442611231571
1720,0,51.961436522054555,12.931388018952646,8.192148638798116,4.73923938015453
1721,0,55.221639793159646,15.524448360427694,9.097991495814991,6.426456864612703
1722,0,45.70524456239579,11.936250439490845,6.628778827458681,5.307471612032164
1723,0,57.46143331760223,6.695675918049885,9.735742550690997,-3.0400666326411123
1724,1,61.3953765368686,9.073432018275623,10.763317193098523,-1.6898851748228996
1725,0,53.60910766960634,13.955247914254604,8.64420608223151,5.311041832023095
1726,0,52.254042364964086,9.07530214570245,8.271292992635308,0.8040091530671418
1727,1,65.67605333576833,7.626379545688312,11.39952009382115,-3.7731405481328384
1728,0,61.222325453851326,15.55063968661759,10.725120504015644,4.825519182601946
1729,0,49.905505800647305,5.868837340766639,7.653670255380786,-1.7848329146141468
1730,0,49.57265281308456,7.1041827614261255,7.569421105228888,-0.4652383438027625
1731,1,58.79283414150973,6.747135119154928,10.110026687110874,-3.3628915679559466
1732,0,58.28042752602734,9.494739390829347,9.967514907525999,-0.4727755166966521
1733,0,52.664666590057,4.491354601560426,8.383250413081678,-3.891895811521252
1734,1,71.28247222903246,11.421689262524955,12.531331117158349,-1.1096418546333933
1735,0,47.511622788481205,10.462763748874393,7.0614306594072325,3.40133308946716
1736,0,57.871083561577606,14.527996803203449,9.85208790180094,4.675908901402508
1737,1,71.76736751891038,15.398231122632032,12.695989782038737,2.702241340593295
1738,0,50.097091406819466,10.681104300204153,7.702501706705916,2.9786025934982368
1739,0,53.675022713264795,10.413200151879163,8.662576157068797,1.7506239948103666
1740,1,63.79438586746623,8.897612042510419,11.180509387828998,-2.2828973453185792
1741,0,53.6479014335537,7.048389946880795,8.65501540016999,-1.6066254532891948
1742,0,57.18173997461453,10.47512084180614,9.656094162851534,0.8190266789546055
1743,1,61.411787555232,13.666098205372633,10.766890309744012,2.8992078956286207
1744,0,48.08597557716017,12.532320505533525,7.200985919530528,5.331334586002996
1745,1,73.65120846149489,16.417322402340638,13.398695145059786,3.0186272572808512
1746,0,56.05274761413824,9.06997035204581,9.334303949943573,-0.2643335978977621
1747,0,52.77575894563197,10.759343190643676,8.413707691084786,2.34563549955889
1748,1,66.995981232574,16.925841015334615,11.556659179672584,5.369181835662031
1749,0,65.34839304298849,10.571658074090292,11.363253499076102,-0.7915954249858093
1750,0,72.20898194679614,11.558649231608465,12.852734779649158,-1.2940855480406928
1751,1,70.07660990044072,8.464016537618683,12.163069937824567,-3.6990534002058837
1752,1,67.99645404991219,14.029395656382007,11.704362187769544,2.325033468612464
1753,0,61.896557999982576,16.842961886693185,10.868383081339008,5.974578805354177
1754,0,49.34614566275139,13.326826641660992,7.512494565126921,5.814332076534071
1755,0,46.85790983686394,11.862975886491174,6.903975377642215,4.959000508848959
1756,0,69.25764543469101,8.628806702702454,11.953592553117302,-3.324785850414848
1757,0,52.87078946675591,4.500943452783195,8.439815267809118,-3.938871815025923
1758,0,53.928894547449175,13.19957325317312,8.733496005103621,4.4660772480694995
1759,0,61.79200899724188,8.835258771409844,10.847178048091767,-2.0119192766819225
1760,0,60.14947761289833,8.662029598010138,10.469325182633286,-1.807295584623148
1761,0,56.25833352659558,3.910534967241784,9.392880590787376,-5.4823456235455925
1762,0,47.26165618429293,10.680442927454685,7.00106838689674,3.679374540557945
1763,0,61.164743772046535,10.04476527607932,10.712204833943778,-0.6674395578644585
1764,1,63.925983969501786,11.81259420992285,11.19756782434921,0.6150263855736391
1765,0,46.34308404735879,8.05901416057055,6.780766160931712,1.2782479996388378
1766,0,52.32542327693585,11.751883939905664,8.290682460848672,3.4612014790569923
1767,0,64.97259514774554,5.1502079718773714,11.321539253763229,-6.171331281885857
1768,1,63.151847703901375,13.21145078994115,11.090026661074127,2.121424128867023
1769,0,73.61153866227954,10.673481890632647,13.383155543212595,-2.709673652579948
1770,1,73.70184382199001,17.0570342267674,13.418561505538783,3.6384727212286165
1771,1,68.46807866900505,17.00258279597671,11.787840554132428,5.214742241844283
1772,1,63.01499744910004,12.318445878877569,11.06894717791918,1.249498700958389
1773,0,62.61194485771555,9.413139515932594,11.002491433054269,-1.5893519171216752
1774,0,64.45371101232553,9.202522254562734,11.262180900169978,-2.0596586456072448
1775,0,47.06456693806313,8.663627182860726,6.953614164893115,1.7100130179676105
1776,1,68.67089842941616,11.200583811978154,11.827095304760302,-0.6265114927821482
1777,1,67.9688749583875,13.940632418852674,11.69979192183319,2.2408404970194837
1778,1,74.89684028369999,12.98967729668831,13.894328779121595,-0.9046514824332856
1779,1,74.12358457384684,22.465127105679443,13.585217045986672,8.87991005969277
1780,0,51.112333678760955,1.5667202971957137,7.965830191612378,-6.3991098944166644
1781,0,47.68963599215824,1.8176613838156173,7.104548884061723,-5.286887500246106
1782,0,46.57067659571644,4.56866542299252,6.835162149087294,-2.2664967260947737
1783,1,73.6602642003838,16.478516018852346,13.40224554341548,3.076270475436866
1784,0,73.88465082054162,12.610345187417192,13.49055641584632,-0.880211228429129
1785,0,50.09594429068494,9.957903817347848,7.7022085659661705,2.2556952513816775
1786,1,72.47452213244316,12.206756695660523,12.949715834142332,-0.7429591384818082
1787,1,70.12166631859826,14.919389559368192,12.175625522574741,2.7437640367934506
1788,0,52.252247591054186,6.35745241235211,8.270805878271533,-1.913353465919423
1789,0,52.98649790114744,12.079964780653768,8.471668822367256,3.6082959582865115
1790,0,50.008375370071136,4.2870915545122905,7.679858016908161,-3.392766462395871
1791,0,48.12309387476794,5.831692098357287,7.210050606779892,-1.3783585084226049
1792,0,58.9372692473481,12.336862571617862,10.149670654966318,2.1871919166515443
1793,0,54.09571729671788,12.767993827219891,8.780235157378822,3.987758669841069
1794,0,57.45012836961276,8.381693032548739,9.732525077360938,-1.3508320448121989
1795,0,70.32126135759515,12.044345280654635,12.232449884366543,-0.18810460371190807
1796,0,46.63484861222362,5.549070416928469,6.850519286722658,-1.3014488697941893
1797,0,48.50926608036183,1.5793355430040767,7.3047252621142045,-5.725389719110128
1798,1,72.18877961394686,16.58466564969381,12.84543625931281,3.7392293903810003
1799,0,69.5441087573916,10.059558769281567,12.022675220284913,-1.963116451003346
1800,0,50.8945408031008,9.6027690312454,7.9086571133913015,1.694111917854098
1801,1,71.87541172946563,9.61020954044104,12.733777549657521,-3.1235680092164806
1802,0,45.472601431247526,7.720245254465524,6.573460838382245,1.1467844160832783
1803,1,64.32628606632382,8.807951659277489,11.247061413643777,-2.4391097543662887
1804,0,56.67379949840947,3.722519720980314,9.511315980280452,-5.788796259300138
1805,1,62.97988085765078,8.644485837722401,11.063422237758296,-2.4189364000358946
1806,0,55.72830549703457,6.818772730047309,9.24193962384533,-2.4231668937980206
1807,1,74.93019244528445,11.935729360451138,13.907708422412767,-1.9719790619616298
1808,1,58.420645945688726,4.932008679054779,10.006767974968982,-5.074759295914203
1809,0,73.42764939425452,16.535333100144207,13.311422281849849,3.2239108182943585
1810,0,65.70789160387186,11.79183366013118,11.403061893292524,0.3887717668386568
1811,0,48.80394340851598,-0.0208178900758753,7.377453002999906,-7.3982708930757815
1812,0,59.10153854117901,9.225938595082383,10.194423764525279,-0.9684851694428964
1813,1,70.39820592026865,14.35919689920401,12.254869045625668,2.104327853578342
1814,0,57.045582943462655,6.182437131284313,9.61729676851481,-3.434859637230497
1815,1,60.481359055687896,11.357638583115516,10.55166043095398,0.8059781521615363
1816,0,69.65994546917896,11.422728910165176,12.051923186794877,-0.6291942766297005
1817,0,46.127969920416106,12.151491854380716,6.7294413011551875,5.422050553225528
1818,0,53.2337493301569,4.458158178162763,8.539965187032829,-4.081807008870066
1819,0,53.93354050754596,2.553603984513935,8.734796253665486,-6.181192269151551
1820,0,60.5415009222259,12.627047779653264,10.566294000938635,2.060753778714629
1821,0,52.565166980590725,14.095720210467782,8.356030529914065,5.739689680553717
1822,1,58.25371841040501,12.1778111268891,9.960019175275669,2.2177919516134317
1823,1,69.88021298448645,13.893432778634748,12.109546643911685,1.7838861347230637
1824,0,46.86738297774616,6.5022553107956655,6.9062483181187115,-0.403993007323046
1825,0,56.41958385400722,8.066388030498706,9.438841884605463,-1.372453854106757
1826,0,66.1328457759724,5.778401068297996,11.45105389015456,-5.6726528218565635
1827,0,72.15390248883875,8.918958213483494,12.832863770084721,-3.913905556601227
1828,0,63.88944223908141,12.016665752529567,11.192874323736028,0.8237914287935393
1829,0,54.339706443165134,6.260180568893236,8.848773745384483,-2.588593176491247
1830,0,51.19567616251864,9.299608130938907,7.987807802623951,1.3118003283149555
1831,0,45.1260495438217,0.3734420628515229,6.491117228545611,-6.117675165694088
1832,0,56.789250594438506,7.64800304646743,9.54423046384987,-1.8962274173824394
1833,1,73.48913923630144,19.465030532226976,13.335351718311587,6.129678813915389
1834,1,64.09187148340213,10.80423540850454,11.218484161112054,-0.4142487526075129
1835,0,64.55632649206301,13.427451743415904,11.27417426642577,2.1532774769901337
1836,0,57.814409592495885,13.4549100684056,9.836029510887235,3.6188805575183647
1837,1,68.92725765536616,10.635663899801408,11.879899273776964,-1.244235373975556
1838,0,48.922661964402096,9.654921167336376,7.406880815144617,2.248040352191759
1839,0,46.846465388550484,0.6228151243647088,6.90122975886969,-6.278414634504981
1840,0,54.548279633959325,13.368505417819996,8.907518952413316,4.46098646540668
1841,0,58.67012671158248,7.295534056607377,10.076148098025918,-2.7806140414185405
1842,0,60.658789528091816,9.080051336191872,10.594565642697901,-1.5145143065060296
1843,0,46.39612615314704,5.146384666708604,6.793434343617733,-1.6470496769091287
1844,0,52.89475087903183,10.921950580864657,8.446405828604695,2.475544752259962
1845,1,62.39190809534093,13.529242754647449,10.963368499469187,2.5658742551782616
1846,0,56.18883415114069,5.545505517506252,9.373075224552467,-3.827569707046215
1847,0,53.523042134277766,4.889130557676724,8.620248442345744,-3.73111788466902
1848,0,57.39819046429808,13.407790266856242,9.71774049706343,3.6900497697928127
1849,0,64.68848020200852,16.433104653715752,11.289410982306277,5.1436936714094745
1850,0,63.64913456459839,9.453103952914494,11.161154262074318,-1.7080503091598231
1851,0,45.89611681516564,1.52646815010527,6.6742029656388,-5.14773481553353
1852,1,68.97936886377872,17.554339118149347,11.891090620569434,5.663248497579913
1853,0,67.77291663807931,15.073880053864952,11.668225863721847,3.405654190143105
1854,0,63.18375520757458,3.3959943556751275,11.094841205770432,-7.698846850095305
1855,1,72.42955474148954,17.50077310015139,12.933159708045531,4.56761339210586
1856,0,58.3008932512944,13.279786073235607,9.973254568785379,3.306531504450229
1857,1,72.26367038784988,16.798113129106763,12.872550235583716,3.925562893523047
1858,0,47.15411996810405,6.811934510053779,6.975161910761665,-0.16322740070788644
1859,0,51.97398791178964,2.4544847053968253,8.195532129172959,-5.741047423776133
1860,0,48.25014192888312,10.752242432331126,7.241122714437783,3.511119717893343
1861,0,74.88868917475429,20.01104152687229,13.89105900754204,6.11998251933025
1862,0,54.5287484620833,1.1342901234896825,8.90201224943583,-7.767722125946147
1863,0,48.44320947110016,12.942454468800316,7.288481449681419,5.653973019118896
1864,0,54.680954017000886,6.595061016859851,8.944955262160173,-2.349894245300322
1865,0,48.83132191705011,3.8063526757785646,7.384232870334604,-3.5778801945560397
1866,1,72.90364377759497,19.8166639071496,13.110198131090266,6.706465776059334
1867,0,62.743792303913885,16.890804478839605,11.024978937933188,5.8658255409064175
1868,0,74.20137953986729,13.652682819124292,13.616154057126382,0.036528761997910664
1869,0,47.97458926462482,11.298621530464672,7.17381929913617,4.124802231328502
1870,0,45.50286531836364,10.882789870142352,6.580654644155102,4.30213522598725
1871,1,70.85632558116926,13.680060427595134,12.39395479053378,1.286105637061354
1872,1,72.32875170320567,21.1824574964188,12.896240089512885,8.286217406905914
1873,0,51.12437839012621,6.983667695767776,7.9690030604370925,-0.9853353646693161
1874,0,55.832164599964315,7.314445872045666,9.271494293429205,-1.957048421383539
1875,0,68.51144213806491,16.263702325650737,11.796053996388792,4.467648329261944
1876,1,62.29487327971461,7.806785278987903,10.945499780012028,-3.1387145010241255
1877,1,72.98068689503006,11.76429908573922,13.139450836521824,-1.3751517507826048
1878,0,63.408459211731966,11.118059830530878,11.127735215483359,-0.009675384952480215
1879,1,69.98642941360404,9.628374558549314,12.138247708272985,-2.5098731497236706
1880,1,69.24330092703798,10.21039104887697,11.950257926725092,-1.7398668778481223
1881,0,58.465589018843616,8.677759320779694,10.019312241187313,-1.3415529204076186
1882,0,47.36323238331954,7.7057895820291025,7.025572296190218,0.6802172858388849
1883,0,49.47374227652136,8.595992319863491,7.544523477783977,1.0514688420795144
1884,0,55.95486433626629,15.601021727918814,9.3064263121874,6.294595415731415
1885,0,52.93843983617194,7.039914241759496,8.458430279008,-1.4185160372485042
1886,1,71.92761554796999,8.240033515948777,12.752169744119723,-4.512136228170945
1887,0,66.19062964617703,13.822876540479706,11.457722188164443,2.3651543523152636
1888,0,62.927329501787696,9.284666657381305,11.055063076856412,-1.770396419475107
1889,0,59.54204176041507,9.728703098136847,10.312418440730761,-0.5837153425939139
1890,1,64.8792257976736,14.313862121014328,11.311059846656988,3.0028022743573395
1891,0,58.4752994833642,7.165783485902395,10.022020068271742,-2.8562365823693465
1892,0,50.96053371447455,4.570664606551704,7.925940813131786,-3.355276206580082
1893,0,70.18985417015747,11.048918766314143,12.194819198135436,-1.1459004318212926
1894,1,70.76059735132841,13.042951625246303,12.364124407082128,0.6788272181641748
1895,1,61.60794198568884,16.026274491968667,10.808917928517415,5.217356563451252
1896,0,50.3290464551264,5.45170556906834,7.761971031696857,-2.310265462628517
1897,1,62.65799902003644,4.24022977005086,11.010428988197534,-6.770199218146674
1898,1,74.38300420504169,16.859646295405927,13.68856363212887,3.1710826632770566
1899,0,69.79135814303095,11.946031918500903,12.085989930744267,-0.13995801224336368
1900,0,71.65717485378497,13.951428207325938,12.657847611688808,1.2935805956371293
1901,0,45.43077585582071,2.7799354687477007,6.563519756427683,-3.783584287679982
1902,0,62.25227128541307,12.66630030620736,10.93753841388224,1.7287618923251191
1903,0,47.652631265785,8.964274326219833,7.09557615775314,1.8686981684666932
1904,1,64.16885317667716,13.112933705155982,11.227987383349852,1.8849463218061295
1905,0,49.41309670828301,9.11469352374712,7.529287983817159,1.58540553992996
1906,0,55.72075786002448,2.045384598735886,9.239792359604236,-7.19440776086835
1907,1,71.87707497095796,14.8676598257258,12.734362201560462,2.1332976241653387
1908,0,46.485525578739214,1.9925451663204177,6.814798240627172,-4.822253074306754
1909,0,65.88731747360431,13.404654945498027,11.423136737079233,1.9815182084187946
1910,0,49.75651459408616,8.259218001018972,7.61586855468101,0.6433494463379619
1911,0,48.882698077978894,11.865612015003222,7.396966165280091,4.468645849723131
1912,0,56.75853983746457,9.268472226527136,9.535475162321355,-0.26700293579421874
1913,0,62.68038840975057,8.79618096337896,11.014255909883373,-2.2180749465044123
1914,0,50.44046071033405,9.279203204979668,7.790676194232996,1.4885270107466715
1915,1,72.14237264175128,12.789668066323111,12.828715247595966,-0.03904718127285456
1916,1,71.76640907621884,11.647557219770036,12.695656278119912,-1.0480990583498766
1917,0,54.94380842654467,9.950050305545647,9.019265849970374,0.9307844555752727
1918,0,72.59384994882258,8.72465215699599,12.993900157148328,-4.269248000152338
1919,0,50.95335117678916,10.304717491717737,7.924057979351765,2.3806595123659715
1920,1,72.44029077626406,15.429579383274998,12.937107723972927,2.492471659302071
1921,1,66.33367125089684,14.753819447412168,11.474425182371084,3.279394265041084
1922,1,70.73624185879216,12.998210827783538,12.356597852517448,0.6416129752660904
1923,0,59.78619352576603,8.099933488443249,10.376371667000418,-2.2764381785571697
1924,0,51.01133502473042,5.162131491879899,7.939269736770565,-2.777138244890666
1925,0,48.484880095386494,4.293601847144558,7.298726114370985,-3.005124267226427
1926,0,55.78353420885525,7.3771990188863645,9.257654133285513,-1.8804551143991484
1927,0,53.16295825360414,7.64856852543896,8.520379939491137,-0.8718114140521775
1928,0,52.51405675211235,6.2723982664368805,8.342070610009982,-2.0696723435731013
1929,0,73.13488360755403,9.59194977883897,13.1983605396621,-3.606410760823131
1930,1,74.52072431936372,16.43981558096035,13.74360976057378,2.69620582038657
1931,0,58.65669516618247,11.713650069066492,10.072429343510633,1.6412207255558595
1932,0,71.06163660663536,19.28567371028343,12.459229683428063,6.826444026855366
1933,0,51.20519326604042,13.619912768555608,7.990320916252632,5.629591852302976
1934,0,51.41785079693208,5.660451096514141,8.04665588079856,-2.38620478428442
1935,1,66.37221904164001,11.754119069488205,11.478978729975829,0.27514033951237593
1936,0,62.60728874660701,13.692516001762668,11.001684039715029,2.690831962047639
1937,0,72.48244002976257,20.73727943052753,12.952636473167637,7.7846429573598925
1938,1,64.36684452816195,8.204771065127936,11.251902884364116,-3.0471318192361796
1939,1,64.8866556369886,12.18490349205706,11.311896228188731,0.8730072638683293
1940,0,48.89069246439994,8.036254340540966,7.398948803154284,0.6373055373866814
1941,0,63.184539050030715,15.788647262041678,11.094959014987655,4.693688247054023
1942,0,64.20805391942523,9.27501960311596,11.232780641072962,-1.9577610379570025
1943,0,65.13788001345856,12.882541158806028,11.339953104803271,1.5425880540027563
1944,0,72.05880824087961,13.45546595291265,12.798765050284294,0.6567009026283568
1945,0,46.100805151659166,8.382535705985116,6.722965374709268,1.659570331275848
1946,0,49.63929562753994,6.576308673046,7.58623127386341,-1.0099226008174096
1947,0,47.504608746653275,10.113315771238984,7.059734034091995,3.053581737146989
1948,0,45.74742073321807,0.9420161374978856,6.6388126099209,-5.6967964724230145
1949,1,73.18557259748563,8.645037385160812,13.217826431708824,-4.572789046548012
1950,0,49.781172661830645,7.808116803006768,7.622114497967549,0.186002305039219
1951,0,54.9284119418094,7.148309949197757,9.01490831326999,-1.8665983640722326
1952,0,66.64820280510298,6.639960593821935,11.512337296479668,-4.872376702657733
1953,0,56.7983233662613,5.78995216697591,9.546816977942411,-3.7568648109665013
1954,1,72.56155980770694,10.982166081855487,12.981908643717409,-1.9997425618619218
1955,0,59.84871114629762,7.477409371956701,10.392563351036568,-2.915153979079867
1956,0,53.54788993422184,8.893771013582601,8.627161872475066,0.2666091411075353
1957,1,73.39155969372747,9.847562864745523,13.297405625051107,-3.449842760305584
1958,0,48.07314698290779,9.731391060895984,7.197854413748343,2.533536647147641
1959,1,71.5878186346903,12.915433978900491,12.634052291592834,0.28138168730765756
1960,0,48.800820616204966,11.678430969221848,7.376679943326967,4.301751025894881
1961,0,46.965095168932,7.786804011782595,6.9297066741963596,0.8570973375862359
1962,0,66.01307186340904,16.051890029687016,11.437358286401995,4.614531743285021
1963,0,47.510533247401725,0.6824735208635988,7.06116709928677,-6.378693578423171
1964,1,66.63529411909339,13.700298670349303,11.510744576166644,2.1895540941826592
1965,0,54.782459616772805,1.3448698857002377,8.97363010038728,-7.628760214687043
1966,1,58.51605385704514,14.043633119799246,10.033374735287426,4.01025838451182
1967,1,71.52215916765167,10.465996259107518,12.611679696114404,-2.145683437006886
1968,0,50.69631830145436,8.203200397773907,7.856954269967889,0.34624612780601804
1969,0,60.89636554344527,5.768909147335821,10.650706366959044,-4.881797219623223
1970,0,54.8469879815391,8.624204366103442,8.991873313893269,-0.36766894778982717
1971,1,65.72549226664725,17.304503800280255,11.405022104480235,5.89948169580002
1972,0,49.38038143792764,3.1378599351576306,7.521078565404965,-4.383218630247335
1973,1,65.49284418608275,7.561268140928725,11.379216196638637,-3.8179480557099126
1974,1,66.32570028119028,15.408445496847545,11.473486501166086,3.934958995681459
1975,0,66.48819397521086,10.717465180032814,11.492827051446756,-0.7753618714139421
1976,1,71.80895550162845,11.267945636781878,12.710490000588068,-1.4425443638061903
1977,0,52.466609433509326,14.35926636883401,8.329124852683355,6.030141516150655
1978,1,64.30341501884558,11.994194803674043,11.244318737194106,0.7498760664799367
1979,0,54.97922487807404,12.572291455069807,9.029291634307208,3.5429998207625992
1980,0,67.73689950145959,10.845920065729189,11.662591122858254,-0.8166710571290654
1981,0,64.38628932011575,12.636524945022236,11.254214178948004,1.382310766074232
1982,0,52.95510885446773,3.1151933165098127,8.46302072155085,-5.347827405041037
1983,0,72.07281756405214,5.684322969618515,12.80377164487705,-7.1194486752585355
1984,1,62.3979942588861,7.223883995386848,10.964476862672022,-3.740592867285174
1985,0,70.73625525983505,14.33018185221506,12.3566019867364,1.9735798654786603
1986,0,58.029817429156594,5.983693072401982,9.89697536865465,-3.9132822962526674
1987,0,64.55689083083256,15.008978893861574,11.274239811358123,3.7347390825034505
1988,0,68.95417693228487,13.767415993406248,11.88566059590718,1.8817553974990684
1989,1,65.22809238911418,12.456687140732528,11.349951455182206,1.1067356855503228
1990,0,63.82493111826669,3.791766345668369,11.184507783621507,-7.392741437953138
1991,0,56.50571948408517,12.022873383108193,9.463397022193584,2.5594763609146085
1992,0,57.58088126563702,8.559222662714083,9.769722026562437,-1.2104993638483545
1993,1,71.55133015843211,9.84422016838513,12.621600593574456,-2.7773804251893264
1994,1,61.707717641426896,13.265450531599184,10.829801979027458,2.4356485525717257
1995,0,60.169647286357765,13.197940313201787,10.47440248796492,2.7235378252368676
1996,1,63.473272517679206,7.990505297733389,11.136910362569445,-3.146405064836056
1997,1,73.10958779251112,10.148254579456978,13.18866447307979,-3.0404098936228117
1998,0,49.63488423242604,5.148677250752729,7.58511765193868,-2.4364404011859513
1999,0,51.253703360632166,0.8898783596169908,8.003141464551772,-7.113263104934782
2000,1,60.98579721846083,9.832773973691667,10.671432610902528,-0.8386586372108606
