input_row,x,y,z,predicted_change_without_Q,observed_minus_predicted_without_Q
1,1,59.128120584791326,8.462545042372001,10.20163002892958,-1.7390849865575788
2,0,50.9794890434106,7.849338564175322,7.930911767839966,-0.08157320366464393
3,0,55.594731446534254,12.857334202015576,9.203950029810587,3.653384172204989
4,0,57.24850973914968,13.636844907846331,9.675115040484611,3.9617298673617203
5,1,64.51724947786433,19.292407580019297,11.269624957628093,8.022782622391205
6,0,52.745873168583,10.640825939249616,8.40550741093616,2.2353185283134565
7,0,57.28478951019144,15.175602268038965,9.685448591584743,5.490153676454222
8,1,66.87773209001496,15.64883794166608,11.541265721992742,4.107572219673338
9,0,62.36110218249014,9.739874705140634,10.957735844041897,-1.217861138901263
10,0,74.1913756421824,16.162829353877882,13.612172925630805,2.550656428247077
11,1,69.8724744256603,9.445282456780445,12.107478510689614,-2.6621960539091685
12,0,50.60437606391477,5.261277766578734,7.833078911446362,-2.571801144867629
13,0,65.56776070532494,12.780050906971052,11.38750598247374,1.3925449244973116
14,1,65.21624536844874,12.111002605763913,11.348639907919658,0.7623626978442548
15,0,55.64415385765086,9.182354684211987,9.218003256259534,-0.03564857204754723
16,1,73.62854044725394,10.450357155341774,13.389812860628505,-2.939455705286731
17,0,66.88614447463318,9.026849561574958,11.542349218694792,-2.5154996571198343
18,1,58.277673361798485,14.527931610552788,9.966742234947846,4.5611893756049415
19,0,53.4963744810893,14.254084177032496,8.612831716333531,5.641252460698965
20,0,57.82889065881854,14.589870844765407,9.84013411350056,4.749736731264846
21,0,72.90609919886674,12.042918102696111,13.111128503866478,-1.0682104011703668
22,0,62.39867723016853,6.897868435166206,10.964601148041961,-4.066732712875755
23,0,46.38888958802685,7.258029057377333,6.791705700731914,0.466323356645419
24,0,60.39788374150801,11.646151852612192,10.531199773867453,1.1149520787447393
25,0,56.34034462695588,12.749178410992014,9.416254847661957,3.3329235633300573
26,1,64.81673812225817,10.43906303398676,11.304006701367623,-0.8649436673808637
27,1,70.2445682296503,13.860952517913306,12.21038568738951,1.6505668305237968
28,0,54.10021931822797,9.023278801685183,8.781497925294596,0.2417808763905871
29,1,61.166478843824365,16.16351532111232,10.712595487852447,5.450919833259874
30,0,63.64774988710393,18.13597477478736,11.160966935259763,6.975007839527597
31,0,54.74660533251985,10.71235790464782,8.963498249735906,1.7488596549119144
32,0,50.308161537013774,12.830961535154652,7.75660044629599,5.074361088858661
33,0,61.882054291532654,6.23165300604591,10.865464629047374,-4.633811623001463
34,0,47.016119232873145,9.025671817825495,6.941966575873599,2.083705241951896
35,0,64.11298987240505,16.53538293155674,11.221103399263015,5.314279532293725
36,0,47.91982876065303,8.812664005438197,7.160482344192438,1.6521816612457592
37,0,57.910318489080765,7.288770958279212,9.86319574623411,-2.5744247879548983
38,0,52.49329558336212,7.6418088235469055,8.336404399270487,-0.6945955757235813
39,0,46.95454430448013,5.395961915445051,6.927172435917602,-1.531210520472551
40,0,53.5293155189492,6.691848665334248,8.621993635646723,-1.9301449703124742
41,0,66.09330772714256,10.156350657298626,11.446514884336883,-1.2901642270382574
42,0,48.64391068484325,10.716960208739025,7.337901584267267,3.3790586244717575
43,1,64.02167452056052,11.852075243688317,11.209708912722533,0.6423663309657837
44,0,67.08094454419167,16.081615802577932,11.567945727350208,4.513670075227724
45,1,69.92578302441642,11.316544442411592,12.121788664729674,-0.8052442223180822
46,1,67.71049341041322,11.34605235522508,11.6584917951418,-0.3124394399167194
47,0,61.6068885013034,14.779141979687523,10.808695621114117,3.9704463585734064
48,0,64.10539154517095,10.290861845103194,11.220162087785289,-0.9293002426820944
49,0,47.38415054827334,7.190760785345108,7.030622674179911,0.16013811116519694
50,0,51.46966430050141,7.097811816963514,8.06043308241921,-0.9626212654556969
51,0,71.68557085888854,19.66643105669788,12.66763752841542,6.9987935282824605
52,1,66.69348895533949,16.89910431742791,11.517952345722774,5.381151971705135
53,0,53.42250992019744,9.997348781858724,8.592305403743545,1.4050433781151792
54,0,51.34373679414492,11.73384804336716,8.026983628665521,3.7068644147016396
55,0,57.74645508011999,5.70506417270971,9.816755775640358,-4.111691602930648
56,0,73.23055994403123,14.921066713618208,13.2351425782323,1.6859241353859087
57,1,67.70952756043648,16.78228916625483,11.65834236038781,5.123946805867021
58,1,71.49542777551373,14.625752618502109,12.602615027126054,2.023137591376054
59,0,50.80278508443586,6.277301616058456,7.884684933324355,-1.6073833172658984
60,0,52.63314244670963,11.654165077819526,8.374620307631034,3.279544770188492
61,0,48.074760095970696,1.0963894711835938,7.19824814180555,-6.101858670621956
62,0,45.53608383175475,4.744357999294626,6.588551500578341,-1.8441935012837156
63,0,63.90454017340466,12.02971800850271,11.194817467659247,0.8349005408434635
64,0,51.31196528856389,3.13090804866618,8.018563058620177,-4.887655009953997
65,0,50.495248184013086,0.4859867877492094,7.804826101278002,-7.318839313528793
66,1,60.140333395689616,11.445666474048412,10.467020295877573,0.9786461781708393
67,0,51.57325435750868,5.139397498568785,8.088036551940176,-2.948639053371391
68,0,48.07051920377888,6.583301799693992,7.197213050108825,-0.6139112504148327
69,1,73.48157237869037,6.6664462616544045,13.33240380774862,-6.665957546094215
70,0,59.573693983058845,12.891208944604548,10.320771694119966,2.5704372504845825
71,0,74.17777160189152,11.812954509304436,13.606760405865924,-1.7938058965614871
72,0,55.75280097190994,11.0264280624056,9.24890897040229,1.7775190920033097
73,1,63.91768577252985,16.054013652965782,11.196504823483554,4.857508829482228
74,0,58.51695986351484,12.63842038019554,10.0336269745187,2.6047934056768405
75,1,66.55887490187126,8.103684613189449,11.501384365936204,-3.397699752746755
76,0,60.37407141477024,17.804611988701723,10.525331785185346,7.279280203516377
77,0,71.11631473292188,14.73195224355118,12.47690324150882,2.2550490020423606
78,0,51.593526364535286,7.306342620137179,8.093447481190903,-0.7871048610537246
79,0,45.71252493126472,9.269340159504184,6.630510713339783,2.638829446164401
80,0,53.61712428579074,7.308998105343335,8.64643926692371,-1.3374411615803758
81,0,54.84779868898289,11.380000473038749,8.992102582450613,2.3878978905881354
82,0,47.53818057960663,8.754249979142127,7.0678562748650515,1.6863937042770756
83,0,45.05379436213613,1.114460010183206,6.473953222951078,-5.359493212767871
84,0,60.323871933000575,12.60609021277347,10.51291647026455,2.0931737425089203
85,0,51.30046543241005,9.367849204985028,8.015517070675534,1.3523321343094938
86,0,55.39573443478183,6.5146286826457045,9.147404048646129,-2.6327753660004243
87,0,52.93806820378335,9.228996601912659,8.458327952648816,0.7706686492638433
88,0,50.115142729526845,6.803951256589329,7.707115874299801,-0.9031646177104724
89,0,54.76640755287498,8.667688754705226,8.969093618032046,-0.3014048633268196
90,1,62.94112842656399,17.87985854590486,11.057268715624387,6.822589830280473
91,0,52.87173660987074,6.418607277186946,8.440075720274109,-2.021468443087163
92,1,61.10130117490165,13.460364678156472,10.6978583671099,2.7625063110465717
93,0,66.15055865546881,12.7361117180192,11.453093483619353,1.2830182343998473
94,0,66.44213060962403,11.439177495647876,11.48729907995125,-0.048121584303373766
95,0,55.31335073931817,9.17690729293443,9.124014262324089,0.052893030610341896
96,1,62.21682576807467,7.954891517529248,10.930860963634297,-2.975969446105049
97,1,63.245547429102885,9.455370662118012,11.104060907544604,-1.6486902454265913
98,0,55.14122100906531,8.964362666913402,9.075186817166657,-0.11082415025325432
99,0,48.9642900643474,4.294443207821549,7.417217585299171,-3.122774377477622
100,0,46.95387565216325,6.07465247251718,6.927011840832618,-0.8523593683154376
101,1,73.0436514622353,17.02650231751087,13.163448976703316,3.8630533408075554
102,0,50.53716237886261,11.749163167630623,7.815666688378777,3.933496479251846
103,0,65.55781825605331,14.582585293329478,11.386405009196329,3.196180284133149
104,1,64.37009937535043,12.578936576278773,11.25229020782006,1.3266463684587126
105,0,48.541364553385456,-0.0929549141331067,7.312626160397144,-7.405581074530251
106,0,47.241542787515165,9.617684205013827,6.996220178758613,2.6214640262552136
107,0,46.625297569251615,7.756884200726997,6.848233025593218,0.9086511751337794
108,1,60.16346054388837,16.362810538564062,10.472846077195982,5.889964461368081
109,0,46.18515390779776,9.765533739040848,6.743077430171054,3.0224563088697938
110,0,53.82020360986333,12.248428826893958,8.703101101586658,3.545327725307301
111,1,69.89889947737592,16.24241713499474,12.114553528650204,4.127863606344535
112,0,50.23271111549352,3.1936230615515724,7.737224956211826,-4.543601894660253
113,0,65.57414411789095,10.152858754043995,11.388213000229209,-1.2353542461852136
114,0,63.33876894737318,14.59794000299824,11.117717412690066,3.4802225903081734
115,0,56.04478740203464,8.998287755990283,9.332036522244016,-0.3337487662537324
116,0,46.821722046499545,10.952728920987012,6.895294766393571,4.057434154593441
117,0,62.788550731256855,13.994999050595904,11.032446040157302,2.9625530104386026
118,1,69.15852114302831,20.534828362681107,11.930797718143602,8.604030644537506
119,0,51.081758576775,3.1076995982412754,7.95778108761475,-4.8500814893734745
120,0,49.873121301732205,8.201499959215782,7.645441037703828,0.556058921511954
121,1,60.55090683095953,5.931195241884812,10.568574329329175,-4.637379087444363
122,0,53.002172307353696,5.377193144854696,8.475989247632995,-3.098796102778299
123,0,50.536623445592525,4.595485818367323,7.815527214476722,-3.2200413961093988
124,1,61.474897755605895,2.8386004643641702,10.78055004094944,-7.9419495765852695
125,1,60.446166573154485,14.39667918889554,10.543055395154283,3.8536237937412565
126,0,60.119408457040464,6.853795539224623,10.461738927689062,-3.607943388464439
127,0,55.40638235289867,3.354465454852752,9.150428025425487,-5.795962570572735
128,0,67.66259020297197,11.674040994482468,11.65112282203586,0.022918172446606988
129,0,45.07712761058263,7.945764052535795,6.4794959050156855,1.4662681475201094
130,0,71.43404007873283,16.102532069595522,12.581895469307828,3.5206366002876948
131,0,65.58199074610901,15.793588638386446,11.389082253022748,4.404506385363698
132,0,47.417437331828175,2.5469455165837767,7.038662256382768,-4.491716739798991
133,0,53.994100807283765,3.175620612311848,8.751752599091072,-5.576131986779224
134,0,54.29326077018652,2.0421440821956,8.835711124266167,-6.793567042070567
135,0,49.668296637150725,2.512642306142556,7.593555475502991,-5.080913169360436
136,1,64.90021885396315,12.97925742620385,11.313421882988838,1.665835543215012
137,0,60.55112258922188,13.120053636674273,10.5686266103356,2.551427026338672
138,0,50.28783465522486,7.330408115759822,7.751376447398045,-0.4209683316382229
139,0,69.358396327063,6.739973401558132,11.977352491792153,-5.237379090234022
140,0,71.7777419391823,11.983454743147483,12.699601649428152,-0.7161469062806685
141,1,63.6708327099559,17.364486266465704,11.164082594360105,6.200403672105599
142,0,58.035673835139626,15.756249848218904,9.898628679135731,5.857621169083172
143,0,59.42241756954622,6.365661532782032,10.280689677794891,-3.915028145012859
144,1,71.96558925801311,11.468411142378052,12.765602249965518,-1.2971911075874658
145,1,73.32988264728816,12.774668333222497,13.273500907393613,-0.49883257417111615
146,1,65.32556540931074,11.333615251764176,11.360730956153102,-0.027115704388926076
147,0,61.66953280225373,9.000734466836828,10.821849604813988,-1.8211151379771593
148,0,70.22165680597817,6.209039984616114,12.203849442099411,-5.9948094574832975
149,0,61.04681549791041,14.308577554155544,10.685441572681054,3.6231359814744906
150,0,50.347616334977815,6.593333503368686,7.766749011642259,-1.1734155082735729
151,0,48.49844143252217,12.375337369505615,7.3020619558521,5.073275413653516
152,0,70.68403873152855,17.339597645486137,12.340552821048448,4.999044824437689
153,1,70.6397560338407,18.233057851979503,12.327036353028488,5.906021498951015
154,1,60.056710380105045,14.236893584134672,10.44585616181749,3.7910374223171814
155,0,46.15268013598988,7.835367452670415,6.735333074042314,1.1000343786281004
156,0,55.19467167888156,16.433547686265246,9.090342544524207,7.3432051417410396
157,0,50.87931271406106,3.267629076000843,7.90467386983902,-4.637044793838177
158,0,60.431962050272325,12.026850868123596,10.539573494407538,1.4872773737160578
159,1,66.66210037482783,6.972897937713745,11.514055881492844,-4.5411579437790985
160,0,51.30702523097042,12.523314858702577,8.017254453832756,4.506060404869821
161,0,70.28219321224854,11.065350949117732,12.221174756864484,-1.155823807746751
162,1,66.36834239303685,12.550297522612023,11.478519722003725,1.0717778006082987
163,0,55.5124833008923,10.74378516609389,9.18057100328668,1.5632141628072098
164,1,69.77123379517398,12.164868534615772,12.08071279902185,0.08415573559392264
165,0,55.77259771030271,13.746933426995676,9.25454201050722,4.492391416488456
166,0,56.684166330908496,12.948245203229138,9.514271559940545,3.433973643288594
167,0,65.4540683881871,13.291430033102229,11.374929756802754,1.916500276299475
168,0,65.02430481007899,12.388013657083729,11.32731656012182,1.060697096961908
169,0,58.14543892280064,11.257343010291413,9.929575050901793,1.32776795938962
170,1,64.29423064079174,7.483204638476637,11.243214747945611,-3.7600101094689746
171,1,67.17945578519377,12.01136774241414,11.581283665953796,0.43008407646034463
172,0,64.04507879870792,12.030973496228686,11.212646643697715,0.818326852530971
173,1,67.47038061283229,14.791716080754338,11.622398017684061,3.1693180630702766
174,0,52.24161049052629,7.043737175440778,8.267919306085792,-1.2241821306450147
175,0,48.3276828130747,8.062534239514473,7.260122444762501,0.8024117947519729
176,0,58.50625732780008,13.300581863112589,10.030646786770243,3.269935076342346
177,0,59.04557089219944,6.67683056360648,10.179218069145342,-3.502387505538862
178,1,72.87145399707084,18.35091607013047,13.098013220496377,5.2529028496340935
179,0,49.28729562736823,9.904277027934953,7.497755475348533,2.40652155258642
180,1,73.93320460020163,8.13880590424376,13.509744582182606,-5.370938677938845
181,0,46.88667637019574,2.1720899151769735,6.910878202068209,-4.738788286891236
182,0,69.31029040735831,12.933170638842611,11.965934066562424,0.9672365722801874
183,0,61.61143339529764,10.273670912169372,10.809654422200865,-0.5359835100314925
184,1,69.09902537179076,14.007302054160066,11.917397106203609,2.089904947956457
185,1,58.64356379088012,18.63347640586852,10.068791777786487,8.564684628082034
186,1,65.82666382738243,5.064493119463801,11.416325778166929,-6.3518326587031275
187,0,50.36920187644296,9.757998469547983,7.772306131247655,1.9856923383003284
188,0,51.15572585463805,2.155148321845097,7.9772660615203055,-5.822117739675209
189,0,64.66562081934103,13.026879637311886,11.286790781978882,1.7400888553330045
190,1,67.0780082547752,12.371593604980374,11.567552382868515,0.8040412221118594
191,0,49.93931708698884,5.01344266510283,7.662269654700483,-2.6488269895976533
192,0,58.990760039304135,10.662122348291184,10.16428418292846,0.4978381653627242
193,0,58.197198994781274,6.927823887562441,9.944138979127304,-3.016315091564863
194,0,53.372404166711725,5.9380535950719775,8.578395622808166,-2.640342027736189
195,0,53.87757011487513,4.787070456748202,8.719137585063784,-3.932067128315582
196,1,62.520821707235385,12.286328006580389,10.986528071385525,1.299799935194864
197,0,69.03677869087277,10.982594859085278,11.903605195258436,-0.9210103361731576
198,1,59.81117388854885,18.7950877310527,10.382850762106566,8.412236968946134
199,0,50.50297707227314,6.329935875508537,7.8068240715396655,-1.4768881960311289
200,0,49.31872033304866,5.885930836038647,7.505623263452933,-1.6196924274142859
201,0,54.057949284500175,8.072662777570127,8.76964454310281,-0.6969817655326835
202,0,68.11758672351456,5.479135181493932,11.724825702433145,-6.245690520939213
203,1,65.83025852224678,16.02540239677507,11.416728661284855,4.608673735490216
204,1,70.36834774268306,12.920404277406302,12.246136021389326,0.6742682560169762
205,0,49.452115566933045,1.710476039834104,7.539087771306405,-5.828611731472301
206,1,59.55337551673836,12.185564052463198,10.315411564826249,1.8701524876369486
207,1,60.652031443449,5.274945072189266,10.59294638853043,-5.318001316341165
208,1,70.96505640689278,17.524073685310704,12.428307098028627,5.0957665872820765
209,0,58.553362117912855,4.74327757822212,10.043754843090452,-5.3004772648683325
210,0,48.48033679288325,5.270323827512853,7.297608743862483,-2.02728491634963
211,0,63.11370004191431,12.415922494930832,11.084221490781502,1.3317010041493305
212,0,61.642115960569456,13.979337998380306,10.816109029885821,3.1632289684944848
213,0,48.05260708607875,1.6875930290490837,7.1928420108091276,-5.505248981760044
214,0,55.9320397256087,8.485747015442962,9.299927057065378,-0.8141800416224161
215,1,73.33011720258713,20.952332906048067,13.273591694997647,7.67874121105042
216,0,60.21879486175765,3.9537823305950575,10.486735718073016,-6.532953387477958
217,0,56.51423229781549,11.212634844785985,9.46582391126131,1.7468109335246744
218,0,57.131639000596905,10.062597481461143,9.641819532279863,0.4207779491812804
219,1,60.42208280086184,14.642908158676144,10.537148898223647,4.105759260452498
220,0,55.92783545422287,6.991664646287491,9.298729957726263,-2.3070653114387714
221,1,68.11761166681282,11.753647216991835,11.724829982883588,0.028817234108247547
222,1,58.874301974441686,9.542429917805482,10.132420031888127,-0.5899901140826458
223,0,52.38065780038894,9.076480837291529,8.30570747900523,0.7707733582862986
224,0,72.24528469070472,13.238344144059742,12.865879077232645,0.3724650668270968
225,0,63.984459691666494,9.18686034251507,11.205012311691565,-2.018151969176495
226,0,57.70407472673797,5.12564894225396,9.804726051794194,-4.679077109540234
227,0,56.81389538153928,15.180609623316505,9.551256289682664,5.629353333633841
228,0,71.99741826736896,9.2335283707762,12.776895619323415,-3.5433672485472147
229,0,46.66910321667657,4.92086247797688,6.858720618046741,-1.937858140069861
230,0,48.83106465317826,7.19486725610183,7.384169144384547,-0.1893018882827171
231,0,52.4750021136682,4.643055862125098,8.331413785213416,-3.6883579230883177
232,0,46.62643490729279,6.089740863255244,6.848505262744227,-0.7587643994889826
233,0,57.76368656444759,7.510545271587152,9.821644934543848,-2.3110996629566953
234,0,57.3652130902919,10.87396064293689,9.708351274666494,1.1656093682703954
235,1,73.94415282106355,20.18490761744368,13.514074825275564,6.670832792168117
236,0,61.72071050680509,10.2397478423225,10.832496440012296,-0.5927485976897966
237,1,70.58018316014606,10.190708956254896,12.308990837022325,-2.1182818807674284
238,0,66.10108586253565,10.599736664189628,11.447406359900869,-0.8476696957112413
239,0,71.92287927440954,8.734333855523444,12.750497535257635,-4.016163679734191
240,0,48.14620804994725,3.692002601615744,7.215698347604555,-3.5236957459888107
241,0,48.51487848132087,3.3215158675603997,7.306106366833245,-3.9845904992728456
242,0,52.84241642464093,12.222635488405244,8.43201527024652,3.7906202181587236
243,0,47.467302076426485,11.119675758720287,7.050712789056625,4.068962969663662
244,0,63.26051253519864,14.906452500637908,11.106273449531468,3.80017905110644
245,0,47.10516100010014,3.820633610814757,6.9633787773806874,-3.1427451665659305
246,1,68.61067464492929,15.38258113031088,11.81521422818278,3.5673669021281
247,0,64.3851057790685,11.46832829962268,11.254073676671057,0.21425462295162312
248,0,74.35082322063639,7.056156115979873,13.675717079286942,-6.619560963307069
249,0,52.68504775161785,10.67127976396625,8.388832985854199,2.2824467781120514
250,1,65.93324876769748,15.35367045896094,11.428314353166146,3.925356105794794
251,1,61.061572057273445,12.18675817744642,10.688813121412243,1.497945056034176
252,0,63.24548608382288,7.5917855563009535,11.104051821690566,-3.512266265389613
253,0,67.38952149205664,10.092644783475585,11.610697890628293,-1.5180531071527081
254,0,72.20298168588185,9.794409351709312,12.850565840733832,-3.05615648902452
255,0,51.2437285920366,8.532119523925301,8.000503795916314,0.5316157280089868
256,1,58.866481704601775,8.026517858570756,10.130274030618052,-2.103756172047296
257,0,56.72286083592102,13.22482499333482,9.525303286938437,3.699521706396384
258,1,69.63814139218145,16.860882299146294,12.046361366857841,4.814520932288453
259,0,57.19927898370173,8.766716439383318,9.66109088966141,-0.8943744502780913
260,0,68.68847045462053,10.505752479933488,11.830598601839755,-1.3248461219062673
261,0,46.691189359445,11.297725215908052,6.864009976905481,4.433715239002571
262,0,56.22842243314805,7.9853846998463505,9.384356415448021,-1.3989717156016708
263,0,52.6914663504567,2.2830920119255325,8.390591578221668,-6.107499566296136
264,0,49.97518720341464,-0.9144061796294202,7.671401256828166,-8.585807436457586
265,0,57.433265662782006,8.979728150516383,9.727725417827696,-0.7479972673113124
266,0,47.92836181818129,6.435521479994886,7.162559771292862,-0.7270382912979763
267,1,59.20161743719184,16.414327411756403,10.221500450320633,6.19282696143577
268,1,60.00966215921024,8.90676621652451,10.433881555581868,-1.5271153390573584
269,0,50.35131539917236,5.791810042466446,7.767701076360113,-1.9758910338936664
270,0,45.75050624326007,0.8493356776236051,6.639546728587994,-5.7902110509643885
271,1,66.04150987004326,14.003918250511012,11.440595666039318,2.5633225844716936
272,0,56.53099285836888,12.7871388561036,9.470602161926038,3.316536694177561
273,0,59.462749908902445,9.510090180411794,10.291414962377631,-0.7813247819658375
274,0,54.8080127422958,5.3676108392938895,8.980853086623005,-3.613242247329116
275,1,71.18276663138336,12.36945211870392,12.49854194598257,-0.1290898272786496
276,0,46.811968858920125,6.833806837198787,6.892955770892962,-0.05914893369417484
277,0,50.81391875065982,11.180695190282012,7.887590087524063,3.2931051027579494
278,0,51.79707967720567,3.2684475795150494,8.147940435698299,-4.87949285618325
279,0,51.137042110827245,10.92421770876153,7.972340216336729,2.951877492424801
280,0,48.447024668365465,12.426719656317871,7.289419064134295,5.137300592183577
281,0,58.531534518558765,11.17582194023086,10.037683547931518,1.138138392299341
282,0,56.50470911847678,8.060913880678733,9.463108981462195,-1.4021951007834623
283,0,49.998831908989935,7.020724622369098,7.677425441448809,-0.6567008190797106
284,0,49.9648050085555,2.7675914220403115,7.668757308120831,-4.90116588608052
285,0,72.45726484204089,9.087073400164888,12.94335582024895,-3.856282420084062
286,1,73.29124260084491,15.75325641800996,13.258557662874898,2.4946987551350617
287,0,50.70880843464826,6.638496689011036,7.860202814298963,-1.2217061252879269
288,1,60.576683185826326,16.527966278148995,10.574811829986125,5.95315444816287
289,0,69.73274668069342,8.093311009165603,12.070680822625361,-3.9773698134597577
290,0,46.84000468863895,8.477889689308341,6.899679931010065,1.578209758298276
291,0,55.37021429897032,7.224690412439995,9.140157229579485,-1.9154668171394897
292,1,71.61241809824858,16.45013535729848,12.642473076760538,3.80766228053794
293,0,55.968681115455134,11.309581783093886,9.310360858155107,1.9992209249387791
294,0,51.6768123525758,4.906202227132642,8.115708641590055,-3.2095064144574135
295,1,68.9746987400774,6.554426672861573,11.890081177949773,-5.3356545050882
296,0,52.4079777322336,14.333586892554,8.313145944785418,6.0204409477685825
297,1,68.58107932987203,16.23009393233342,11.80944608877905,4.420647843554372
298,1,71.72551225958344,16.419162846861195,12.681454020271921,3.737708826589273
299,0,46.56001984628471,2.4021897467339746,6.832612736946409,-4.430422990212435
300,0,65.82621897302582,13.701579333160597,11.416275926650382,2.2853034065102147
301,0,54.32175288839071,13.34868378127788,8.843723549973461,4.504960231304418
302,1,62.82429704552023,15.5100063704882,11.038348427269192,4.471657943219009
303,0,46.958824696351066,12.351769621492512,6.9282005174247425,5.423569104067769
304,0,64.83827718690293,9.914265532674367,11.306441797197905,-1.3921762645235383
305,0,63.550053045114296,7.565364997737988,11.147609307097824,-3.5822443093598357
306,1,61.31222002867933,10.427492738100415,10.745079822018491,-0.31758708391807566
307,0,54.40890472785987,5.583061164005991,8.868248480941858,-3.2851873169358674
308,1,71.81258017985664,17.43123138383182,12.711756474800334,4.719474909031485
309,1,61.043621514914086,16.439754698304085,10.684710975073493,5.755043723230592
310,0,46.889858598646846,8.438356319951353,6.911641942613341,1.5267143773380125
311,1,59.70668639421041,9.56822574184069,10.355668925495245,-0.7874431836545543
312,1,62.1302346942104,15.360755552091693,10.914346371403154,4.446409180688539
313,1,63.320463920285306,10.870573028743287,11.115059273173204,-0.2444862444299165
314,0,57.658945492411135,8.743035904660267,9.791908808136473,-1.0488729034762052
315,1,73.60878096500186,14.182574798175716,13.382076106902234,0.8004986912734822
316,1,73.60641285070693,16.901267192006323,13.38114924968099,3.5201179423253333
317,0,73.61880884313547,17.69904024498507,13.386001800475999,4.313038444509072
318,1,67.55796475056349,12.91749707464272,11.63532351279215,1.2821735618505699
319,1,61.40982304734901,9.209109926756275,10.766463039889638,-1.557353113133363
320,0,51.63897652633026,14.919176820812046,8.10558955455175,6.813587266260296
321,0,68.80009493588307,5.056793162169147,11.8532470481418,-6.796453885972652
322,1,69.65035864026267,12.639980805285123,12.049474559617803,0.5905062456673207
323,1,72.00907496105458,18.45008041373838,12.781039361144808,5.669041052593572
324,0,58.207253328299984,6.932619308242455,9.946965717923517,-3.0143464096810613
325,0,54.386739275927184,14.662899618004102,8.862008696422883,5.800890921581219
326,0,61.5214584524349,10.769533915614202,10.790544470279125,-0.02101055466492241
327,1,71.79009462139143,12.138359708512866,12.703906868990394,-0.5655471604775286
328,0,54.2447309996009,9.712614952552515,8.822070057299019,0.8905448952534964
329,0,48.25894179289264,8.781603582279553,7.243277556694497,1.5383260255850564
330,1,66.6336654389086,12.767681026574015,11.51054386673503,1.2571371598389849
331,0,49.873922879172525,3.789322699043293,7.645644640546786,-3.8563219415034933
332,1,70.3831602253176,16.7311903444732,12.250463170558408,4.480727173914794
333,1,69.79644222173336,13.254014888947296,12.087326524572019,1.1666883643752772
334,0,53.27088176295075,5.5432949706562615,8.550248075549613,-3.006953104893351
335,0,53.662710316856064,7.107746649064849,8.659143372739807,-1.5513967236749586
336,0,46.492006265967255,-1.792249007437008,6.8163475654832295,-8.608596572920238
337,0,56.7535376438259,13.879355919778902,9.534049076538345,4.345306843240557
338,1,63.198260946547805,8.936524627815805,11.097017786658501,-2.160493158842696
339,0,46.05124565655422,5.74521645251538,6.7111535437875816,-0.9659370912722016
340,0,49.52940641509471,6.687989865504224,7.558527620169778,-0.8705377546655546
341,0,70.73247029222117,9.650454161120583,12.355434636072994,-2.7049804749524107
342,1,60.10773623171348,7.532077513270771,10.458788670102532,-2.926711156831761
343,0,62.57155909095148,14.166938947656412,10.995458547267617,3.171480400388795
344,1,58.33972837255379,10.237203197314248,9.98413640037939,0.2530667969348581
345,0,54.23579912981175,7.6000151714558415,8.819560298245966,-1.2195451267901243
346,0,49.61729060571129,3.3359886351329227,7.580677523670871,-4.244688888537948
347,0,67.20783951989709,9.50989752835336,11.58517892388394,-2.075281395530581
348,1,66.62120442871344,18.7852602735177,11.50901003064909,7.27625024286861
349,0,46.019925092525696,5.632597339445144,6.703690563033248,-1.0710932235881048
350,1,61.41293511818745,11.615802516592948,10.767139841034695,0.8486626755582538
351,1,62.292033402672544,5.415131650408858,10.9449712635238,-5.529839613114943
352,0,58.07091021284378,14.67611622705834,9.908571630059537,4.767544596998803
353,0,55.299997955504246,12.462923198828994,9.120224424956001,3.3426987738729927
354,0,56.62158577798894,6.7027288659750655,9.496429844411557,-2.7937009784364912
355,0,74.89658265189264,18.64311779735637,13.894225430554647,4.748892366801725
356,1,61.828777597182224,8.82308690082487,10.854679787414954,-2.031592886590083
357,0,55.579459210054175,11.93021767105792,9.199608110608652,2.730609560449267
358,0,57.73083466207294,11.445456213799613,9.812322703107958,1.6331335106916551
359,0,58.43317661027852,12.141259401000626,10.010267361057943,2.130992039942683
360,0,59.2097684794414,16.823514242293868,10.223699147032972,6.599815095260896
361,1,64.68188405884088,9.062062164183104,11.288655539294528,-2.226593375111424
362,1,58.55009973480146,11.916907712236975,10.042847726037557,1.874059986199418
363,0,48.437746192459706,7.660311916247891,7.287138927437032,0.37317298881085925
364,0,57.4217701693159,12.454154533039636,9.724453174711782,2.729701358327855
365,0,54.68744527883056,1.99641535810994,8.94678816766033,-6.95037280955039
366,0,46.60546589474162,4.408330233485169,6.84348651361262,-2.435156280127451
367,0,46.465936499543005,3.882369339224152,6.810115642120013,-2.927746302895861
368,0,64.2337541849154,9.710168153320371,11.2359069369965,-1.525738783676129
369,1,73.51797327420522,18.391537669213072,13.346592970918143,5.044944698294929
370,1,58.9996070569788,11.392824888342153,10.166697452622156,1.226127435719997
371,0,45.14086405212821,9.25437189998044,6.494636460896633,2.7597354390838067
372,1,59.043204867916266,9.45706278399613,10.17857427574141,-0.7215114917452787
373,0,45.11822309731965,0.9011807031433248,6.489258046873816,-5.588077343730491
374,0,63.03240444309387,8.65008656021259,11.071668010154736,-2.4215814499421473
375,1,64.54641116381293,14.71393785209828,11.273021943072713,3.4409159090255663
376,0,51.92252760169134,7.418131432986665,8.181666587063882,-0.7635351540772168
377,0,64.66773334575065,9.97637394642657,11.287033181588438,-1.310659235161868
378,0,52.85982666428559,5.577185486927464,8.436800984667375,-2.8596154977399113
379,1,65.43065467507702,5.699576426589437,11.372342362290912,-5.672765935701475
380,0,55.08448904409368,3.129690199667793,9.059107374681481,-5.929417175013688
381,1,71.7297783622261,8.78223472171731,12.682932911152818,-3.9006981894355075
382,0,51.93653324542712,13.842803749935008,8.185438539471026,5.657365210463983
383,0,62.14290794246405,9.588174806868876,10.9167811824691,-1.3286063756002235
384,0,58.601995992323495,4.810141536279054,10.057264637183248,-5.2471231009041945
385,0,66.8238523152003,13.736288169974884,11.53436672577072,2.2019214442041637
386,0,71.88736558645584,17.55977687323513,12.737981451672043,4.8217954215630865
387,1,64.98016744456548,10.026696954488887,11.32238635823461,-1.2956894037457225
388,1,60.38585104550277,10.082203191977394,10.528236320109425,-0.4460331281320311
389,0,48.569245269615486,13.223176765890258,7.319492982711098,5.903683783179161
390,0,46.582891597769965,14.22734774495116,6.83808464544008,7.38926309951108
391,0,52.77775399299759,7.546541792695233,8.414255281910314,-0.8677134892150811
392,0,47.10959432975906,7.164016673649544,6.9644454726904295,0.19957120095911485
393,0,63.76939194376493,15.398547892117373,11.177219549502569,4.221328342614804
394,0,58.685986583546594,13.546939221835387,10.080536596193474,3.466402625641914
395,0,47.92417799857894,11.783219492638697,7.161541156920049,4.621678335718648
396,0,57.263261779205365,6.099451780305299,9.679316996335832,-3.579865216030533
397,1,74.7200752831044,14.739670826580555,13.823444333742538,0.9162264928380175
398,1,62.45321871129782,16.142405697535953,10.97446637491413,5.167939322621823
399,0,70.69768800606084,10.276137375029482,12.344736485410522,-2.06859911038104
400,0,48.626756760003246,6.566595887034321,7.333669847238412,-0.7670739602040912
401,0,73.98177762694375,18.277694084121418,13.528965913243166,4.748728170878252
402,0,53.31798166517488,13.217243144473148,8.56330069089493,4.6539424535782175
403,1,58.31989800198525,10.413062564099492,9.978581398008892,0.4344811660906007
404,0,67.47860976474782,7.913859268272456,11.623601134101579,-3.7097418658291224
405,0,52.49944540188418,10.81144012971385,8.338082565177322,2.4733575645365278
406,0,45.007233685077445,6.193132462394988,6.46289308398305,-0.2697606215880617
407,0,69.07417525753856,8.340532909603112,11.911863058673017,-3.5713301490699045
408,1,67.00324203757134,10.567976468941255,11.557616122489431,-0.989639653548176
409,1,70.32845854257354,8.343139490430737,12.234534982212542,-3.8913954917818057
410,0,52.73643439728723,5.700140312945336,8.402918556063273,-2.7027782431179377
411,1,60.373091246921874,12.560663421354812,10.525089951078968,2.0355734702758443
412,0,71.54343144843025,13.287806945584494,12.618911314970964,0.6688956306135303
413,1,60.47590009117887,10.783612513113356,10.550327663175311,0.23328484993804466
414,1,65.92777003422499,6.897953174462872,11.427695800871781,-4.529742626408909
415,1,64.63521075260273,6.647521019955386,11.28329547929021,-4.635774459334824
416,1,73.49883955377206,15.971995833039989,13.33913207374789,2.632863759292098
417,0,71.08864224887276,15.234207404000832,12.467943760872128,2.7662636431287044
418,1,73.52657443518001,16.023763012543792,13.349948663822614,2.6738143487211783
419,0,46.450909716725775,6.476279190149201,6.806524148770139,-0.3302449586209377
420,0,54.128649951513694,8.562051404005937,8.789474093557867,-0.2274226895519309
421,1,72.34159584092836,17.985254383419335,12.900929138518752,5.084325244900583
422,1,62.56606427601711,10.639306057086332,10.994496474333456,-0.3551904172471243
423,0,53.93234924347834,8.147418980435502,8.734462850842885,-0.587043870407383
424,1,58.30623106176354,6.214896533552519,9.974751003936953,-3.7598544703844343
425,0,63.07940162838892,10.942905136468616,11.078955775964278,-0.13605063949566265
426,0,53.61882461653547,5.982038859755457,8.646912962717108,-2.664874102961651
427,1,66.1890958066399,8.405859444728621,11.457544627771389,-3.0516851830427676
428,0,49.156242345706985,13.302875003458109,7.46500658585121,5.837868417606899
429,0,53.39664618364476,15.10097714556136,8.585123966894583,6.515853178666777
430,1,71.46646243091628,21.16401821833423,12.592821699746255,8.571196518587977
431,1,61.99344743434264,14.151589738495742,10.887684388668683,3.263905349827059
432,1,62.82640770455325,17.205744665565394,11.03869524968936,6.1670494158760345
433,0,59.085283961375154,9.567091843908447,10.19001219690164,-0.6229203529931926
434,1,62.316733727926525,15.090585318774124,10.949557594576484,4.14102772419764
435,1,62.74662553556881,14.812359331226396,11.025454135782647,3.786905195443749
436,0,56.39082614807144,8.203728080186982,9.430644265742133,-1.226916185555151
437,1,68.13278677557246,13.352179078059718,11.727439315285572,1.624739762774146
438,0,68.68916012035484,6.243977805172668,11.830736439385607,-5.586758634212939
439,0,61.522189391124336,5.569960960536407,10.790700800340156,-5.220739839803749
440,1,61.91296374344626,16.679827354390593,10.871675158654087,5.808152195736506
441,0,59.798402234678285,11.902067268405633,10.379539751603525,1.522527516802107
442,1,71.63336285795256,12.978347028418993,12.649659306125754,0.32868772229323895
443,0,50.976185265641554,10.172809384892837,7.930045158083962,2.242764226808875
444,0,46.883268368471285,9.591629897451675,6.910060304872954,2.681569592578721
445,1,74.38354195064505,19.98207788604124,13.68877835432156,6.293299531719679
446,1,65.26764423208942,14.169288971734089,11.35432761423441,2.814961357499678
447,0,56.85285766946972,8.084651482684766,9.562363502411788,-1.4777120197270222
448,0,46.206120434894416,9.281240711214604,6.748078449178806,2.5331622620357983
449,0,46.75437865217301,8.214763356299098,6.879149392317046,1.335613963982052
450,1,58.88471727631878,15.812535721259362,10.135276945481122,5.67725877577824
451,0,53.290621156371685,8.794845601757249,8.555717093594678,0.2391285081625707
452,0,72.8185777405607,17.148521036473863,13.078046760709206,4.070474275764656
453,1,70.02950676506538,19.92792165244748,12.150053245117997,7.777868407329484
454,0,68.69504511352838,11.677972110522369,11.831913670441482,-0.1539415599191134
455,0,57.46918662665568,11.261726266018965,9.737949067672318,1.5237771983466466
456,0,54.39383210252909,12.5520866663204,8.864005223601563,3.688081442718838
457,0,74.25705065551361,19.21694047879992,13.638323328272904,5.578617150527016
458,0,55.145392228147735,10.951407926139147,9.076369333128874,1.8750385930102738
459,0,67.01551274393613,9.871081330783484,11.55923652769156,-1.6881551969080757
460,0,45.4399200439879,11.755519577422428,6.5656930509754075,5.18982652644702
461,1,73.87504632126851,11.565326492988763,13.48676390243195,-1.921437409443186
462,0,62.00505447931442,2.431861370971207,10.889973684910862,-8.458112313939655
463,0,51.83621203672868,13.69327695539998,8.158449524609043,5.534827430790937
464,1,63.53607459449942,10.697824926858514,11.145674933341652,-0.44785000648313833
465,1,60.00689766326053,9.796093305043689,10.433176461108769,-0.6370831560650796
466,0,58.40276208348641,15.113786111254273,10.001771129628946,5.112014981625327
467,1,59.76009412088896,14.855593043748025,10.369589211226115,4.486003832521909
468,0,59.91751873875601,5.121352088400617,10.410292931604717,-5.2889408432041
469,0,58.43259880289782,5.7343731666138975,10.010106031150771,-4.275732864536874
470,0,58.619237743544666,6.313051609492635,10.062048186711698,-3.7489965772190628
471,0,51.43279881274769,11.345576615933744,8.050628521397488,3.294948094536256
472,0,56.70042057734983,2.990402497132334,9.518905627411945,-6.528503130279611
473,0,51.30484145231621,7.362858900053093,8.016676037031624,-0.6538171369785317
474,1,74.62067319544587,7.088171954376276,13.783617666196301,-6.6954457118200255
475,0,63.492011993212216,12.327814909636686,11.13953839629217,1.1882765133445155
476,0,53.435891651548005,5.377353587869012,8.596022235428958,-3.2186686475599453
477,0,50.79450772894759,2.4911782672603664,7.882525735608201,-5.391347468347835
478,0,51.571083494182254,3.74894844492571,8.087457288159797,-4.338508843234087
479,0,66.50891303073487,9.939331558670979,11.495325897433675,-1.5559943387626962
480,1,59.04184463304341,7.026948475001367,10.178204121457597,-3.15125564645623
481,0,74.4306438579884,10.32118718611085,13.707592983657563,-3.386405797546713
482,1,66.49764516334793,9.955255047032596,11.493965953005418,-1.5387109059728221
483,1,66.81801433024755,16.35831426770509,11.533623357702053,4.824690910003037
484,0,53.19600224693775,15.060602197178872,8.529518927799971,6.5310832693789
485,1,60.50102488964456,13.986614192748153,10.556455514419019,3.430158678329134
486,0,61.71994505989124,6.696754318733836,10.832337863128288,-4.135583544394452
487,0,52.94111498414383,6.830368897541955,8.459166883577236,-1.6287979860352806
488,0,50.199882809563455,7.9535907052039825,7.728807670636951,0.22478303456703141
489,1,60.96224893155025,14.504673165190953,10.665997372197722,3.8386757929932305
490,0,67.02236537662581,15.785914753896671,11.560143198127932,4.225771555768739
491,0,71.84536896333303,8.305104177819553,12.723232351628585,-4.418128173809032
492,0,59.10134731552704,7.84053883169555,10.194371887085605,-2.353833055390055
493,0,60.62800636829358,6.290599676872641,10.587180196985118,-4.296580520112477
494,1,69.4450153836659,8.436019004112845,11.99824815705529,-3.562229152942445
495,0,45.08390440569773,5.744207478238565,6.4811057037763815,-0.7368982255378169
496,0,46.09685166244581,8.113956765304156,6.722022979544776,1.39193378575938
497,0,68.164558935235,6.4444952871765455,11.732936130176277,-5.288440842999732
498,1,58.48175410495909,12.974018785795788,10.023819481425086,2.9501993043707024
499,0,64.2982803604879,11.998487569997073,11.243701721847723,0.7547858481493499
500,0,56.42886963896044,15.272020673741528,9.44148893241203,5.830531741329498
501,0,56.59449890347084,12.881977560262682,9.488707402886014,3.3932701573766675
502,1,68.68349356791963,11.532798472146789,11.829604677512668,-0.2968062053658791
503,0,49.74547789130108,10.220325938668523,7.61307423510647,2.607251703562053
504,0,52.39381977598724,8.326029524894528,8.309290560945005,0.01673896394952301
505,0,64.97323328998877,12.891607496552046,11.32161065698817,1.569996839563876
506,0,45.65047484864856,9.54591435439224,6.615751581075394,2.9301627733168454
507,1,60.93986289491845,11.00244232298121,10.660815626579586,0.34162669640162413
508,1,72.21969002791127,10.912428641626722,12.856608020720628,-1.9441793790939066
509,1,65.98192831059794,12.632288852656274,11.433822413352715,1.1984664393035587
510,0,68.19956561881254,13.37834994361,11.739045801826506,1.6393041417834944
511,1,71.45197156685452,9.279460781539225,12.587933614444673,-3.308472832905448
512,1,65.75323296565513,14.185693884733688,11.408115147249672,2.7775787374840153
513,0,45.909990558371454,10.079462543900869,6.6775063040599605,3.4019562398409082
514,0,63.25806168403463,14.796995119142398,11.105911635666185,3.6910834834762127
515,1,66.06112824194554,18.585015354189164,11.442834053184317,7.142181301004847
516,0,52.95781028909441,8.266478569503889,8.463764800561144,-0.19728623105725518
517,0,46.37084791779089,10.883544760979944,6.787396412718544,4.0961483482614005
518,1,74.20113210974294,10.172383557641306,13.616055580513327,-3.443672022872022
519,0,68.73878804157053,15.412910222744603,11.840723092998955,3.5721871297456484
520,0,57.39700218347826,9.426192135413075,9.717402196568528,-0.29121006115545356
521,1,60.359188201104416,11.915724266132226,10.521657191350121,1.3940670747821056
522,0,45.458695632099214,10.286809222785982,6.570155594339208,3.7166536284467737
523,1,70.67707878383074,8.561696060095635,12.338422675961034,-3.7767266158653996
524,0,66.22937962343228,14.413845457803342,11.462218404549928,2.9516270532534143
525,0,46.05845776607775,7.6404876591808355,6.712872226220807,0.9276154329600281
526,1,67.52378950136259,9.02520249422875,11.630248114905159,-2.6050456206764085
527,1,71.72158070519964,8.478852225612702,12.680091643023998,-4.201239417411296
528,0,54.77836338694621,4.37042389771438,8.972472397678958,-4.602048499964578
529,0,61.048231753919296,12.059665714586489,10.685765433838595,1.3739002807478933
530,1,61.856289289859085,15.886776124635782,10.860261614016267,5.026514510619515
531,1,70.83546713288013,15.751939957563792,12.387421608686132,3.3645183488776595
532,1,63.0987448727042,9.321100823678963,11.081930909574552,-1.7608300858955896
533,0,45.832452008365,2.3460636091558884,6.659047367983582,-4.312983758827694
534,1,74.83082255001437,12.24791012316337,13.867848469942304,-1.619938346778934
535,1,71.67388437695632,15.671491324461895,12.663605133454055,3.00788619100784
536,1,74.71792807811715,10.21141441105062,13.822583703377802,-3.6111692923271814
537,0,57.35858147110668,16.197298086066574,9.706462989629527,6.490835096437047
538,1,60.3951479986465,9.651920277406077,10.53052631531454,-0.8786060379084635
539,0,49.365363158644776,9.060876579484871,7.517312129995899,1.5435644494889722
540,0,51.38739930373646,10.454147621550232,8.038568108251047,2.4155795132991855
541,0,59.68409096716022,7.859930969305525,10.349763169847028,-2.4898322005415032
542,0,62.694933068145694,17.766662997633208,11.016730708858137,6.749932288775071
543,1,67.78471186652732,16.026667560699003,11.670082176437656,4.356585384261347
544,0,46.14297771766954,-0.4674226844643159,6.733019566033677,-7.200442250497993
545,1,69.04055433350631,14.624867822569955,11.904435114677826,2.7204327078921295
546,1,69.73396281029707,15.098023575826776,12.070996599442434,3.0270269763843416
547,0,59.73741512071892,14.393667374124778,10.363684836161033,4.029982537963745
548,0,54.464284266845596,8.840725774419916,8.883845128553512,-0.04311935413359613
549,0,52.88860435290648,3.3847626027785696,8.444714941071867,-5.059952338293297
550,1,72.50997511513523,13.649351544109416,12.962805721846694,0.6865458222627225
551,1,73.85931610580172,22.52961337729519,13.480554818984468,9.04905855831072
552,0,47.18407394923823,5.617679222503526,6.982374561759379,-1.364695339255853
553,0,62.66938534571402,10.36753921357977,11.012377824854434,-0.6448386112746647
554,0,54.89739278125743,10.063138574234353,9.00613098362416,1.0570075906101923
555,1,72.0889098435401,11.117392713273468,12.809529873839212,-1.6921371605657445
556,0,65.45055736738583,11.672259576437533,11.37454172913552,0.2977178473020121
557,1,72.77212856832621,14.981116462589926,13.060558484132756,1.92055797845717
558,0,60.67701379294467,9.877118396794515,10.598926208604498,-0.7218078118099829
559,0,53.76526741370036,3.959676400668827,8.687756361145825,-4.728079960476998
560,0,53.56058065722226,7.29566138038153,8.630693874285551,-1.3350324939040217
561,0,48.67545674020021,4.468466606737628,7.345687634194377,-2.8772210274567485
562,1,62.233328339838565,15.730605523674868,10.93397583978748,4.796629683887387
563,0,66.57304041620819,12.128765746417264,11.50311073970055,0.6256550067167144
564,0,60.42300648416474,11.416880487483356,10.537375693195534,0.879504794287822
565,0,57.51013279143783,10.533491262151273,9.749600000983346,0.783891261167927
566,1,60.32149206327635,10.065531887853082,10.512326384207876,-0.4467944963547943
567,0,53.25231962435265,9.658180887898876,8.545106930802975,1.1130739570959012
568,0,56.34047025388681,1.3572425003490496,9.416290655466753,-8.059048155117704
569,0,48.98813595009078,13.117276964147027,7.423143100442962,5.6941338637040655
570,1,62.50585742068552,17.911436826081225,10.983874097491553,6.927562728589672
571,1,69.53011240221895,17.244713260426106,12.019191597280125,5.225521663145981
572,0,71.98678966136539,12.464309226959926,12.773120973972668,-0.30881174701274183
573,1,74.78198460209214,19.13670018138924,13.848263576347172,5.288436605042069
574,0,47.7616502616598,6.49076554426119,7.122025256458905,-0.631259712197715
575,0,70.59435126010641,11.550153862637895,12.313268120283865,-0.7631142576459702
576,1,58.88853849224177,8.910855604478785,10.13632475724249,-1.2254691527637043
577,1,67.72060868957053,9.27901780102708,11.660058953019899,-2.381041151992818
578,0,65.15095837038427,17.06999439655073,11.341404375876325,5.728590020674405
579,0,68.51813180638314,8.980671052258936,11.797329626200982,-2.816658573942046
580,0,61.116307312998806,11.549953118723932,10.701262650349035,0.8486904683748975
581,1,66.43307219289778,19.29827760207516,11.48621636666623,7.81206123540893
582,1,61.12257506060496,10.646224090319627,10.702682555357894,-0.05645846503826668
583,0,57.958092049563504,8.247594050896579,9.876709990865539,-1.62911593996896
584,0,58.579009278346966,3.6054591199182457,10.05088232137548,-6.445423201457235
585,0,50.050614120446795,10.14610307272184,7.690632060583233,2.4554710121386067
586,1,60.35309095941678,6.9435582341830155,10.520150269679753,-3.5765920354967378
587,0,70.8405178795245,15.57126409668098,12.389001883867627,3.182262212813354
588,0,54.042066426323046,9.887664114094472,8.765192354892669,1.1224717592018028
589,0,45.35562513494287,9.101268361109476,6.545660491717904,2.5556078693915714
590,0,46.7911098490113,6.990954659090811,6.887954192381596,0.10300046670921503
591,1,66.62905757946785,13.0937957058625,11.509976313371883,1.583819392490616
592,1,58.80470653247524,12.91713179590683,10.113295167586061,2.8038366283207683
593,1,71.75387296011239,7.611800979023657,12.691296952562421,-5.079495973538764
594,1,62.86196323575646,10.147185670761122,11.04450971007461,-0.8973240393134887
595,1,58.977698279667024,8.931650864100526,10.160719285634755,-1.2290684215342296
596,1,65.39204644574329,18.1523756288814,11.368076605065884,6.784299023815517
597,0,74.73945949268662,14.122598111161016,13.831214368816036,0.2913837423449799
598,0,58.56918464245721,12.761852365843076,10.048152805792826,2.71369956005025
599,0,60.433281592989445,5.0932496573317625,10.539897158757528,-5.446647501425765
600,0,46.1834722561941,5.448144856891206,6.742676347333628,-1.2945314904424219
601,0,46.85930491761192,13.13688708106596,6.9043100921715554,6.232576988894405
602,1,68.72188146862979,13.041029341019556,11.837305870614557,1.2037234704049986
603,0,68.0671075969235,8.925333242658029,11.716219846554704,-2.7908866038966753
604,1,61.044512503306734,6.802812324304561,10.684914811535071,-3.88210248723051
605,1,69.09604973276733,11.68042993594914,11.91673247360719,-0.23630253765804987
606,0,60.93613635555595,13.14301827559038,10.659951644818307,2.4830666307720737
607,1,69.7592778683742,12.416794502762464,12.077587886117305,0.33920661664515883
608,0,66.48003675123053,13.793604445595571,11.491845374191705,2.3017590714038665
609,1,71.28619778065709,13.981803420183526,12.532563681337276,1.4492397388462503
610,0,61.572514131254714,11.206237584821473,10.801421450402112,0.40481613441936126
611,0,69.7229603587468,4.762552759745414,12.068142633849297,-7.305589874103883
612,1,64.72199631228091,18.138897239206617,11.293241906742008,6.845655332464609
613,0,52.179115456472765,7.34571742209569,8.250974464267527,-0.9052570421718373
614,0,50.918654335231366,3.774383180765597,7.914968407768203,-4.140585227002607
615,0,55.17462189621202,8.453805119527843,9.084656805707358,-0.6308516861795148
616,0,46.32782560010336,10.97660541663836,6.777122923589233,4.1994824930491275
617,0,54.97490667920745,9.632652772628694,9.028069066809628,0.6045837058190653
618,0,63.156602484113634,12.103527993246328,11.09074646722207,1.0127815260242574
619,0,45.965255140466155,7.785226935609024,6.690667236356659,1.0945596992523647
620,0,48.87852812922127,3.109103069270261,7.395932139004733,-4.286829069734472
621,0,63.82323568930369,13.279447679830891,11.18428648183918,2.095161197991711
622,0,59.01786188754803,11.568073942764508,10.171673585546165,1.3964003572183437
623,0,57.484711724522334,7.3215366321510675,9.742367019099493,-2.420830386948426
624,0,50.71398991894456,10.018491630108942,7.861550823292213,2.1569408068167286
625,0,46.42359450888604,4.34772712250253,6.7999968038117125,-2.4522696813091827
626,1,72.55998345116737,19.578751353016823,12.981323897201694,6.597427455815129
627,0,56.536700114204,10.693639444682123,9.472229248552468,1.2214101961296553
628,0,60.00858885258839,16.489171210682812,10.433607824343413,6.055563386339399
629,0,55.67524826204858,10.82646396342275,9.226846720709453,1.5996172427132969
630,1,60.94475800409501,16.527444768425614,10.661949933589343,5.865494834836271
631,1,69.52527143402808,14.024875093361478,12.01798925256066,2.006885840800818
632,1,68.65444527586432,12.364809324758886,11.823830150699159,0.5409791740597267
633,0,47.38980273896982,8.550296079449922,7.0319875586667635,1.5183085207831581
634,0,69.17378234801139,11.860018712322526,11.93426925023274,-0.07425053791021341
635,0,57.31877400803175,10.122901551145416,9.69512730590013,0.4277742452452866
636,1,62.76937646162632,4.5813912859449175,11.029257621449831,-6.447866335504914
637,1,71.18197584194849,9.539385762129823,12.498283423173943,-2.9588976610441193
638,1,66.91524156098191,10.47088533820724,11.546110335070768,-1.0752249968635272
639,0,69.15455387986464,10.172064880097668,11.929897544119667,-1.7578326640219988
640,0,51.46010553637044,12.816676150594787,8.057889920322367,4.75878623027242
641,0,69.4711027536004,15.91879901348517,12.004625167140741,3.914173846344429
642,0,58.30882041659648,10.312660656312126,9.97547683468916,0.33718382162296656
643,0,55.86049791648083,10.3609811033139,9.279559199073645,1.0814219042402549
644,0,54.64444892753038,12.542911941064975,8.934649700635953,3.6082622404290223
645,0,46.66299076148006,0.993697959180392,6.857256960152827,-5.863559000972435
646,1,74.0816835200743,16.84824341841399,13.568576075137573,3.279667343276417
647,1,73.98602682250302,11.781349071556942,13.530648583180957,-1.7492995116240149
648,0,55.51890135597416,13.67456315868372,9.182394953034724,4.492168205648996
649,1,65.92473229123577,10.172492513480046,11.427352952662453,-1.2548604391824068
650,1,68.03474662515744,12.191695631336035,11.71076187996647,0.48093375136956595
651,0,54.50377033970993,5.6883225745213535,8.894971481503429,-3.2066489069820756
652,0,48.09216301591553,12.441884064979858,7.202496547096916,5.239387517882942
653,1,71.99258316233063,17.358903440169286,12.77517804901846,4.583725391150825
654,0,69.35624024366439,18.320422140637287,11.976837858182707,6.3435842824545805
655,0,48.72547643164394,11.092779008406533,7.358043680791616,3.7347353276149162
656,0,66.91515173606818,12.432242928221164,11.54609869178222,0.8861442364389447
657,0,48.46374851386078,12.076482768789948,7.293529901771172,4.782952867018776
658,1,64.00976217869963,13.321978815972518,11.208208963158675,2.113769852813842
659,1,74.64627169398294,16.224383456387162,13.793870835959297,2.4305126204278658
660,0,45.53099615358344,6.424947159274409,6.587341983174545,-0.1623948239001356
661,1,58.747701063650695,8.983601989819038,10.097586121677955,-1.113984131858917
662,1,59.64886867761574,6.653920334272648,10.340537928787485,-3.6866175945148374
663,1,62.50304905617343,11.55807877145744,10.983375009536092,0.5747037619213486
664,1,64.29826365879734,12.345806092064333,11.243699714092052,1.1021063779722802
665,0,56.55928560006079,11.596774601952694,9.478668212926701,2.118106389025993
666,0,52.87374185641471,5.425535778382628,8.440627153743307,-3.0150913753606794
667,0,69.89120014197056,11.632266607132898,12.112488348872914,-0.4802217417400154
668,1,65.80863778200836,20.170832420180037,11.414306858792362,8.756525561387676
669,0,67.27569436671517,10.717126131901937,11.594589213123701,-0.8774630812217641
670,0,55.32467384256975,12.784910412472684,9.127228292679353,3.6576821197933302
671,0,54.29219089466719,15.67715526073359,8.835410311263274,6.841744949470316
672,1,71.55554933829947,13.062631298979618,12.623038001046403,0.43959329793321444
673,0,47.0551184531433,10.674864197942954,6.951342078741442,3.7235221192015118
674,0,61.4436154477312,14.373336005873265,10.773795359133507,3.599540646739758
675,0,57.155554353773326,10.20226150459558,9.6486336536603,0.5536278509352801
676,1,60.27619934831587,5.782171960116872,10.501070533476229,-4.718898573359357
677,1,63.29205257800525,9.212213234817936,11.1109110224565,-1.8986977876385644
678,1,66.80753230342751,14.817673864783544,11.532290654595894,3.28538321018765
679,0,58.118739076487394,7.602224760885679,9.922054941687065,-2.319830180801387
680,1,74.12632994464782,14.06652146758628,13.586307920623748,0.48021354696253304
681,1,65.93412308547867,17.538088000957842,11.428413088957653,6.109674912000189
682,1,73.69467059834848,20.51726385742757,13.415745062196025,7.101518795231543
683,0,56.63079270224858,10.60130450464882,9.499054737383567,1.1022497672652527
684,0,56.62232862540568,7.373794040899248,9.496641630012379,-2.122847589113131
685,1,73.24354115913705,10.96286418234044,13.240146021665334,-2.2772818393248944
686,0,60.94567249065023,9.82519612452545,10.662161764800924,-0.8369656402754746
687,1,66.8613843662006,17.673626513844606,11.539165109004127,6.134461404840479
688,0,66.95170136060817,11.001774016806332,11.550853156953483,-0.5490791401471515
689,0,67.97567292827723,8.509388891899983,11.70091544272367,-3.1915265508236867
690,0,58.174009396595686,12.050677081649804,9.9376164437757,2.113060637874103
691,1,61.39275277270122,8.046694385971568,10.762745128368785,-2.7160507423972167
692,0,64.27363839829698,14.596849327075727,11.240733983052603,3.3561153440231237
693,0,60.136227736455005,13.969426069317388,10.465984815756697,3.503441253560691
694,0,73.32807634974414,21.73395182454461,13.272801788381344,8.461150036163268
695,0,67.6535329757493,6.477154424252532,11.64973922488746,-5.172584800634928
696,0,50.6415094643358,10.593821990812952,7.8427136525407555,2.7511083382721964
697,0,63.68238018538776,12.015967103421737,11.165635599920936,0.8503315035008008
698,0,55.889774489253725,11.96764375369137,9.287893538673169,2.679750215018201
699,0,56.97443045621382,10.43213007321541,9.597017780341194,0.8351122928742161
700,0,68.78323082820123,13.585823713714992,11.849781182610572,1.7360425311044203
701,0,63.037153471984645,7.296568432184181,11.072408279981191,-3.7758398477970108
702,0,48.017557888843115,5.803711042415314,7.184292984410024,-1.38058194199471
703,0,54.01107807738815,6.632875888214244,8.756508573901913,-2.123632685687669
704,0,52.81420987600914,14.350437355724566,8.424265348250662,5.9261720074739035
705,0,47.25135559533109,12.592788361277671,6.998585336850022,5.5942030244276495
706,0,58.3390358022477,8.442572886288618,9.983942449829122,-1.5413695635405045
707,0,48.370192852264495,8.713637732183873,7.270550355267586,1.4430873769162869
708,0,46.67596732550372,7.539901983473899,6.860364366067195,0.6795376174067043
709,0,58.28816591092761,14.419593870086985,9.969685558735918,4.4499083113510665
710,0,56.36753966766453,11.807746855799993,9.424006484330823,2.3837403714691696
711,0,57.73748427987931,15.089322160644423,9.814209981240458,5.2751121794039655
712,1,74.69447603010198,10.02981455960588,13.81318465074972,-3.7833700911438406
713,1,62.97514982476485,7.380562717013662,11.06267419137539,-3.6821114743617276
714,0,60.36706786562949,8.917762124677752,10.523603308823418,-1.6058411841456657
715,0,59.54004833480345,11.389112623210307,10.311891761471607,1.0772208617387005
716,1,67.65690638425485,18.92197512236405,11.650254195432513,7.271720926931536
717,0,64.13746170353565,16.433887959779373,11.224126901595248,5.2097610581841245
718,0,65.77642580232177,10.886944398187431,11.410704639036645,-0.5237602408492137
719,0,50.62663632738103,10.19002958993504,7.838853332154337,2.351176257780703
720,1,62.789420146465744,6.623864031535782,11.032590240179708,-4.408726208643926
721,0,52.03982709354486,7.582464991792749,8.2132974958746,-0.6308325040818517
722,0,50.55947824685628,13.337030233640322,7.821443914002847,5.515586319637475
723,0,54.23947203066244,7.03753654561467,8.820592310787756,-1.7830557651730858
724,1,73.89160003542537,14.642226942256324,13.493301093642595,1.1489258486137288
725,0,63.47255189713072,16.690718444595927,11.136809082914517,5.553909361681409
726,0,66.60452358079297,15.5332884446098,11.506961683816733,4.026326760793067
727,0,70.55424110021389,11.951207531855625,12.301182569311091,-0.3499750374554669
728,0,45.0107043300248,4.834706649808348,6.4637175078568845,-1.6290108580485363
729,1,65.5902003264465,4.280959817342088,11.389991924162501,-7.109032106820413
730,0,57.338923723966815,6.671659023080872,9.700865388677919,-3.0292063655970463
731,0,48.315181385496714,10.914143190779814,7.25705737844311,3.657085812336704
732,0,50.98835924245315,11.047654384090912,7.933238932229236,3.1144154518616753
733,0,49.255191462488206,2.798384953158916,7.4897236387104,-4.691338685551484
734,1,61.81013992992197,9.371234680213806,10.850883178611479,-1.4796484983976725
735,1,73.40696948824102,16.011885978677075,13.303387958305073,2.7084980203720015
736,0,54.05644342683415,1.6984792117190173,8.76922239020997,-7.070743178490953
737,1,70.12411088428044,8.264897377922285,12.176309637403048,-3.9114122594807625
738,0,51.11476795099944,12.035709259206882,7.966471346190908,4.069237913015974
739,0,45.0267694161525,10.011033995984391,6.467533641946216,3.5435003540381755
740,0,46.99508863603268,4.768191635866739,6.936912539874947,-2.1687209040082083
741,1,69.0461644498394,15.998941464384616,11.905669845263592,4.093271619121024
742,0,51.13596761715701,14.099464692698891,7.972057016045223,6.127407676653668
743,0,47.300811539423655,10.269408763170018,7.010510186608499,3.258898576561519
744,0,52.57466185943032,6.137133535571643,8.358625571222834,-2.221492035651191
745,0,57.4592043166406,3.3070602119087398,9.735108178204074,-6.428047966295335
746,1,69.85733480967797,12.51999887950597,12.103441522869772,0.4165573566361971
747,0,46.76350488229827,6.549216444740842,6.8813367235681495,-0.33212027882730766
748,0,71.53354577044233,10.30970578369308,12.615548636093356,-2.3058428524002768
749,1,59.80101486476346,5.53097136432215,10.380217330577537,-4.849245966255387
750,0,70.4066427060324,11.086924924114305,12.257344275204394,-1.1704193510900893
751,0,49.30310764930563,3.390860296928264,7.501713586367139,-4.110853289438875
752,0,48.499853953382846,9.713874450320136,7.302409461477099,2.4114649888430364
753,0,58.54579145873664,13.657903336097972,10.041649628811145,3.616253707286827
754,0,52.60510474389078,8.923241512950284,8.366949407540519,0.5562921054097654
755,1,67.62834387661997,11.440042699952349,11.64590728879441,-0.20586458884206138
756,0,49.85156835449581,5.0882671746587445,7.639968157916567,-2.551700983257822
757,1,59.752976364970735,12.742842348353031,10.367737210331386,2.3751051380216452
758,1,72.03388352073658,19.399724132290125,12.78987214293515,6.609851989354974
759,0,72.77048611357182,8.550598476255619,13.059940985528323,-4.509342509272704
760,0,48.725299189753535,11.877522682094932,7.357999875124165,4.519522806970768
761,0,58.99207497063763,11.970678892278316,10.164642934272047,1.8060359580062695
762,1,60.45224396372494,16.082330319167227,10.54454359844563,5.537786720721597
763,0,45.769258663471085,4.3392069943742095,6.644008603310968,-2.3048016089367582
764,0,46.03542644511402,6.760265346072416,6.707384008831669,0.05288133724074662
765,0,48.88025457478377,4.239437490195939,7.396360236043373,-3.1569227458474343
766,0,73.01352145791235,15.242844862790587,13.151955288618403,2.0908895741721842
767,0,63.13025702710412,11.124733142186978,11.08674768422172,0.03798545796525765
768,1,69.22939508266329,14.638532946548318,11.947036834932403,2.6914961116159155
769,0,45.6578320595483,6.354704920677543,6.61750136892905,-0.26279644825150683
770,1,73.24285590625021,12.077716035303244,13.239881824107059,-1.162165788803815
771,0,59.12916946802272,8.314646839214204,10.201914165184117,-1.8872673259699138
772,0,45.33395197835534,9.1475193330785,6.540510488196388,2.607008844882113
773,0,49.380576109046814,7.583984892184314,7.52112739598182,0.06285749620249437
774,1,59.17224500415169,18.830260017215743,10.21356906574281,8.616690951472933
775,0,65.49646738537089,14.313095773700836,11.379616838261914,2.933478935438922
776,0,62.317791460162326,13.535361212177468,10.94975346093398,2.5856077512434883
777,0,51.14577519331695,6.017380898925905,7.974642296749102,-1.9572613978231965
778,0,46.07213642810206,1.6706390827291433,6.716132130309841,-5.045493047580698
779,0,55.800174523224975,9.646629016003974,9.262389631732157,0.38423938427181703
780,0,72.59009855795468,17.58470177580131,12.992505691331901,4.592196084469409
781,0,54.75955751573325,9.095271037361293,8.967157934316377,0.12811310304491563
782,0,54.053243010254775,12.997897326840109,8.76832521149983,4.229572115340279
783,0,46.66187339894444,12.669378197554927,6.856989411426094,5.8123887861288335
784,0,60.2958036408624,10.090657418392553,10.505948410886846,-0.4152909924942936
785,0,48.63908965974508,10.485805994507013,7.336712125667532,3.149093868839481
786,0,45.12419779821131,4.074974310670213,6.490677343283841,-2.415703032613628
787,1,60.82627110625664,13.267752105328798,10.634303596916196,2.6334485084126023
788,1,63.59060589539489,11.645399951192552,11.153187951327567,0.49221199986498476
789,0,65.81767894549972,16.562841768901436,11.415319183694756,5.14752258520668
790,0,68.51330382115601,9.809181546675395,11.79640876384565,-1.987227217170254
791,1,69.65010456683959,12.458405391756338,12.049409733587428,0.4089956581689105
792,0,50.15330639892855,8.523797166373114,7.716878662639723,0.8069185037333915
793,1,68.59569173844989,19.306624128003648,11.812288292915882,7.494335835087766
794,1,72.7523494012118,14.49921151653344,13.053126381424708,1.4460851351087332
795,0,50.99257950016207,4.324966976223001,7.934346370716158,-3.609379394493157
796,1,58.38197429943931,6.5349591307708135,9.995959279621344,-3.4610001488505304
797,0,59.95414299778445,8.71157258221602,10.419690077196623,-1.7081174949806037
798,0,61.19139887055848,11.696155505626434,10.718196187365988,0.9779593182604458
799,0,45.007034485333925,12.6765594656998,6.462845765682148,6.213713700017652
800,0,70.87589741004165,13.836709868270637,12.400101736386345,1.4366081318842916
801,0,47.986051107560634,3.552075136120199,7.176612396109175,-3.6245372599889762
802,0,52.07975351701543,3.937735069561744,8.224084650064711,-4.286349580502967
803,0,53.975390288539,10.97994199314676,8.74651233238182,2.233429660764939
804,0,63.258875505559885,12.503925824975571,11.106031801634705,1.397894023340866
805,0,57.4211737809671,2.6798957839173703,9.724283404594601,-7.044387620677231
806,0,58.63846513920917,9.373278225496822,10.06737887596246,-0.6941006504656375
807,1,60.91084481833367,5.288229801343769,10.654077467358833,-5.365847666015064
808,0,49.19599873594435,3.3999825770432186,7.474930694426037,-4.074948117382819
809,0,60.10523572760791,10.320082700714172,10.458156252738481,-0.13807355202430927
810,0,72.02603205232218,12.807356368320756,12.787074701181693,0.020281667139062876
811,0,62.914747796409415,12.388182967111234,11.053045304522435,1.3351376625887994
812,0,45.18764208447433,13.227551431239364,6.505749016762047,6.721802414477318
813,0,61.82348412337567,9.942674416091082,10.853602721370851,-0.9109283052797696
814,0,57.630407009550666,9.969342243777424,9.783799991994098,0.1855422517833265
815,0,50.902967549611205,15.488007162041647,7.9108621285297005,7.577145033511947
816,0,55.19276252471986,4.605543153641523,9.089801108675271,-4.4842579550337485
817,0,46.41827290701947,6.963707402980508,6.7987253056715735,0.16498209730893443
818,0,59.785708130821234,14.232082917847032,10.37624564927972,3.8558372685673117
819,0,71.81964471843959,16.87388647898303,12.714226075720106,4.159660403262926
820,0,54.066743470903134,8.952580799280307,8.772110075887365,0.18047072339294168
821,1,70.68830972358387,11.844486321267368,12.341861048696488,-0.49737472742912026
822,0,45.400538385501406,3.2534359659166854,6.556333577145125,-3.3028976112284396
823,0,56.40774618200569,4.126564153352526,9.435467425107339,-5.308903271754812
824,0,55.0740207272527,2.1284118338261795,9.056141129966486,-6.927729296140306
825,0,72.72589659069024,7.3954732311319695,13.043200662413875,-5.647727431281906
826,0,48.146173843244576,15.038676135252992,7.215689987786051,7.82298614746694
827,1,63.79057554980651,12.074839555155684,11.180008913699648,0.8948306414560356
828,0,59.47290658062092,7.377943783376091,10.294111462847543,-2.9161676794714513
829,1,73.72487146027184,11.956511913584508,13.427607485647073,-1.4710955720625645
830,1,70.5131472594252,14.948463817694428,12.288876433376153,2.659587384318275
831,0,48.665606297288285,13.013778207533608,7.343255851058375,5.670522356475233
832,0,66.78409889835686,14.45318916046989,11.529320517914082,2.9238686425558083
833,0,50.885828162095365,1.8978313302969243,7.906377897620134,-6.00854656732321
834,1,66.13747256123085,12.071585616079687,11.451586279042077,0.6199993370376102
835,1,66.57884204970665,17.697223392787244,11.50381891762104,6.193404475166204
836,1,68.71414994795035,10.537480470900912,11.83574835926283,-1.2982678883619183
837,0,52.23156963940407,9.15293935759644,8.265195185565116,0.8877441720313239
838,1,66.06383173991821,9.654133681132068,11.443142843364605,-1.7890091622325368
839,1,66.17143256487407,7.1089988381858715,11.45550210896144,-4.346503270775568
840,1,65.1835789729918,12.391143250023925,11.345021386447932,1.0461218635759924
841,0,53.78493775702765,11.738012915579176,8.693249262519334,3.0447636530598423
842,0,60.317002889326375,4.7206439813932475,10.51121293169324,-5.790568950299993
843,0,71.0170121429644,17.67171101157827,12.444894834384701,5.2268161771935695
844,0,46.97952293364265,5.3018567912726,6.9331726055485365,-1.6313158142759363
845,0,72.11408998080198,10.061610528334336,12.818555396713922,-2.756944868379586
846,1,74.34880527312501,14.143661570240024,13.674911743448082,0.4687498267919423
847,0,45.39024250696926,1.5410595002443404,6.553886794442201,-5.01282729419786
848,0,45.82203335886809,2.6202999086044043,6.656567629651556,-4.036267721047151
849,0,49.00458573346006,10.134838646989328,7.427232575325813,2.7076060716635153
850,0,52.63620855854546,2.9339655681979044,8.375459444243436,-5.441493876045532
851,0,52.41813177879274,11.53795427052218,8.315911757456666,3.2220425130655137
852,1,72.77198483781855,19.34812348149003,13.060504444647965,6.287619036842067
853,1,66.3069327142827,18.39040342296921,11.471280232010592,6.919123190958619
854,0,61.97687134921373,13.450395854562831,10.884406474474906,2.5659893800879257
855,1,71.20714351441308,20.86867974546641,12.506523110116191,8.362156635350217
856,1,73.37898617367912,16.762713187826893,13.292527259821984,3.470185928004909
857,0,47.53347090194829,5.828144888178876,7.066716595542073,-1.2385717073631968
858,0,49.02910963668624,6.0940531900770125,7.43333209905856,-1.3392789089815471
859,0,49.18932256548062,5.424552967773412,7.4732635282268305,-2.0487105604534186
860,1,71.6319625907868,6.330071374990572,12.649178397435735,-6.319107022445163
861,1,58.88208142692119,9.710061940540019,10.13455406333243,-0.42449212279241166
862,0,58.75911859556679,6.84252952118934,10.100735551018799,-3.2582060298294584
863,0,55.48871912374942,9.41268608068208,9.17381803240672,0.23886804827536068
864,0,66.74772186906529,16.619524668337966,11.524734645337126,5.09479002300084
865,0,58.732068960295216,12.578029157596976,10.093271667431495,2.4847574901654816
866,0,51.04700840818301,11.357665035030315,7.948641827393502,3.409023207636814
867,0,46.72569933030052,11.058449273471478,6.872276981309633,4.186172292161845
868,1,70.08691375097993,17.64815653856509,12.165932270319662,5.482224268245428
869,1,62.32444885976865,13.420141476520246,10.950985244293799,2.4691562322264478
870,0,51.79565151686609,3.5913575659020305,8.147557098478837,-4.556199532576806
871,1,67.56843048720215,11.222110838300493,11.636886074809446,-0.4147752365089534
872,0,51.06032367098776,11.3143614217877,7.952142598591599,3.362218823196101
873,0,54.3503650059272,9.500329089396836,8.851772415823028,0.6485566735738075
874,0,71.48052133930295,13.665882081064815,12.59757132035423,1.0683107607105846
875,0,64.50905033560423,5.553733415940156,11.268667687517741,-5.714934271577585
876,0,59.41885804585349,6.796280785497281,10.279741793241914,-3.4834610077446335
877,1,67.94314943484048,15.373667838767556,11.695557856326229,3.6781099824413275
878,1,64.55284343637918,12.546159768567104,11.273769631913087,1.2723901366540176
879,0,50.9315110805926,9.53195193899186,7.9183353670340315,1.6136165719578281
880,1,69.1771243010647,14.363379037392894,11.93503131157091,2.4283477258219843
881,0,74.74060537810021,11.386125423329702,13.83167372065593,-2.445548297326228
882,0,67.45738321159061,7.9026940214089905,11.620502483883447,-3.7178084624744567
883,0,55.96939150970238,11.518817128059572,9.310563159136136,2.2082539689234366
884,0,74.8350138646273,10.764818986525388,13.869529462032636,-3.1047104755072485
885,0,74.96912622136206,10.018054228367689,13.923328057158821,-3.905273828791133
886,0,66.83629704277354,11.844251993102954,11.535954034301259,0.3082979588016954
887,0,49.10644528085246,4.997920483459951,7.452588944627972,-2.454668461168021
888,0,74.09374160155309,19.270230106329397,13.573363289963018,5.696866816366379
889,0,53.12638926017477,13.87254874560402,8.510272331713253,5.362276413890767
890,0,47.613569621596845,-0.41713032884123,7.086110142262387,-7.503240471103617
891,0,67.06773754269231,15.6705794274801,11.566178399066171,4.104401028413928
892,0,60.35552159500244,6.5441788879557805,10.520751103854895,-3.9765722158991146
893,0,47.80750836033409,11.8565939443706,7.1331643841205015,4.723429560250098
894,1,66.3348224088166,15.638297038532944,11.474560826874438,4.163736211658506
895,0,49.94761311977832,15.360870993172744,7.6643808231108785,7.696490170061866
896,0,55.43379520054313,5.76774445007442,9.158214106366776,-3.390469656292356
897,0,55.49193545136396,8.935791268821895,9.17473194941039,-0.23894068058849527
898,1,73.39172028455587,16.35418886112508,13.297467949034482,3.056720912090599
899,0,51.84523720367402,12.438170388863163,8.16087474029682,4.277295648566344
900,0,71.96910729315448,12.659924818199876,12.766848960298358,-0.10692414209848167
901,0,54.02686334286031,6.811112254686776,8.760931590079602,-1.9498193353928261
902,1,72.80291104306198,11.079389171616814,13.072142778433138,-1.9927536068163239
903,1,64.40901800441705,8.24330726926827,11.256907949524402,-3.0136006802561326
904,0,59.587098518428256,12.973869965504743,10.32430381303513,2.649566152469614
905,0,57.82223923902141,9.836460822216996,9.838248913423103,-0.001788091206107012
906,1,71.93273838678954,16.031647223734755,12.753979227506463,3.277667996228292
907,0,52.00203382072432,9.464721968952084,8.20309626023595,1.2616257087161333
908,0,54.31807198064513,3.911018819150187,8.842688270296383,-4.931669451146196
909,1,60.783103060618274,13.267455923716714,10.624134031521994,2.64332189219472
910,0,64.35160229221682,16.970174641437186,11.250086704822067,5.720087936615119
911,0,66.38676593358397,9.324898463382471,11.480703302022368,-2.155804838639897
912,1,67.2690923122146,13.10480767396491,11.59366744309737,1.5111402308675395
913,0,62.703092841018794,15.800859506822537,11.01811521561816,4.782744291204377
914,0,51.095521198098936,4.23779525816702,7.961403281009493,-3.7236080228424724
915,0,55.214140288730086,14.822965047889053,9.09586426667675,5.727100781212302
916,0,50.34361155805141,2.5091498961357015,7.765718377137237,-5.256568481001535
917,0,54.746617895235616,9.410768102878839,8.963501799156466,0.4472663037223725
918,0,50.959558578146485,13.049758956182098,7.92568516602641,5.124073790155688
919,1,70.20333788208839,17.71421611604054,12.198641797027326,5.515574319013213
920,0,62.69993207680662,12.477085261923394,11.017579246402764,1.4595060155206294
921,0,46.55829355426487,0.2501590498855419,6.8321997795530836,-6.582040729667542
922,0,73.14286325499661,12.795966508324613,13.201421727035719,-0.405455218711106
923,0,64.33263838127476,15.579657112567125,11.247821553820742,4.331835558746382
924,0,66.4749634050362,8.549941339599052,11.491235426718454,-2.9412940871194024
925,0,49.351162733069394,6.022360151501188,7.51375206115788,-1.4913919096566914
926,1,67.5364020410268,10.458984453543012,11.632116415447975,-1.1731319619049625
927,0,62.69400147166486,6.120690730055329,11.01657246242201,-4.895881732366681
928,0,51.103651469532366,9.613575706195855,7.963543793277363,1.6500319129184913
929,0,48.948171988153874,8.882649006364455,7.413214142944666,1.4694348634197887
930,0,51.5575177285604,8.711427977631663,8.083838226737873,0.6275897508937902
931,0,50.8514926963267,5.221857987775479,7.897401812489568,-2.6755438247140892
932,0,61.656170548953256,8.440072836047046,10.819054996098354,-2.378982160051308
933,0,49.757589683660605,10.848268810174046,7.616140793408647,3.232128016765399
934,0,59.60259161373903,11.979020083419304,10.32838220671095,1.6506378767083536
935,0,66.31329270091328,15.956563176246457,11.472027296022642,4.484535880223815
936,1,64.30252426448773,12.839661940943843,11.2442117317853,1.5954502091585425
937,0,59.160719715691215,7.828871645710628,10.210453376002727,-2.3815817302920985
938,0,54.72742875748956,15.555278464570462,8.95808067299095,6.597197791579511
939,0,68.45356125107583,17.533996042328162,11.78511211562486,5.748883926703302
940,1,71.18534812497168,18.411796640232986,12.49938605081071,5.912410589422276
941,0,49.41075801291966,14.960605026884377,7.528700905451035,7.431904121433342
942,0,62.2816051738525,10.391373153054252,10.9430278208394,-0.551654667785149
943,1,61.65046444017017,13.070472025728558,10.817859755123092,2.252612270605466
944,0,63.25822232415856,12.032374318401027,11.105935357043052,0.9264389613579755
945,0,74.4922743357335,11.114187254590568,13.732230053267012,-2.618042798676443
946,0,60.97169179643839,10.20962717677444,10.668178821797332,-0.4585516450228919
947,0,48.78232147429007,12.67559638423366,7.372101460368577,5.303494923865084
948,0,57.24849500989478,5.071256016473336,9.675110844925648,-4.603854828452312
949,0,56.55479633825159,4.99118182913202,9.477388350050155,-4.486206520918135
950,0,55.030851006283775,4.096772652950833,9.043911397205097,-4.947138744254264
951,1,67.10276839478487,15.968047079984276,11.570876776368245,4.397170303616031
952,0,51.345429021784526,10.317499871381736,8.027432342009408,2.290067529372328
953,1,67.73007638762635,9.735097356193062,11.661529328457704,-1.9264319722646412
954,0,60.03204468742817,10.229653906094084,10.439584262035158,-0.2099303559410739
955,0,47.55590309391139,14.62275527829432,7.072145588107545,7.550609690186776
956,0,48.00433094631127,7.326841204559331,7.18106807354154,0.14577313101779144
957,1,64.9570511213343,10.212405480950029,11.319799130200124,-1.1073936492500955
958,0,55.020296494539615,10.579412301129713,9.040922010748881,1.5384902903808317
959,0,55.25799912212997,7.3649742763268,9.108306395792768,-1.7433321194659683
960,1,74.05556446801079,18.54354546426264,13.558211140601212,4.9853343236614265
961,1,74.47849391078297,14.016829537145226,13.726719494491125,0.290110042654101
962,0,57.55726861784457,6.133401502693857,9.76300758703148,-3.629606084337622
963,0,56.311434216288795,11.958331398719762,9.408014619479765,2.5503167792399974
964,1,69.47722811632863,15.635131432897545,12.00612808382858,3.629003349068965
965,0,46.85533111264963,2.8874979681543804,6.903356690820096,-4.015858722665715
966,0,55.551852810579305,7.248658431594396,9.191760471281068,-1.9431020396866723
967,0,52.1380608264481,2.639584554025962,8.239856397286339,-5.600271843260376
968,0,55.751032957889535,7.3627748609389245,9.248405916937351,-1.8856310559984264
969,0,65.36074633056674,11.400192894214506,11.364618433840569,0.035574460373936745
970,0,54.14154069383893,11.026062411432,8.793091523801964,2.232970887630035
971,0,45.29100970725371,10.636952695029482,6.530307106969469,4.106645588060013
972,0,48.03166663682174,6.2402362796374655,7.187733698686505,-0.9474974190490393
973,0,63.00609983714456,5.311621696948468,11.067551871880154,-5.755930174931685
974,0,59.37246726483948,13.375600450267765,10.267368739787361,3.1082317104804034
975,1,71.63362578010427,12.202979366251292,12.64974961180338,-0.4467702455520879
976,0,49.777482719994005,2.60155766188155,7.62117957127979,-5.01962190939824
977,0,46.09092131967608,3.800655201238896,6.7206094052001575,-2.9199542039612614
978,1,63.504487727310384,13.435953808299285,11.141281939286133,2.2946718690131522
979,0,45.607434248547314,1.351235885475564,6.6055160563625375,-5.2542801708869735
980,0,59.85231915658533,10.639714461348802,10.393495416610175,0.246219044738627
981,0,67.85845975565536,5.322073292013102,11.681813583693344,-6.359740291680242
982,1,60.82319798161754,16.156090254139265,10.633581325387125,5.52250892875214
983,0,54.02748532782796,6.307095974480909,8.761105888667405,-2.4540099141864964
984,0,47.84043918177704,13.214064481689848,7.141168463562732,6.072896018127116
985,0,53.90631602570589,14.461154581256023,8.727178220858331,5.733976360397692
986,0,52.04987782986744,6.020974009530948,8.216011984537174,-2.195037975006225
987,0,67.09883766990079,5.040649758491512,11.570347876543764,-6.529698118052251
988,0,69.58715537117982,16.05445121469498,12.033457662041158,4.02099355265382
989,1,63.28591068964582,13.2213385789437,11.110010630570539,2.1113279483731606
990,0,46.219768302479686,0.2021395993127503,6.751334185481009,-6.549194586168259
991,0,47.79871934676436,4.044670132164603,7.13102886521782,-3.086358733053217
992,0,54.76783380722574,6.8008191950087244,8.969496664794406,-2.168677469785681
993,0,50.71810996015123,6.562713837212217,7.862622840475131,-1.299909003262914
994,0,61.08054197706805,8.72496988781264,10.693137894472526,-1.9681680066598872
995,0,68.3957041150677,15.010025534199492,11.774343099756514,3.235682434442978
996,0,67.45765014861145,15.372524439718866,11.620541356022898,3.7519830836959684
997,1,71.29797745471213,14.958756145219905,12.5364643391749,2.4222918060450045
998,0,74.65241290854122,16.751325597002193,13.796330976281602,2.9549946207205906
999,0,50.84100461875168,11.04747831285912,7.894661898654643,3.1528164142044766
1000,1,69.14892434032762,6.841255557531186,11.928621813232672,-5.087366255701486
1001,1,74.05850740946809,22.832822075646963,13.559378677176921,9.273443398470041
1002,0,74.55700671097053,9.800919728860784,13.758127980759333,-3.9572082518985496
1003,0,54.66550876846389,16.1684686837531,8.940594536939106,7.2278741468139955
1004,0,52.20545802480719,5.982715665654254,8.258113965488194,-2.27539829983394
1005,1,60.3680061744908,16.73083757761358,10.523834952277337,6.207002625336244
1006,1,71.5235369374534,15.108622844207336,12.612147590133942,2.4964752540733937
1007,1,65.06620067117677,14.840071546957804,11.331985624372189,3.5080859225856145
1008,0,53.811190847761935,9.282469940059446,8.700582827133735,0.5818871129257115
1009,0,58.68929948521476,15.393144089134994,10.081452935584078,5.311691153550916
1010,0,59.40450063363858,7.055573825971504,10.275916316616737,-3.2203424906452325
1011,1,66.84787945145175,18.756056566913728,11.53743466103895,7.218621905874777
1012,0,69.26589953188177,14.008052502794948,11.95551683654727,2.052535666247678
1013,0,66.94715168433451,18.768866550813403,11.550259472622255,7.218607078191148
1014,0,70.34934869880745,8.622208682866956,12.240601066186649,-3.6183923833196925
1015,0,47.73989701452289,7.296750339633372,7.116744124144024,0.1800062154893487
1016,0,52.56452342114541,7.112621447749555,8.355854657824297,-1.2432332100747425
1017,1,61.614284020104265,11.31989748540348,10.810255441125808,0.5096420442776726
1018,1,73.03790099872478,17.01052177300754,13.161253941761816,3.849267831245724
1019,0,63.44880210628224,13.377939328974524,11.133462003667738,2.244477325306786
1020,0,50.632148970454814,6.023857227313339,7.84028393601447,-1.8164267087011305
1021,0,55.57471936260277,4.428865267017376,9.198260636680251,-4.769395369662875
1022,0,63.59686121453705,14.53354459777002,11.154044120696925,3.379500477073094
1023,0,48.32358792904992,7.600517983312311,7.2591183928152105,0.3413995904971001
1024,0,74.40438623156697,11.119154771639336,13.697102861766766,-2.57794809012743
1025,0,45.581089672881575,5.546985194413153,6.5992517984639,-1.0522666040507467
1026,0,56.975559981201016,7.837335710860483,9.59733972297275,-1.760004012112267
1027,0,57.395266246973456,5.399916744211273,9.716907976570836,-4.3169912323595625
1028,0,54.7861988578819,9.479905199781378,8.97468694741226,0.5052182523691169
1029,1,69.8976451370117,16.768692613782722,12.11421686816303,4.654475745619692
1030,1,67.23178801392406,7.689602595517581,11.588484203283024,-3.8988816077654427
1031,1,74.48831266733234,14.371025837933727,13.730645748521422,0.6403800894123055
1032,1,73.70758968099321,11.908176771551098,13.42081800886691,-1.5126412373158118
1033,1,62.29908047688844,11.860367193401512,10.946282184486964,0.9140850089145474
1034,0,74.56909434171116,14.962672642876434,13.762966111149543,1.199706531726891
1035,1,70.18123350870269,9.525084551632316,12.192379944413116,-2.667295392780799
1036,0,58.19895225084217,11.01184310947174,9.944631955163175,1.0672111543085663
1037,0,55.04918950092235,9.9003085709469,9.049106071368586,0.8512024995783136
1038,0,51.16197573127239,8.469000296943072,7.978914407164945,0.4900858897781273
1039,0,70.57891492423826,13.380179368924752,12.308608404188915,1.0715709647358374
1040,1,58.96713149874228,9.169912975805603,10.157833651575856,-0.987920675770253
1041,0,50.79187707817579,8.84791874644397,7.88183963007756,0.9660791163664095
1042,0,72.40481362962554,13.473724635398778,12.924073067620663,0.5496515677781151
1043,0,64.63034509536507,2.897158501385287,11.282735178537147,-8.38557667715186
1044,1,68.95258131141344,8.474176668386603,11.885317918905585,-3.411141250518982
1045,1,65.99856284582106,12.561412256733131,11.435709801807048,1.125702454926083
1046,0,45.05781020126823,5.409222926831296,6.474907159960083,-1.0656842331287875
1047,1,60.073677541149664,9.564078903073288,10.450162828862005,-0.8860839257887179
1048,0,47.721695878842155,13.463914394901105,7.112326735618487,6.351587659282617
1049,1,64.86731331640982,19.024497679568167,11.309717888086752,7.714779791481416
1050,1,60.68233102107456,10.50432155748897,10.600196816867298,-0.09587525937832808
1051,1,61.77042675854378,9.678898247002222,10.842752590559257,-1.1638543435570359
1052,1,67.24720627173527,10.548350983320471,11.590621338254964,-1.0422703549344927
1053,1,64.95147576538523,9.971137452216007,11.31917456746001,-1.3480371152440025
1054,1,69.96134109562826,14.70749672751148,12.131415910668409,2.5760808168430707
1055,0,68.10554413505112,11.068047690904184,11.722762356048996,-0.6547146651448124
1056,0,53.75979679814722,13.972463817647853,8.686228984034532,5.286234833613321
1057,0,58.24180380666549,13.26173910629668,9.956673595648498,3.3050655106481823
1058,0,65.17194965488395,13.471639898642866,11.343732351864944,2.127907546777923
1059,0,46.369724507344806,1.4000898001649895,6.787128104442712,-5.387038304277723
1060,0,53.15353177268439,8.387682597138763,8.517773841292827,-0.13009124415406426
1061,0,55.733611959095086,9.624772070496434,9.24344932977224,0.3813227407241939
1062,0,64.83868088440839,6.705707830466723,11.306487396748771,-4.600779566282048
1063,0,66.51380914165884,6.9139321787617245,11.495917546587247,-4.5819853678255225
1064,0,50.102293941450455,13.622136281853116,7.703831309615496,5.91830497223762
1065,0,71.03753753388459,12.53420327303499,12.4514782574583,0.0827250155766901
1066,0,58.01409693692559,7.129468480226751,9.892536303400924,-2.7630678231741728
1067,1,60.5080833315004,7.6547323236450335,10.558174189567977,-2.903441865922943
1068,0,58.41962944370288,8.187829112898742,10.006484037282952,-1.8186549243842105
1069,0,58.894172645875344,7.135326980487584,10.137869352244385,-3.0025423717568014
1070,0,61.005142704279336,9.65858752112435,10.67588580320224,-1.0172982820778902
1071,0,46.262945596955696,5.414070260535299,6.761636332607462,-1.347566072072163
1072,1,68.05503092361441,9.53861990904086,11.714177654417341,-2.175557745376482
1073,0,50.1819957998178,13.480509268894409,7.724224659832961,5.7562846090614475
1074,0,73.73890927831809,9.387670072252993,13.433125363559908,-4.045455291306915
1075,0,58.76406573751223,6.77997639230463,10.10209970172044,-3.3221233094158107
1076,0,49.86326526519016,2.51808644659045,7.642937932752852,-5.124851486162402
1077,0,72.61915865700115,10.113004633913866,13.003316902308748,-2.890312268394883
1078,1,67.83688807555538,12.33328658107516,11.678359565298132,0.6549270157770284
1079,0,52.93957502822192,13.85549148374842,8.458742850636503,5.396748633111917
1080,0,64.94987905415488,16.53511562910027,11.318995659786204,5.216119969314068
1081,1,71.45730252425759,15.52988937533672,12.58973097978698,2.940158395549741
1082,0,59.13122219044268,12.18001449706755,10.202470188943941,1.9775443081236084
1083,0,69.92707548831504,14.455818304357836,12.122137449926393,2.3336808544314422
1084,0,46.47741912141584,8.893863003671209,6.8128603676583275,2.0810026360128813
1085,0,66.158550759414,10.926284180012694,11.454015034357813,-0.5277308543451191
1086,0,70.38139700595703,15.525590920991682,12.249947540374947,3.275643380616735
1087,0,47.06616671960638,9.664024476988958,6.953998891126303,2.710025585862655
1088,0,59.83520004648068,12.061320578636169,10.389070668809499,1.6722499098266699
1089,1,66.87097332715095,18.544012607642067,11.540396461751413,7.003616145890653
1090,0,73.61447435202106,6.267910167017589,13.384304768590347,-7.116394601572758
1091,0,56.86088219573574,3.330872838800768,9.56465105037397,-6.233778211573202
1092,0,49.144533810758944,9.456119161605406,7.462085608179682,1.9940335534257239
1093,0,46.56285859259529,9.349072909581983,6.8332918256616635,2.515781083920319
1094,1,74.7249091323879,17.13213181818817,13.825381856163778,3.3067499620243925
1095,1,67.54076683859813,10.082015008198574,11.632764278892072,-1.5507492706934976
1096,1,74.55591113107137,14.762752263139191,13.757689501664483,1.0050627614747079
1097,0,45.27754638849574,6.945094350372513,6.527108284201103,0.41798606617141054
1098,0,48.304128900117846,7.799675675414794,7.254348158539161,0.5453275168756333
1099,0,55.80359114822242,10.773563062921449,9.26336197584368,1.5102010870777693
1100,0,45.76809914793054,8.567959316677676,6.643732702178196,1.9242266144994806
1101,0,46.09060992984796,9.028024949888342,6.720535182850647,2.307489767037695
1102,0,64.35731855661068,9.692997041257232,11.250768282386382,-1.5577712411291493
1103,1,65.89803824747034,15.146065365506107,11.424343633166526,3.7217217323395815
1104,0,69.67645842666764,10.253313765198577,12.056152614423368,-1.8028388492247913
1105,0,74.9914589085115,17.950654841352343,13.932287784438724,4.018367056913618
1106,1,71.24276417583476,14.83341277048588,12.518226929181932,2.3151858413039488
1107,0,54.262107391004335,7.565838102610136,8.826953413767715,-1.261115311157579
1108,1,73.64281812569635,15.684423323006444,13.395406629194214,2.289016693812229
1109,0,73.60276503707158,14.477273501771409,13.379721686060684,1.097551815710725
1110,0,46.7599927281428,6.539456598410338,6.880494923219436,-0.341038324809098
1111,0,49.03313344699475,1.7998718843450412,7.434333211652936,-5.6344613273078945
1112,0,52.8955337623812,12.043494037982033,8.446621211476733,3.596872826505299
1113,0,55.810810820232966,4.850271882107881,9.265416682603044,-4.415144800495163
1114,0,47.29400225061188,11.181977082598484,7.008867867225144,4.173109215373341
1115,1,73.98186754239485,13.133899796380884,13.529001517588075,-0.39510172120719034
1116,1,74.46765239027408,19.087691044796205,13.722384853527569,5.365306191268637
1117,0,49.89670486025715,7.931414616175703,7.651433145723694,0.2799814704520083
1118,0,60.089574632834086,7.607834280427174,10.454192169091668,-2.8463578886644934
1119,0,50.52947620201999,5.446429333534462,7.813677745789042,-2.3672484122545807
1120,0,48.84529875995148,12.00971777409139,7.3876955555352035,4.622022218556187
1121,0,51.83106123458552,3.69979436470024,8.157065665539543,-4.457271300839302
1122,0,51.25908735008191,12.74899821112451,8.004565491045543,4.744432720078967
1123,0,72.77574005915413,16.58122781248351,13.06191647863077,3.519311333852741
1124,1,71.37817406973763,11.114486040664431,12.563158822919737,-1.448672782255306
1125,0,67.37208308347483,7.965673590677258,11.608203034158281,-3.642529443481023
1126,0,55.2748220693836,11.034273415717806,9.11307984007291,1.921193575644896
1127,1,61.91241217920208,5.800297815950603,10.871564635727479,-5.071266819776876
1128,0,66.40881362714839,12.972063665173431,11.483323742019676,1.488739923153755
1129,0,48.34603741960906,6.668216164857728,7.264623885642584,-0.5964077207848568
1130,0,57.80568513081628,10.51927293571926,9.833556136218014,0.685716799501245
1131,0,46.956672352120826,12.218673773748916,6.927683552638735,5.290990221110182
1132,0,54.40284450682104,4.8712738708819625,8.866542315776094,-3.9952684448941316
1133,0,53.644122519681005,0.9201691438696188,8.653962178061311,-7.7337930341916925
1134,0,45.442379613257735,8.828664299124696,6.566277624094907,2.2623866750297896
1135,0,56.27881410609932,3.606885846679162,9.398717510817306,-5.791831664138144
1136,1,73.55665896739414,17.10715343061343,13.361694654220374,3.745458776393056
1137,1,71.30016247149315,13.852771171558704,12.53718845131014,1.315582720248564
1138,0,58.271850683387434,9.34691906273192,9.965108498139536,-0.618189435407615
1139,0,48.98018081189807,6.367499582658731,7.421165962277723,-1.053666379618992
1140,0,48.01847454909955,4.480984190745925,7.184516505904638,-2.7035323151587125
1141,0,52.867026778489546,2.965230290132233,8.43878062323826,-5.473550333106028
1142,1,67.93215625274296,15.520814475483112,11.6937570068698,3.8270574686133116
1143,0,45.10185090488938,5.543063449323272,6.485368842929863,-0.942305393606591
1144,1,69.18746753502431,14.071078691070014,11.937394077735977,2.1336846133340366
1145,1,67.65991026137215,11.343655493800387,11.650713111356445,-0.3070576175560582
1146,1,74.60210571155096,19.36407324388585,13.776182231281023,5.587891012604828
1147,0,49.73543883184868,5.434487521924572,7.610533200018069,-2.176045678093497
1148,0,49.01375594059097,4.379177215754296,7.429512973951279,-3.050335758196983
1149,0,47.806454330663065,5.397626038350295,7.132908264411281,-1.7352822260609857
1150,0,54.69941252377865,11.672906540024323,8.9501676061908,2.722738933833524
1151,0,50.55078428920791,12.326499186460524,7.819192729542852,4.5073064569176715
1152,0,58.14676816825255,4.552687958804705,9.929949307254713,-5.377261348450008
1153,0,55.6307036883775,3.315882776732689,9.21417835881225,-5.898295582079561
1154,0,51.95749484411248,8.778307456012403,8.191086292658829,0.5872211633535738
1155,0,61.89503877257472,7.250823739811679,10.868077734439321,-3.6172539946276423
1156,1,61.548592263822414,10.777976328712151,10.796335880811073,-0.018359552098921483
1157,0,56.85531728872436,2.6686308163325982,9.563064666940292,-6.894433850607694
1158,0,54.64820144453829,6.702724822743461,8.935708880740297,-2.232984057996836
1159,0,59.06067905865514,12.386892071106825,10.183327138890581,2.203564932216244
1160,0,62.93213372310535,10.494157012993622,11.055831859734724,-0.5616748467411021
1161,1,71.59584279033723,19.44251410598281,12.636796776813615,6.805717329169195
1162,0,67.50891417752162,13.93227923310474,11.628051788269753,2.3042274448349875
1163,1,73.45987090084665,16.420507020666847,13.323954230247564,3.096552790419283
1164,1,67.99478400345589,20.800394104190477,11.704084513893864,9.096309590296613
1165,0,72.13956802382589,13.71444067341756,12.827706711526151,0.8867339618914087
1166,1,73.9186176898432,23.193163197035616,13.50397718392653,9.689186013109087
1167,0,50.28576985575323,2.429467893159309,7.750845964817161,-5.321378071657852
1168,1,71.09885334530017,17.528266890712928,12.471246242117465,5.057020648595463
1169,1,68.22459070963941,6.649724581817887,11.743448003212967,-5.0937234213950795
1170,0,61.43590939294592,10.432141304476572,10.772126537407058,-0.339985232930486
1171,0,57.35273303639528,10.862383977742448,9.704797670905542,1.1575863068369063
1172,0,58.74868255213738,10.217151447501696,10.097856917030409,0.11929453047128646
1173,0,59.16811645506489,14.606236404112131,10.212453201955338,4.3937832021567935
1174,1,74.61919228007133,17.95904952586668,13.783024577879681,4.176024947986997
1175,1,60.82307945673196,12.5438297901033,10.633553463442478,1.9102763266608225
1176,1,70.05391783796618,15.849197067002745,12.156785107606009,3.692411959396736
1177,0,59.39460901620471,15.368618955711788,10.273278723692625,5.095340232019163
1178,0,49.69838025067248,11.508150741919708,7.601158847801378,3.90699189411833
1179,1,67.79889543329979,9.368447038078173,11.672321608031957,-2.303874569953784
1180,0,52.02032570783628,9.155830816638147,8.20803247291216,0.9477983437259869
1181,1,72.75134724754237,20.40383627093888,13.052750056152261,7.351086214786617
1182,0,60.747825579731,15.257131843441089,10.615785467509312,4.641346375931777
1183,1,70.44100228160943,15.43101924204106,12.267459320670804,3.163559921370256
1184,0,46.35785889001921,9.152509992584385,6.784294340721582,2.368215651862803
1185,0,50.84192708849218,13.521509058583996,7.89490284958893,5.626606208995066
1186,0,48.665850472761,5.138520190123087,7.34331612479362,-2.204795934670533
1187,0,59.23795609925942,7.25446146792514,10.23129475816855,-2.9768332902434107
1188,0,45.91813930208109,8.767344862418827,6.679446632422195,2.0878982299966324
1189,1,66.87887875048887,11.67177396569964,11.541413307312338,0.1303606583873016
1190,1,62.5583465024884,4.806577569991331,10.993143096623317,-6.186565526631986
1191,1,68.85146816723753,13.397067002399575,11.863903574078146,1.53316342832143
1192,1,67.36754000766408,15.135958833024237,11.607554699894504,3.528404133129733
1193,1,71.08966622948587,16.783591158736,12.468274749750593,4.315316408985408
1194,0,71.1718819410054,13.605737035571444,12.49498569594639,1.110751339625054
1195,0,47.20038543301257,1.6644702746404851,6.986303360829938,-5.321833086189453
1196,1,69.63194387949723,15.459167335802752,12.044785246399254,3.4143820894034977
1197,1,58.861535707510605,8.001689144089223,10.128916375205595,-2.127227231116372
1198,1,62.49269590960999,11.593116208762526,10.981532339585838,0.6115838691766875
1199,0,73.43613813955933,14.133669495661533,13.31472222069955,0.8189472749619817
1200,0,61.43521363906106,10.371977201102816,10.771975770437896,-0.3999985693350805
1201,0,49.56274491059767,5.218412497647616,7.566924325200976,-2.3485118275533594
1202,1,72.8191819246235,17.79170733340628,13.07827455658945,4.713432776816829
1203,1,72.15665573476086,7.7586462245395245,12.833854979743837,-5.075208755204312
1204,0,52.87040748670861,11.578650895290693,8.439710229451242,3.138940665839451
1205,1,63.68307044901567,16.02154932347721,11.165728314239372,4.855821009237838
1206,0,47.297199773724685,5.439766582120977,7.009639053342939,-1.569872471221962
1207,0,51.9820546685712,7.1822874260205225,8.197707243875744,-1.0154198178552214
1208,1,64.10199976617226,19.167484472739886,11.219741508982015,7.947742963757872
1209,0,54.01000098405337,12.964906698305183,8.756206807275607,4.2086998910295765
1210,0,47.4235347339813,10.629335180661236,7.040135330746359,3.589199849914877
1211,0,53.44219837827388,4.915046728753735,8.597774238016049,-3.682727509262314
1212,1,58.212770522843385,13.063454107694822,9.948516533245877,3.1149375744489447
1213,0,49.70677874048703,5.600491054332148,7.603282545450851,-2.0027914911187024
1214,0,70.07005286920881,13.377817415353627,12.161251224654507,1.2165661906991208
1215,1,60.00195632931028,3.939377054323234,10.431915749496076,-6.492538695172842
1216,0,72.50503739843715,15.336205130148556,12.96098070230728,2.3752244278412764
1217,1,66.08515840106733,12.823128279327657,11.445581616648727,1.3775466626789292
1218,0,45.4347084745429,7.147025764254077,6.564454413819494,0.5825713504345833
1219,0,51.07594456679329,3.760714378974236,7.956251343333298,-4.195536964359062
1220,0,61.746504758422,7.571272294438111,10.83782835209507,-3.266556057656959
1221,1,74.9715557039445,14.450194477379128,13.924302746115584,0.5258917312635436
1222,0,71.07435453280316,12.40723266666786,12.4633298119203,-0.05609714525244058
1223,0,45.47079425814143,3.1327335270661334,6.573031287706391,-3.440297760640257
1224,0,63.151310296142725,16.9692607924776,11.089945253065071,5.879315539412527
1225,0,54.30845327752336,6.141962420026527,8.83998315783352,-2.698020737806994
1226,0,49.09783511007187,4.122955471307204,7.450443307762863,-3.327487836455659
1227,0,66.9807933737354,11.674041744421093,11.554661975341602,0.11937976907949022
1228,0,56.241878108261275,7.312036992613704,9.388191000406792,-2.076154007793088
1229,0,45.38344507968755,7.360634635491765,6.5522714385650165,0.8083631969267486
1230,0,54.71864478224406,10.422787088811452,8.955599444808717,1.4671876440027347
1231,0,67.7435441011722,14.12323410034822,11.663626861508778,2.4596072388394425
1232,1,66.78046961422034,8.250113046086716,11.52886164373365,-3.278748597646935
1233,0,55.69560894503213,10.078136926167115,9.232638165737692,0.8454987604294235
1234,1,64.4138844879395,13.227601064988889,11.257483633867512,1.970117431121377
1235,0,68.2666079733657,10.511962110895183,11.750904995090945,-1.2389428841957617
1236,0,57.84929154108652,10.432104996581442,9.84591501023392,0.586189986347522
1237,1,64.09704989818931,11.392123965229471,11.219127292491835,0.17299667273763575
1238,1,72.4856450602537,13.00252589985126,12.953819156473212,0.048706743378048145
1239,0,67.82487899527877,9.213505319225165,11.676444804279324,-2.462939485054159
1240,0,63.82521471177864,15.008381012958674,11.184544793460091,3.823836219498583
1241,0,49.31891541603899,5.1400063191880525,7.505672124726656,-2.3656658055386037
1242,0,50.93127474249624,10.951560776794931,7.918273462079158,3.033287314715773
1243,0,53.04790962273324,7.133540485982282,8.488603321672791,-1.355062835690509
1244,0,59.41256006111976,4.32080573935454,10.278064146212056,-5.957258406857516
1245,1,65.02788239705666,5.844125692865635,11.327715653896151,-5.483589961030516
1246,0,48.721875340168566,3.313850638030833,7.357153696097873,-4.04330305806704
1247,1,61.01313545955775,16.166153691829013,10.677722507387836,5.488431184441177
1248,1,71.86441839611268,10.129603850021065,12.729915465894255,-2.6003116158731903
1249,0,55.41181213360591,11.761235278124673,9.151970143816628,2.6092651343080444
1250,0,59.214742339904014,10.711537972994282,10.225040319720879,0.48649765327340333
1251,1,59.291085162127686,13.336444964875556,10.24557769548481,3.0908672693907455
1252,1,72.90279384479551,15.428733862724789,13.109876116844413,2.3188577458803756
1253,0,71.77281515172248,7.972207677904076,12.697885939951574,-4.725678262047498
1254,1,73.92862955620907,17.916075776533848,13.507935443600978,4.40814033293287
1255,0,45.811246797517605,2.0805845282348123,6.654000454325207,-4.573415926090394
1256,0,53.45440596746394,16.56235680763878,8.601166007797367,7.961190799841411
1257,0,55.88015905685157,6.260357831112112,9.285156151768742,-3.02479832065663
1258,0,68.2948042615303,16.841104383125938,11.755955786566327,5.085148596559611
1259,0,64.4212176049096,5.618173746984348,11.258350396756155,-5.640176649771807
1260,0,49.21965472835237,4.6912855158496205,7.480840135701913,-2.789554619852293
1261,1,71.05249111722934,12.049412898257636,12.456285293184616,-0.4068723949269799
1262,1,71.41774226358783,16.188832373585864,12.576417595708495,3.612414777877369
1263,0,53.92111337045107,11.36335537124878,8.73131850084524,2.632036870403539
1264,1,68.08569056926707,12.363167284251135,11.719374798695705,0.64379248555543
1265,0,45.82296419927694,12.280314034636916,6.6567891735549924,5.623524861081924
1266,0,74.58700730121545,13.662747422908222,13.770137013086995,-0.10738959017877292
1267,0,45.2591102757096,7.797237032911044,6.52272805828374,1.2745089746273033
1268,0,45.98024960388373,4.924298451291879,6.6942387706600215,-1.7699403193681427
1269,0,59.83906123283908,11.38765566844236,10.390069177985515,0.997586490456845
1270,0,56.285522981241215,10.310806853961594,9.400629573864425,0.9101772800971695
1271,0,72.91756053246345,18.79002928844688,13.115472967268536,5.674556321178345
1272,1,73.42261157087091,17.680398342703715,13.309464409282771,4.370933933420943
1273,0,53.31874554919717,12.000407303175736,8.563512469853006,3.4368948333227305
1274,0,63.104437749325285,14.431850446951136,11.082803835393252,3.3490466115578847
1275,0,70.74226483888557,17.907946476500722,12.358456728731849,5.549489747768874
1276,1,64.57477477536294,6.656370757967697,11.27631470411241,-4.619943946144713
1277,0,71.27151520024303,15.825061853132407,12.52770914251446,3.2973527106179468
1278,0,50.37651409294145,6.105448306356496,7.774189421786316,-1.6687411154298202
1279,0,51.46350291750096,10.683156879771298,8.05879373546369,2.6243631443076083
1280,0,72.75709976439276,8.995819384474785,13.054910534402872,-4.059091149928086
1281,0,62.35414689080396,7.875656514051485,10.95645892352641,-3.0808024094749253
1282,0,69.55838367050582,14.524332658204235,12.02623942901299,2.4980932291912445
1283,0,52.50508442382623,11.158230713407711,8.339621540123922,2.8186091732837895
1284,1,61.407925923353424,12.985517675136627,10.766050307854954,2.2194673672816734
1285,0,69.66517232930859,16.00874320594742,12.053260323140071,3.9554828828073507
1286,0,57.00558687598552,13.064486847794267,9.60589790951496,3.4585889382793074
1287,0,45.060340011827705,8.902657374682466,6.475508100924863,2.4271492737576033
1288,0,65.26125310324261,14.984405218515436,11.353620711575221,3.6307845069402145
1289,0,54.82650168960261,3.2673109792437898,8.986080337236999,-5.718769357993208
1290,0,60.07851818651009,12.3261061337456,10.451390345377584,1.8747157883680163
1291,1,64.25869172995395,10.1699612763233,11.238928501105395,-1.0689672247820958
1292,1,71.34318199036127,16.40037972356694,12.551481684980619,3.84889803858632
1293,0,47.82782550733392,0.3900652688185273,7.138102114807398,-6.748036845988871
1294,1,68.55248839578633,17.202669001473794,11.803917278376343,5.398751723097451
1295,0,74.02850857473278,15.339710122066228,13.547481330670156,1.792228791396072
1296,0,67.18379279710139,12.483430512791193,11.58187731629399,0.9015531964972023
1297,0,69.19562695185483,13.400266751492117,11.939262467903514,1.4610042835886023
1298,1,64.69652033721567,9.789291636695296,11.2903311286652,-1.5010394919699035
1299,1,62.09643692739951,6.311923356748045,10.907823509625286,-4.595900152877242
1300,1,62.77937469662983,14.213634670748334,11.03092214898275,3.182712521765584
1301,0,46.64345211962004,6.346487671711582,6.852578910171158,-0.5060912384595762
1302,0,58.7945731294376,11.334404935193556,10.110505538576716,1.22389939661684
1303,0,59.087416251099896,9.065196563542727,10.190591126051842,-1.1253945625091148
1304,0,47.39936418059625,6.641476607851402,7.034296685599399,-0.3928200777479969
1305,0,71.77256709217363,12.538896810174768,12.697799576583058,-0.15890276640829093
1306,0,48.671114235421456,5.3182299855169815,7.34461553723966,-2.0263855517226785
1307,1,60.7214581126816,12.281539838463551,10.60952347398456,1.672016364478992
1308,0,57.37209666046209,4.526888337132784,9.710311250256154,-5.18342291312337
1309,0,74.64165230526795,11.540317415904246,13.792020419288692,-2.2517030033844456
1310,0,61.7271549803046,7.66443075913558,10.833830732186684,-3.169399973051104
1311,0,46.95023282401246,1.2750530496213082,6.926136937570826,-5.651083887949518
1312,1,72.1499970706608,10.406678682802433,12.831458139009523,-2.424779456207091
1313,1,70.52109273417078,18.123636113277367,12.29124980278986,5.832386310487507
1314,1,65.7914255896812,13.356585707297608,11.412381187106234,1.9442045201913736
1315,0,57.809130693486615,7.581750555682452,9.834532990023694,-2.252782434341243
1316,0,46.48604962201173,4.1416623517342925,6.814923519385076,-2.673261167650783
1317,0,49.549147276015354,9.065064283442435,7.56349874871986,1.501565534722575
1318,0,53.17857740321104,9.286148378023118,8.524699063710266,0.761449314312852
1319,0,68.82023611752598,15.960637012801683,11.857407274813799,4.103229737987885
1320,1,69.61673533398803,14.590724817189605,12.040926422371433,2.549798394818172
1321,0,62.10267316518764,14.352445600422165,10.909030310191858,3.4434152902303072
1322,0,45.26633127604844,7.770930149378992,6.5244436771203285,1.2464864722586633
1323,0,49.342395692792095,7.183125902579736,7.511554758717526,-0.3284288561377906
1324,0,72.28075083647923,15.956559201346709,12.878756251707976,3.0778029496387322
1325,0,48.2074553508356,11.088321509738972,7.230674894036091,3.8576466157028806
1326,1,73.41803815404718,9.491088233430483,13.307687374177819,-3.8165991407473356
1327,1,71.36420018065674,10.292843447169371,12.558490166519388,-2.2656467193500163
1328,1,59.234562208715005,9.920004629667224,10.230380866708403,-0.31037623704117934
1329,0,68.84701401051436,14.125222238679164,11.86297372814435,2.262248510534814
1330,0,47.553464676792,5.243398289703944,7.071555361364446,-1.8281570716605016
1331,1,68.16606789345585,15.291462794508735,11.733198330505001,3.5582644640037344
1332,1,63.70632413671312,11.467359438557876,11.168843937358808,0.2985155011990681
1333,0,51.095758507140594,14.026647231602922,7.961465751618883,6.065181479984039
1334,1,65.19308972276234,13.670314713871893,11.346075254019508,2.324239459852384
1335,0,63.92003669945453,9.5432441260813,11.196806145869992,-1.6535620197886924
1336,0,58.50251075064788,9.037743412646073,10.029603262114955,-0.9918598494688826
1337,0,54.320944987919674,13.971305735461092,8.84349631878603,5.127809416675062
1338,0,62.50785477964147,13.906849150173182,10.984228862965969,2.922620287207213
1339,0,72.79967955817072,10.987793345526711,13.070925678881649,-2.0831323333549374
1340,0,47.32217041993817,4.000172790015413,7.015662655490574,-3.0154898654751605
1341,1,58.38636901505022,12.711325213418087,9.997188276964518,2.714136936453569
1342,0,54.84202393818305,9.765436753369714,8.990469516050469,0.7749672373192453
1343,0,57.40002240196853,10.90392272876698,9.718262041338223,1.1856606874287579
1344,0,68.8043924473827,10.170001315086584,11.854132803040581,-1.684131487953998
1345,0,51.75139604373697,8.853677138397636,8.135685315355438,0.7179918230421976
1346,0,58.61567538793916,11.033004136908945,10.061060106861342,0.9719440300476023
1347,1,63.936060056497226,15.851275882672098,11.19885635512046,4.652419527551638
1348,0,59.94031258921673,12.529649763262151,10.416144721207118,2.113505042055033
1349,0,59.733766836513965,3.891970224073064,10.362734092332019,-6.470763868258955
1350,0,54.00019210282802,13.762448536888874,8.753458876729658,5.008989660159216
1351,1,72.16261912926656,12.605748935223044,12.836002644918347,-0.2302537096953028
1352,0,66.52857770373294,15.072346424686613,11.497704879351126,3.5746415453354867
1353,0,63.795476953314555,7.626274566574942,11.180652628867346,-3.554378062292404
1354,0,60.439007453323285,11.879082468502387,10.541301130225186,1.3377813382772015
1355,0,50.429982934690166,5.146206852426733,7.787972698937945,-2.6417658465112117
1356,0,54.567176860439965,13.675850893794635,8.912847999213682,4.7630028945809535
1357,0,47.74740534440642,10.229777041330935,7.118566750814788,3.111210290516148
1358,0,55.121990946757805,5.986762409073832,9.069735690517405,-3.0829732814435724
1359,0,58.195401428370495,8.451791306852435,9.943633520190316,-1.4918422133378808
1360,0,51.29456562648521,5.586925583039525,8.01395476724813,-2.427029184208605
1361,0,58.02880252735092,7.0078828855493,9.896688832123349,-2.888805946574049
1362,0,59.05956518272228,3.22467086659162,10.183024300162028,-6.958353433570409
1363,0,60.14511338443335,3.5376744671311657,10.468225371474919,-6.930550904343753
1364,0,64.44702420791214,3.3664024486665367,11.261393962508413,-7.894991513841876
1365,0,46.373815555369895,4.420855623951128,6.788105196101746,-2.3672495721506186
1366,0,67.85916297480273,11.039977178926978,11.68192649839738,-0.6419493194704007
1367,1,59.44646382143639,7.7143686565675775,10.287087460657993,-2.5727188040904156
1368,0,54.10746547993124,9.683699510055444,8.783530548297502,0.9001689617579416
1369,1,70.83039225138013,11.67488336881512,12.385834875492245,-0.7109515066771248
1370,0,48.98170702887232,4.486337720711103,7.4215452550103445,-2.9352075342992414
1371,1,59.78116763087748,14.11293520362927,10.37506662509202,3.7378685785372507
1372,0,58.25870099306549,15.314960186524592,9.96141793541672,5.353542251107873
1373,0,71.67801460294874,14.652636404319232,12.665029729671872,1.9876066746473597
1374,1,74.76304351001843,14.823309563577016,13.840669169711656,0.9826403938653598
1375,0,67.51822278092851,4.763868489848754,11.62942528928378,-6.865556799435026
1376,1,69.19639298813456,16.100201094370714,11.93943808224546,4.160763012125255
1377,0,74.07107393080835,7.522706354925123,13.564365050009632,-6.041658695084509
1378,0,53.58552487509401,9.241517572284256,8.637638243231068,0.6038793290531874
1379,0,52.36030953894472,10.31644210282375,8.300170139650762,2.016271963172988
1380,0,57.70134455494302,8.235531417401333,9.803950855968408,-1.5684194385670747
1381,0,48.75916549721863,6.167848888432832,7.366372954471712,-1.1985240660388792
1382,0,48.53832484928906,4.923318999789156,7.311877734304551,-2.388558734515395
1383,1,68.61707269987424,13.778700404409578,11.816467284383132,1.962233120026447
1384,1,66.49004689465919,10.886455988349208,11.493050207265608,-0.6065942189163991
1385,0,52.120564789875296,10.746991225791508,8.235121538018433,2.511869687773075
1386,0,60.40242492032606,9.992297442636934,10.532317274105738,-0.5400198314688041
1387,0,57.45095409708402,9.773833043554193,9.732760093213148,0.041072950341044745
1388,0,56.670384740458,10.817096881176774,9.510342433286509,1.306754447890265
1389,0,56.61543927431976,4.5585448600783485,9.49467747871978,-4.936132618641431
1390,1,73.3982657908803,11.064403667150934,13.300008565354943,-2.2356048982040093
1391,0,57.08765522015304,13.238615117482142,9.629286373269967,3.609328744212176
1392,0,48.34295806649466,7.0665914265978405,7.263868569784561,-0.19727714318672085
1393,1,58.843450848576815,3.8583660055760287,10.123949545863098,-6.26558354028707
1394,1,68.04357457214758,10.76253543536714,11.712246258408845,-0.9497108230417055
1395,1,69.17160036860493,10.701478033276471,11.933772055169717,-1.2322940218932459
1396,0,46.91537426756569,13.115347672059928,6.917766711044603,6.1975809610153245
1397,1,67.78873335540291,14.918359809985308,11.670716320536298,3.2476434894490094
1398,1,60.97200494176548,11.010617993799334,10.668251119320816,0.3423668744785182
1399,0,50.60190950325907,10.137577852837984,7.832439311163874,2.3051385416741095
1400,0,50.358271053854565,5.8084154290502354,7.769491597307816,-1.9610761682575806
1401,0,57.648649287153965,12.448927794309252,9.788983586834723,2.6599442074745294
1402,1,66.10480381829734,13.96818405608084,11.447832735676911,2.520351320403929
1403,0,65.98476724388462,9.755323189557918,11.434144331538096,-1.678821141980178
1404,0,49.12466261995941,9.6392788337338,7.45713006171609,2.182148772017709
1405,0,70.37298531257099,16.405164317538315,12.247489672772927,4.157674644765388
1406,0,72.89754794771326,18.28849732876813,13.107888944711329,5.180608384056802
1407,0,62.86000537451304,8.331791670999909,11.044190906653586,-2.7123992356536775
1408,0,68.82270629044464,3.773233156881029,11.85791906675692,-8.084685909875892
1409,0,47.25700039941712,9.265081784479689,6.999946026788755,2.265135757690934
1410,0,52.068680598462656,15.54379160791552,8.221091976822152,7.322699631093368
1411,0,46.75322048188433,9.696140006951824,6.878871822081443,2.8172681848703807
1412,0,49.93756308532263,7.409420163069234,7.66182335808619,-0.2524031950169565
1413,0,53.231565302123,11.76856547871884,8.539360582796174,3.229204895922665
1414,0,46.97271450730514,6.541428610844995,6.931536970285097,-0.39010835944010225
1415,0,56.66207369096296,14.987230653874832,9.50797295290446,5.479257700970372
1416,1,70.30674573612055,14.688821062157652,12.228252100077567,2.4605689620800852
1417,1,58.88309470036587,13.916861570992236,10.134831964222192,3.7820296067700436
1418,0,46.89496004688273,5.023789235332433,6.912866354675924,-1.889077119343491
1419,0,65.41048399493653,5.119351323508235,11.370113666536671,-6.250762343028436
1420,1,62.920331631838,17.21582606720652,11.053941594310476,6.161884472896045
1421,0,53.459495323173975,3.298713241436212,8.602580239327422,-5.303866997891209
1422,1,58.379447742776975,12.929604832188431,9.995252641606063,2.934352190582368
1423,0,61.0970584365306,15.491488378486777,10.696894644489705,4.794593733997072
1424,0,70.91823994155833,7.181208643019241,12.413455434368755,-5.232246791349514
1425,0,55.63950349812862,16.79204294486185,9.216680779038208,7.575362165823643
1426,1,73.27381682684478,16.329859661260517,13.251827070904529,3.0780325903559884
1427,1,73.05521380741875,9.086083605703177,13.167864484849837,-4.08178087914666
1428,1,65.04526228626537,14.880062057996025,11.32965338776171,3.550408670234315
1429,0,51.78778093103144,1.92234768435322,8.145444780450566,-6.223097096097346
1430,1,71.2590059431162,20.391554967233297,12.523579651485772,7.867975315747525
1431,0,61.92148752092309,9.271181253123393,10.87338176628704,-1.6022005131636465
1432,1,73.94115679221994,12.451486715231404,13.512889706882838,-1.061402991651434
1433,0,66.04417065100641,17.44737959373143,11.440899007031597,6.006480586699833
1434,0,56.243636016250775,9.824463981024554,9.388691975068767,0.435772005955787
1435,0,46.20260106640429,1.5405283185291183,6.747238944653734,-5.206710626124616
1436,0,45.171288027831885,13.653227145449982,6.501863903596094,7.151363241853888
1437,0,57.227309518532834,4.125796041224363,9.669076068714046,-5.543280027489684
1438,0,61.515922760919885,12.950132022596216,10.78935994756777,2.160772075028447
1439,0,71.25131409275252,10.445056042653937,12.521043425507356,-2.0759873828534197
1440,0,63.8715525257976,4.81615457654472,11.190564615736037,-6.374410039191317
1441,0,58.26808344044509,12.016502101117425,9.964051333491453,2.052450767625972
1442,0,47.27844812666791,11.557273496982276,7.00511694994685,4.552156547035426
1443,0,48.44402192135229,4.8927126334096975,7.288681109831709,-2.395968476422011
1444,0,48.111523196897195,9.50131277430088,7.2072242859831945,2.2940884883176853
1445,1,58.6814565470207,11.351770184846416,10.07928340134354,1.2724867835028757
1446,0,47.32379600864923,11.802402470794286,7.016054861240846,4.78634760955344
1447,0,58.2714917169974,11.899340933364485,9.965007769814699,1.9343331635497858
1448,1,58.715775923039836,7.1253135492847175,10.088771784743754,-2.9634582354590364
1449,1,65.30650960731185,11.746905769705275,11.358624818124806,0.3882809515804695
1450,0,53.42786803767203,5.2022090161083545,8.593793545107763,-3.3915845289994087
1451,0,73.38304936500553,14.867669917158032,13.294103441713998,1.573566475444034
1452,0,71.82956888278902,10.738352068836102,12.717698073126968,-1.979346004290866
1453,0,48.34856047746245,12.828790420139534,7.265242784011306,5.563547636128227
1454,0,69.87283499797125,13.007797978699788,12.107574804118835,0.9002231745809528
1455,1,71.31695404480685,17.869194349942724,12.542759173559904,5.3264351763828195
1456,0,62.81954107343704,10.709470603431315,11.03756624162588,-0.328095638194565
1457,1,64.81080500927779,6.446094826552015,11.303335178118957,-4.857240351566942
1458,0,69.46467483573521,18.84340827891134,12.003050296056411,6.840357982854929
1459,0,56.164657571317726,12.058715907171807,9.366186293562036,2.6925296136097714
1460,0,55.407021602470394,12.366996761681484,9.150609576754684,3.2163871849268
1461,0,52.4552018967096,3.664293998034009,8.326014349053128,-4.661720351019119
1462,0,59.44429889793507,10.05495239735298,10.28651186050326,-0.23155946315027975
1463,1,74.22073501829257,11.831626128306388,13.623859014718434,-1.7922328864120463
1464,0,57.63053247331392,10.305684178897245,9.783835646466123,0.5218485324311217
1465,1,59.170791652773566,14.684345875210832,10.213176283153233,4.471169592057599
1466,0,54.346285871337,11.497130724872028,8.850624751964924,2.6465059729071037
1467,0,65.84064071720799,11.968595866265474,11.417892797573131,0.5507030686923429
1468,1,70.14504796007878,13.105336923655496,12.182181087543315,0.9231558361121817
1469,1,68.53302449733002,16.369836029111028,11.800177721497555,4.569658307613473
1470,0,55.500363251450295,7.302608703577235,9.177126782618613,-1.874518079041378
1471,0,46.78018317753457,4.945781054524078,6.885334623890379,-1.9395535693663009
1472,0,73.49064222372432,15.429068544149636,13.335937359948957,2.0931311842006792
1473,0,50.40652962217498,4.413440698642935,7.78192422847079,-3.368483529827855
1474,1,59.210418314946814,8.929581016604171,10.223874392863054,-1.2942933762588833
1475,1,73.4101856263475,14.88196021083168,13.304637002662814,1.5773232081688668
1476,0,54.682827730080085,13.123675955054622,8.945484321207037,4.178191633847586
1477,0,48.59266297389885,4.750642787696529,7.325263569957887,-2.5746207822613574
1478,1,71.84236498003429,16.007607005403074,12.72217952905604,3.2854274763470332
1479,0,63.140310360560605,6.938917609383304,11.088276621450749,-4.149359012067445
1480,0,63.246252991775314,9.637392131524884,11.104165398980888,-1.466773267456004
1481,1,71.07561815168265,9.244276099364024,12.46373754426739,-3.2194614449033665
1482,0,49.32659006078218,7.402466409134701,7.507594528362609,-0.1051281192279081
1483,0,67.5484724582728,14.256752190102652,11.633909661201379,2.6228425289012733
1484,0,46.52441305653941,11.755462295086724,6.824096299984927,4.931365995101798
1485,1,59.07844908776308,11.45231659352062,10.188156051016955,1.2641605425036655
1486,0,71.78835232960057,15.042252396029832,12.703299333189273,2.3389530628405595
1487,0,48.51081316962016,1.3810589627482694,7.3051059559219516,-5.9240469931736826
1488,0,71.3340334268598,10.264407547768585,12.548436260132368,-2.2840287123637832
1489,1,71.54842374481379,16.52537533188525,12.620610789361299,3.904764542523951
1490,1,73.47274497185283,11.180437395548752,13.328965928984415,-2.1485285334356625
1491,0,63.078528433391455,12.16678568740014,11.078821138878073,1.0879645485220664
1492,0,59.030384600492155,11.780220441815874,10.175084533385442,1.605135908430432
1493,0,61.469536975392494,7.796380240898292,10.779394768879593,-2.983014527981301
1494,1,69.19411843976805,16.249279506972506,11.93891674228406,4.3103627646884455
1495,0,47.87562702929712,3.690561293152749,7.149725851593066,-3.4591645584403174
1496,1,68.91674142749031,16.73781762726307,11.87766001375417,4.8601576135089
1497,1,73.77875008666217,9.200903705219138,13.44879935280844,-4.247895647589301
1498,1,67.2362540210125,13.116589797634433,11.589102497041031,1.5274873005934015
1499,1,59.844231064344086,13.450503918000296,10.39140563593529,3.059098282065005
1500,1,69.81260601572356,10.974656397161128,12.091585080180206,-1.1169286830190774
1501,0,62.477017957150366,10.28788860437236,10.978733693196952,-0.6908450888245916
1502,0,51.45182990676452,11.213134314630077,8.055688685950079,3.157445628679998
1503,0,66.94753768759527,15.117549298931957,11.55030982136105,3.567239477570906
1504,0,50.25066335717092,3.591635935376732,7.74183127799258,-4.150195342615849
1505,0,54.838634469752776,13.679770912407594,8.989511033576742,4.690259878830853
1506,0,62.808286591559,2.966486227474843,11.035711487845935,-8.069225260371091
1507,1,62.31864950341749,18.256867928659982,10.949912317564426,7.306955611095557
1508,1,68.5377127606651,17.834634761364715,11.801076675902271,6.0335580854624435
1509,0,53.22686941645727,12.791812658346924,8.538060699552478,4.253751958794446
1510,0,45.80060517858938,1.242084910063114,6.6514679024122225,-5.409382992349109
1511,0,54.71088101700996,13.582613804725526,8.95340657322342,4.629207231502106
1512,0,52.29182800926934,5.963911532241988,8.281552929743105,-2.3176413975011174
1513,0,46.41285959731204,10.676571525419202,6.797431952641893,3.8791395727773095
1514,1,59.67411929587609,9.733356264051954,10.347153805407748,-0.6137975413557939
1515,0,52.418294640886415,6.51626008158212,8.315956123733121,-1.7996960421510018
1516,0,51.76941040834813,6.6590065093030075,8.140516137671751,-1.4815096283687437
1517,0,50.817316877218765,7.155069031252276,7.888476974149171,-0.7334079428968954
1518,0,53.6550917778876,12.010350512522836,8.657019590663332,3.353330921859504
1519,1,72.73757652698941,15.686966013144392,13.04758126027034,2.6393847528740526
1520,0,47.55744792366821,1.899187629784488,7.072519530042202,-5.173331900257714
1521,0,57.64912465606941,12.719280145217247,9.789118649999311,2.930161495217936
1522,0,58.12272810583315,4.83022014828842,9.923178780855903,-5.092958632567482
1523,0,60.55050957860479,12.2046952112252,10.568478066853968,1.6362171443712317
1524,1,66.54863242878561,8.829687170989205,11.500138503677185,-2.67045133268798
1525,0,54.85845908088826,6.835456908493014,8.995117503548961,-2.1596605950559473
1526,0,56.25710653328564,14.489554274732036,9.39253090764585,5.0970233670861855
1527,0,49.1659736786751,3.6643912226255058,7.467434904193964,-3.8030436815684583
1528,0,57.53447972411447,13.580975302499098,9.756526039992371,3.824449262506727
1529,1,70.09361420372993,16.842140116787164,12.16779646731022,4.674343649476944
1530,0,65.28425306095686,7.596055504781363,11.356164299683037,-3.760108794901674
1531,0,63.95490048827716,13.709361244893651,11.201259199070334,2.5081020458233176
1532,1,66.69324403684017,11.350031594489842,11.517921861396655,-0.16789026690681297
1533,0,50.69751990148806,9.655991790133166,7.85726673905315,1.798725051080016
1534,0,69.83389550667718,8.228025358359396,12.097215198181775,-3.869189839822379
1535,0,68.62978567901348,14.028782007868369,11.818963554721053,2.2098184531473155
1536,0,68.93801377845448,8.429907585266111,11.882196257877018,-3.4522886726109068
1537,0,67.9742674711096,8.136515988910787,11.700682997902515,-3.5641670089917277
1538,0,57.59579212853909,11.300984503566736,9.773961268496874,1.527023235069862
1539,1,63.58041089502999,13.288312994687209,11.151790082104323,2.136522912582885
1540,1,74.53241006971545,13.487258178128092,13.748285086851531,-0.2610269087234389
1541,1,63.00851556439845,13.474484151127283,11.06793100681024,2.4065531443170443
1542,1,64.74089194076515,11.793423303380443,11.295396250843865,0.4980270525365782
1543,0,45.58524040925026,7.504902663543039,6.600238730192946,0.9046639333500925
1544,0,52.461582387514966,13.953954239776452,8.327754028201229,5.626200211575224
1545,0,63.59043732125302,8.20049462743299,11.153164862541235,-2.9526702351082452
1546,1,59.59143234140606,10.137793895213864,10.32544508630148,-0.18765119108761574
1547,1,74.16591613387935,14.703222306885472,13.602044831559235,1.1011774753262369
1548,0,56.15922242393162,15.51835705987078,9.364637644502901,6.153719415367879
1549,0,72.29813118166257,10.806326921408472,12.885079543521423,-2.078752622112951
1550,1,64.71031616603844,9.906828337244619,11.291908278056253,-1.385079940811634
1551,0,54.55201960650321,6.893135971054438,8.908573546313782,-2.0154375752593445
1552,0,53.372949882087696,3.0892977042029135,8.578547055536172,-5.4892493513332585
1553,0,49.317787110034416,2.183632179143488,7.505389527802767,-5.321757348659279
1554,0,56.96450721678042,10.155437072504965,9.59418938593456,0.5612476865704039
1555,0,51.080947429939755,12.041436926056807,7.9575676479475925,4.083869278109215
1556,1,67.46500515172748,13.733100677098331,11.62161336561736,2.111487311480971
1557,0,68.12806900005324,6.059534950559498,11.726626994303336,-5.667092043743838
1558,0,73.87393231068644,10.091408154687976,13.486324082908347,-3.394915928220371
1559,1,70.45701424113332,19.35654664377221,12.27219186276118,7.0843547810110294
1560,0,59.58185178739807,8.654518494932333,10.322921677507473,-1.6684031825751404
1561,0,46.47330106292598,5.968846271654497,6.811875984903838,-0.843029713249341
1562,0,57.34581598573646,7.553033570827976,9.702828023954416,-2.1497944531264395
1563,0,52.65262515699874,3.1575792187196448,8.379953264169021,-5.222374045449376
1564,0,65.0112773721062,14.469041156091953,11.325862648684915,3.143178507407038
1565,0,55.416222720158686,8.10371352682663,9.153222837737054,-1.049509310910425
1566,0,58.36350213472032,14.751391420784628,9.990791605745974,4.760599815038654
1567,0,61.98139851353073,12.428593809766188,10.885302716954342,1.5432910928118453
1568,0,72.48584779100847,12.632401218462874,12.95389397469891,-0.32149275623603657
1569,1,70.33990561009773,14.425574794506373,12.23785640747663,2.1877183870297436
1570,0,62.23663000263736,11.681721069036428,10.934597774432572,0.7471232946038562
1571,0,45.5830662976769,-0.1565753980985817,6.59972178412698,-6.756297182225562
1572,0,61.66391101791898,3.1261910276933724,10.8206745956116,-7.694483567918227
1573,1,60.39189212911269,7.528441700520328,10.529724579419037,-3.001282878898709
1574,0,53.36566407598075,11.366721363133752,8.576525402347396,2.790195960786356
1575,0,57.63953707723752,12.79583324979562,9.78639445888262,3.0094387909130003
1576,0,48.81386813836876,4.03909666950468,7.379910251342978,-3.3408135818382982
1577,0,50.43120648910342,7.34260673600387,7.788288360029271,-0.4456816240254007
1578,1,74.39630060769032,20.18661104752346,13.693873419350624,6.492737628172836
1579,1,70.35504101756781,14.300247937229404,12.242257601678979,2.057990335550425
1580,1,63.766036176455394,13.344915705902794,11.176776588035501,2.168139117867293
1581,0,67.71726124686072,16.52344386765316,11.659539901852241,4.863903965800919
1582,0,63.342882861624815,15.370346919381564,11.118313255936133,4.252033663445431
1583,1,73.92464237546989,18.952267161238247,13.506358953219037,5.44590820801921
1584,1,67.56185114611267,11.305147803140525,11.635903305731617,-0.3307555025910922
1585,0,55.667095028604656,7.805175813010393,9.224527753743404,-1.4193519407330104
1586,0,55.2649448817,7.887301572345008,9.11027716017361,-1.2229755878286017
1587,0,48.00610724207619,6.152242449597219,7.181501116483919,-1.0292586668867
1588,1,64.07139355723083,16.309828616227428,11.215935307841782,5.0938933083856455
1589,0,51.12420970985788,8.607710033020737,7.968958618118315,0.6387514149024218
1590,0,59.02933232145136,13.283032740352564,10.174797996179512,3.1082347441730516
1591,1,60.788307428084174,11.666218215565625,10.625362794506202,1.0408554210594225
1592,1,70.59629970109718,10.787847350949477,12.313857053048748,-1.5260097020992713
1593,0,57.521703039782366,10.211786161069114,9.752891589768808,0.45889457130030564
1594,0,62.5555803302986,11.857424569541289,10.992657430066547,0.8647671394747416
1595,0,49.705525418698656,3.937140926311171,7.602965592986082,-3.6658246666749106
1596,0,57.73110050274696,12.074708223996742,9.812398156662006,2.2623100673347363
1597,0,45.343193747220965,6.202874188307588,6.542706502348237,-0.33983231404064895
1598,0,47.591156088563054,1.1398160009883027,7.080681053464921,-5.940865052476618
1599,0,55.70963372847844,16.38244750151418,9.236627737682605,7.1458197638315735
1600,0,54.99832609761766,9.750665600597337,9.034700095042538,0.7159655055547987
1601,0,69.61175399784223,8.664290483053735,12.039665286615637,-3.3753748035619022
1602,1,70.82232229519649,13.320779950581247,12.383313950206244,0.9374660003750037
1603,0,72.09370706945681,6.90134694903531,12.811247934885076,-5.909900985849766
1604,0,54.467889392023295,10.526817170093397,8.884860778800208,1.6419563912931885
1605,1,67.02424561626233,15.894212910535018,11.560392192175263,4.333820718359755
1606,0,59.03229662800588,11.550475833545685,10.175605142108624,1.37487069143706
1607,0,57.56798226092499,13.023089177374851,9.76605427668005,3.2570349006948014
1608,1,60.97932896257292,8.92366327365077,10.669941248991906,-1.746277975341135
1609,0,55.226357615659424,14.622086795077257,9.099329761171068,5.522757033906188
1610,0,66.98276472959051,10.67810865776162,11.554920867092813,-0.8768122093311934
1611,1,69.58911676996335,8.203441770372645,12.03395140748239,-3.830509637109744
1612,0,70.38902759362436,9.980263391212464,12.252180060728868,-2.271916669516404
1613,0,67.33052314623433,10.0849571618731,11.60229693389681,-1.5173397720237087
1614,0,56.523527700319136,10.237383317109892,9.468473921644357,0.7689093954655348
1615,1,61.250587573233965,8.308060080883811,10.731422570207316,-2.4233624893235053
1616,1,59.35714523135261,13.948368061037746,10.263274305413118,3.685093755624628
1617,1,71.31913525013996,14.1464920076067,12.543483583226692,1.6030084243800076
1618,0,61.506925019999365,8.065307945016578,10.787432462713955,-2.7221245176973774
1619,1,71.73644125211524,14.715487598804748,12.685243889998134,2.030243708806614
1620,1,67.61276793110775,15.968591139571007,11.643549455836446,4.325041683734561
1621,1,69.42222934612795,19.09599386259929,11.992709765825854,7.103284096773436
1622,0,49.466573089100656,8.227150571846364,7.542721236782203,0.684429335064161
1623,1,70.90513781710294,16.07979704858993,12.409315351050054,3.670481697539877
1624,0,60.20203177797202,13.956182959653034,10.482535341953929,3.473647617699106
1625,1,65.00678646827971,17.979096327302713,11.325361205888866,6.653735121413847
1626,0,55.16817659278456,12.247608383181092,9.082829217523265,3.1647791656578264
1627,0,72.44319801225004,8.505572335159636,12.938177335000537,-4.432604999840901
1628,1,59.542521210816886,14.310879859279368,10.3125451048736,3.998334754405768
1629,1,59.37717998228828,3.6783084717623487,10.26862731919465,-6.590318847432301
1630,1,63.430592163923855,14.120990408208907,11.130883523341154,2.9901068848677532
1631,0,50.1708631648406,6.963805175426939,7.7213734179024245,-0.757568242475485
1632,0,47.13563718719214,0.5624684397441831,6.9707127606637185,-6.408244320919535
1633,0,74.61510232263694,15.368687569156608,13.781386643965785,1.5873009251908226
1634,0,45.107975669849566,0.5468424082390015,6.486823772504212,-5.93998136426521
1635,0,52.94121830981996,10.877831497806802,8.459195335156158,2.4186361626506443
1636,0,56.585299410022394,12.402309253740569,9.486084647688484,2.9162246060520847
1637,0,49.88778849208957,1.701001600088632,7.6491672323812185,-5.948165632292587
1638,0,55.98507853024846,4.556050183255479,9.315030519322105,-4.758980336066626
1639,0,58.101164256258286,8.348031200506883,9.917102249738843,-1.56907104923196
1640,0,50.68831182898048,4.973142477101133,7.854872524881928,-2.8817300477807954
1641,0,51.75200819021256,6.1408954129998,8.135849434696306,-1.9949540216965058
1642,0,70.054131009449,9.226209638076515,12.156844026987992,-2.9306343889114768
1643,0,50.67452347835432,5.488163035477792,7.8512886327942075,-2.363125597316415
1644,0,71.29350317590664,13.800088480877536,12.534982131639845,1.2651063492376906
1645,0,66.03177233609925,11.205649454735012,11.439486188569143,-0.2338367338341314
1646,0,58.02026052823473,13.215968832041394,9.894276924195893,3.3216919078455014
1647,0,73.5955520759309,8.54285956025775,13.376899467419692,-4.834039907161943
1648,1,73.63959287961994,13.68106550928712,13.394142781624813,0.2869227276623061
1649,1,73.62080829975274,16.919229751337383,13.386784713049593,3.53244503828779
1650,0,47.51977051962595,12.33999083446862,7.063401727710463,5.276589106758157
1651,0,70.28034309203944,19.056875726064103,12.220642629568223,6.83623309649588
1652,0,74.55366675430123,16.987364384040834,13.756791261410473,3.2305731226303607
1653,1,73.46194853476666,15.345391987927623,13.324762849248703,2.0206291386789204
1654,0,63.92607911708679,6.786943011082025,11.19758000318586,-4.410636992103836
1655,0,56.990398477489926,7.967006486049518,9.601569006732888,-1.6345625206833692
1656,0,45.84677437298256,8.251728543019402,6.662456431504,1.5892721115154016
1657,1,60.21453940800277,17.815761053301873,10.485670027130173,7.330091026171701
1658,1,71.86894678275175,14.77809643240689,12.731505872042128,2.0465905603647627
1659,1,74.27662204407265,11.228919879117065,13.64612264551731,-2.417202766400246
1660,0,52.53939040087632,7.202566362685337,8.348988178568653,-1.1464218158833166
1661,0,62.01546615636708,15.671640743565668,10.892023003965619,4.779617739600049
1662,0,50.907665945701154,2.293506939370476,7.912091802524015,-5.618584863153538
1663,1,61.166957054598896,10.391177782252353,10.712703141667758,-0.3215253594154053
1664,0,52.306901317581854,8.12411671548434,8.285648250094667,-0.16153153461032765
1665,0,50.920612025944095,9.783719958916407,7.9154810065352414,1.8682389523811658
1666,1,68.75289292687185,18.89395062894251,11.843586045725878,7.050364583216631
1667,0,46.95282562642922,10.306790857519935,6.926759650965025,3.3800312065549107
1668,0,49.84502178113807,6.691494833275808,7.638306424856446,-0.9468115915806381
1669,0,49.68576824047388,5.77642129154842,7.597970555321546,-1.821549263773126
1670,0,47.277936984609184,10.112593561306788,7.004993699708159,3.1075998615986293
1671,0,45.30055764584438,3.4478198114712875,6.5325756965401025,-3.084755885068815
1672,0,73.94708362493549,10.939177991432413,13.515234236210762,-2.57605624477835
1673,0,69.4954159971792,12.152022988034728,12.010603129389693,0.14141985864503503
1674,0,45.873140967182856,10.754193746523343,6.668732937373007,4.085460809150336
1675,1,62.23475452669307,9.32690403930376,10.934244542284313,-1.6073405029805539
1676,0,49.914003194756205,7.095285198339343,7.655830707105025,-0.5605455087656823
1677,1,65.83529478262089,9.76418526302668,11.417293268939755,-1.653108005913074
1678,0,57.495662270357805,13.93568220930584,9.74548291098902,4.19019929831682
1679,0,46.5523275788389,12.599003654248728,6.830772669717977,5.768230984530751
1680,0,65.90372837427671,5.014203517380366,11.42498459150486,-6.410781074124493
1681,0,72.78332699762974,16.847838138250854,13.064770285985247,3.7830678522656065
1682,0,54.883085127175214,8.13448404765549,9.002083223950084,-0.8675991762945934
1683,1,65.3993519386043,15.096705738495196,11.36888373928306,3.7278219992121358
1684,0,45.19431573816961,7.697705586566877,6.507334446619769,1.190371139947108
1685,0,52.60520217763262,9.479199504143507,8.366976056880286,1.1122234472632204
1686,0,52.87790877810982,5.853757646976064,8.441773106615695,-2.5880154596396316
1687,0,56.136076921325255,2.7764262400134863,9.358042975411555,-6.581616735398069
1688,0,58.38091679695347,5.922456234895214,9.99566351976579,-4.073207284870576
1689,0,48.59223020060119,5.1674644474710485,7.325156901289875,-2.157692453818827
1690,0,46.06653910709409,8.339818001785993,6.714798141291065,1.6250198604949277
1691,0,45.455937280310856,2.8792885484045425,6.569499981280971,-3.690211432876428
1692,0,50.35135637784103,13.191141917524313,7.767711624014322,5.42343029350999
1693,1,73.02153664183271,8.63926113570631,13.155011056304044,-4.5157499205977345
1694,0,49.44037230568523,9.27016700762295,7.53613740487326,1.7340296027496898
1695,0,64.80073207258013,8.289909215506377,11.302194335817351,-3.012285120310974
1696,0,52.310067257513765,9.17195598946046,8.286508593340299,0.8854473961201617
1697,1,69.97195283354807,17.34866594353289,12.13430164554837,5.21436429798452
1698,0,45.38422976643061,9.337115728003011,6.552457912041331,2.7846578159616806
1699,0,53.075454372263806,13.916529656908608,8.49620515632101,5.420324500587599
1700,0,62.56288437366096,12.532843452232552,10.99393914718918,1.5389043050433724
1701,0,52.00670126817006,8.370695516058461,8.204355599350372,0.16633991670808967
1702,0,63.09040000047749,10.748973113454696,11.080649136364876,-0.3316760229101803
1703,1,72.03653065379699,14.59734558640196,12.790815725184501,1.8065298612174594
1704,1,67.51865390085321,8.171127145819163,11.629488975067188,-3.458361829248025
1705,1,72.40973829758809,13.70450091860719,12.92588045757964,0.7786204610275504
1706,0,48.073294435630565,1.984326073644508,7.197890403495325,-5.213564329850817
1707,0,69.5647795341746,13.451139458681078,12.027840048895264,1.4232994097858143
1708,1,66.32279917116267,11.216227147359929,11.473145102352708,-0.2569179549927796
1709,0,47.354061670180485,9.830096548074515,7.023358617345186,2.806737930729329
1710,0,66.25948870308137,6.630570559340217,11.465726270113304,-4.835155710773087
1711,1,58.61989054943184,16.700944630210916,10.062229238788472,6.638715391422444
1712,0,57.64407271239283,6.149093114562314,9.787683239976518,-3.638590125414204
1713,1,70.57062145342982,8.456507250858339,12.306109324560655,-3.849602073702316
1714,1,69.5909677461461,11.049802145497924,12.034417551261273,-0.984615405763348
1715,0,57.88418788426428,15.062173883843688,9.85579875357169,5.206375130271997
1716,0,49.34496311027926,10.205590710296038,7.5121981881615385,2.6933925221344994
1717,0,64.49691789269636,11.925232579290403,11.2672494150937,0.657983164196704
1718,0,45.70178349666977,10.834771982302383,6.627955512131806,4.206816470170577
1719,0,52.533412183135454,13.58279804868441,8.347355437452844,5.235442611231566
1720,0,51.961436522054555,12.931388018952646,8.192148638798121,4.739239380154524
1721,0,55.221639793159646,15.524448360427694,9.097991495814986,6.4264568646127085
1722,0,45.70524456239579,11.936250439490845,6.628778827458683,5.3074716120321614
1723,0,57.46143331760223,6.695675918049885,9.73574255069099,-3.040066632641105
1724,1,61.3953765368686,9.073432018275623,10.763317193098516,-1.6898851748228925
1725,0,53.60910766960634,13.955247914254604,8.64420608223151,5.311041832023095
1726,0,52.254042364964086,9.07530214570245,8.271292992635312,0.8040091530671383
1727,1,65.67605333576833,7.626379545688312,11.39952009382115,-3.7731405481328384
1728,0,61.222325453851326,15.55063968661759,10.725120504015631,4.825519182601958
1729,0,49.905505800647305,5.868837340766639,7.653670255380794,-1.7848329146141548
1730,0,49.57265281308456,7.1041827614261255,7.569421105228897,-0.4652383438027714
1731,1,58.79283414150973,6.747135119154928,10.110026687110864,-3.362891567955936
1732,0,58.28042752602734,9.494739390829347,9.967514907525988,-0.4727755166966414
1733,0,52.664666590057,4.491354601560426,8.383250413081683,-3.891895811521257
1734,1,71.28247222903246,11.421689262524955,12.53133111715836,-1.109641854633404
1735,0,47.511622788481205,10.462763748874393,7.061430659407238,3.4013330894671547
1736,0,57.871083561577606,14.527996803203449,9.852087901800932,4.675908901402517
1737,1,71.76736751891038,15.398231122632032,12.695989782038746,2.702241340593286
1738,0,50.097091406819466,10.681104300204153,7.702501706705924,2.9786025934982288
1739,0,53.675022713264795,10.413200151879163,8.662576157068798,1.7506239948103648
1740,1,63.79438586746623,8.897612042510419,11.180509387828995,-2.2828973453185757
1741,0,53.6479014335537,7.048389946880795,8.65501540016999,-1.6066254532891948
1742,0,57.18173997461453,10.47512084180614,9.656094162851526,0.8190266789546143
1743,1,61.411787555232,13.666098205372633,10.766890309744005,2.899207895628628
1744,0,48.08597557716017,12.532320505533525,7.2009859195305355,5.331334586002989
1745,1,73.65120846149489,16.417322402340638,13.3986951450598,3.018627257280837
1746,0,56.05274761413824,9.06997035204581,9.334303949943566,-0.264333597897755
1747,0,52.77575894563197,10.759343190643676,8.41370769108479,2.3456354995588864
1748,1,66.995981232574,16.925841015334615,11.556659179672588,5.369181835662028
1749,0,65.34839304298849,10.571658074090292,11.363253499076102,-0.7915954249858093
1750,0,72.20898194679614,11.558649231608465,12.852734779649168,-1.2940855480407034
1751,1,70.07660990044072,8.464016537618683,12.163069937824577,-3.6990534002058943
1752,1,67.99645404991219,14.029395656382007,11.704362187769547,2.3250334686124603
1753,0,61.896557999982576,16.842961886693185,10.868383081339001,5.974578805354184
1754,0,49.34614566275139,13.326826641660992,7.512494565126928,5.814332076534064
1755,0,46.85790983686394,11.862975886491174,6.90397537764222,4.959000508848955
1756,0,69.25764543469101,8.628806702702454,11.953592553117309,-3.3247858504148553
1757,0,52.87078946675591,4.500943452783195,8.439815267809124,-3.9388718150259283
1758,0,53.928894547449175,13.19957325317312,8.733496005103621,4.4660772480694995
1759,0,61.79200899724188,8.835258771409844,10.847178048091756,-2.011919276681912
1760,0,60.14947761289833,8.662029598010138,10.469325182633275,-1.8072955846231373
1761,0,56.25833352659558,3.910534967241784,9.392880590787371,-5.482345623545587
1762,0,47.26165618429293,10.680442927454685,7.001068386896745,3.67937454055794
1763,0,61.164743772046535,10.04476527607932,10.712204833943767,-0.6674395578644479
1764,1,63.925983969501786,11.81259420992285,11.197567824349205,0.6150263855736444
1765,0,46.34308404735879,8.05901416057055,6.780766160931716,1.2782479996388343
1766,0,52.32542327693585,11.751883939905664,8.290682460848677,3.461201479056987
1767,0,64.97259514774554,5.1502079718773714,11.321539253763227,-6.1713312818858554
1768,1,63.151847703901375,13.21145078994115,11.090026661074122,2.1214241288670284
1769,0,73.61153866227954,10.673481890632647,13.383155543212608,-2.7096736525799603
1770,1,73.70184382199001,17.0570342267674,13.418561505538793,3.638472721228606
1771,1,68.46807866900505,17.00258279597671,11.787840554132435,5.2147422418442755
1772,1,63.01499744910004,12.318445878877569,11.068947177919172,1.2494987009583962
1773,0,62.61194485771555,9.413139515932594,11.00249143305426,-1.5893519171216663
1774,0,64.45371101232553,9.202522254562734,11.262180900169975,-2.059658645607241
1775,0,47.06456693806313,8.663627182860726,6.9536141648931205,1.7100130179676052
1776,1,68.67089842941616,11.200583811978154,11.82709530476031,-0.6265114927821553
1777,1,67.9688749583875,13.940632418852674,11.699791921833198,2.2408404970194766
1778,1,74.89684028369999,12.98967729668831,13.89432877912161,-0.9046514824332998
1779,1,74.12358457384684,22.465127105679443,13.585217045986685,8.879910059692758
1780,0,51.112333678760955,1.5667202971957137,7.965830191612385,-6.3991098944166716
1781,0,47.68963599215824,1.8176613838156173,7.10454888406173,-5.286887500246113
1782,0,46.57067659571644,4.56866542299252,6.835162149087298,-2.2664967260947773
1783,1,73.6602642003838,16.478516018852346,13.402245543415491,3.0762704754368553
1784,0,73.88465082054162,12.610345187417192,13.490556415846333,-0.8802112284291415
1785,0,50.09594429068494,9.957903817347848,7.7022085659661785,2.2556952513816695
1786,1,72.47452213244316,12.206756695660523,12.949715834142346,-0.7429591384818224
1787,1,70.12166631859826,14.919389559368192,12.175625522574752,2.74376403679344
1788,0,52.252247591054186,6.35745241235211,8.270805878271538,-1.9133534659194282
1789,0,52.98649790114744,12.079964780653768,8.47166882236726,3.608295958286508
1790,0,50.008375370071136,4.2870915545122905,7.679858016908169,-3.392766462395879
1791,0,48.12309387476794,5.831692098357287,7.210050606779899,-1.378358508422612
1792,0,58.9372692473481,12.336862571617862,10.149670654966307,2.187191916651555
1793,0,54.09571729671788,12.767993827219891,8.780235157378822,3.987758669841069
1794,0,57.45012836961276,8.381693032548739,9.732525077360929,-1.35083204481219
1795,0,70.32126135759515,12.044345280654635,12.232449884366552,-0.18810460371191695
1796,0,46.63484861222362,5.549070416928469,6.850519286722662,-1.3014488697941928
1797,0,48.50926608036183,1.5793355430040767,7.304725262114211,-5.725389719110134
1798,1,72.18877961394686,16.58466564969381,12.845436259312825,3.739229390380986
1799,0,69.5441087573916,10.059558769281567,12.022675220284922,-1.963116451003355
1800,0,50.8945408031008,9.6027690312454,7.908657113391309,1.6941119178540909
1801,1,71.87541172946563,9.61020954044104,12.733777549657534,-3.123568009216493
1802,0,45.472601431247526,7.720245254465524,6.573460838382247,1.1467844160832765
1803,1,64.32628606632382,8.807951659277489,11.247061413643772,-2.4391097543662834
1804,0,56.67379949840947,3.722519720980314,9.511315980280447,-5.788796259300133
1805,1,62.97988085765078,8.644485837722401,11.063422237758289,-2.4189364000358875
1806,0,55.72830549703457,6.818772730047309,9.241939623845324,-2.4231668937980153
1807,1,74.93019244528445,11.935729360451138,13.907708422412782,-1.971979061961644
1808,1,58.420645945688726,4.932008679054779,10.006767974968973,-5.074759295914194
1809,0,73.42764939425452,16.535333100144207,13.311422281849863,3.2239108182943443
1810,0,65.70789160387186,11.79183366013118,11.403061893292522,0.38877176683865855
1811,0,48.80394340851598,-0.0208178900758753,7.377453002999914,-7.3982708930757894
1812,0,59.10153854117901,9.225938595082383,10.194423764525268,-0.9684851694428858
1813,1,70.39820592026865,14.35919689920401,12.254869045625677,2.104327853578333
1814,0,57.045582943462655,6.182437131284313,9.617296768514802,-3.4348596372304883
1815,1,60.481359055687896,11.357638583115516,10.551660430953971,0.8059781521615452
1816,0,69.65994546917896,11.422728910165176,12.051923186794884,-0.6291942766297076
1817,0,46.127969920416106,12.151491854380716,6.729441301155192,5.422050553225524
1818,0,53.2337493301569,4.458158178162763,8.53996518703283,-4.081807008870068
1819,0,53.93354050754596,2.553603984513935,8.734796253665486,-6.181192269151551
1820,0,60.5415009222259,12.627047779653264,10.566294000938626,2.0607537787146377
1821,0,52.565166980590725,14.095720210467782,8.356030529914069,5.739689680553713
1822,1,58.25371841040501,12.1778111268891,9.960019175275658,2.2177919516134423
1823,1,69.88021298448645,13.893432778634748,12.109546643911695,1.783886134723053
1824,0,46.86738297774616,6.5022553107956655,6.906248318118715,-0.40399300732304955
1825,0,56.41958385400722,8.066388030498706,9.438841884605456,-1.37245385410675
1826,0,66.1328457759724,5.778401068297996,11.451053890154562,-5.672652821856565
1827,0,72.15390248883875,8.918958213483494,12.832863770084732,-3.9139055566012377
1828,0,63.88944223908141,12.016665752529567,11.19287432373602,0.8237914287935464
1829,0,54.339706443165134,6.260180568893236,8.84877374538448,-2.588593176491245
1830,0,51.19567616251864,9.299608130938907,7.987807802623959,1.3118003283149475
1831,0,45.1260495438217,0.3734420628515229,6.491117228545612,-6.117675165694089
1832,0,56.789250594438506,7.64800304646743,9.544230463849862,-1.8962274173824323
1833,1,73.48913923630144,19.465030532226976,13.335351718311603,6.129678813915373
1834,1,64.09187148340213,10.80423540850454,11.21848416111205,-0.4142487526075094
1835,0,64.55632649206301,13.427451743415904,11.274174266425767,2.1532774769901373
1836,0,57.814409592495885,13.4549100684056,9.836029510887224,3.6188805575183753
1837,1,68.92725765536616,10.635663899801408,11.87989927377697,-1.2442353739755632
1838,0,48.922661964402096,9.654921167336376,7.406880815144625,2.248040352191751
1839,0,46.846465388550484,0.6228151243647088,6.901229758869694,-6.278414634504985
1840,0,54.548279633959325,13.368505417819996,8.907518952413316,4.46098646540668
1841,0,58.67012671158248,7.295534056607377,10.076148098025904,-2.7806140414185263
1842,0,60.658789528091816,9.080051336191872,10.59456564269789,-1.514514306506019
1843,0,46.39612615314704,5.146384666708604,6.7934343436177365,-1.6470496769091323
1844,0,52.89475087903183,10.921950580864657,8.446405828604696,2.4755447522599603
1845,1,62.39190809534093,13.529242754647449,10.963368499469178,2.5658742551782705
1846,0,56.18883415114069,5.545505517506252,9.37307522455246,-3.827569707046208
1847,0,53.523042134277766,4.889130557676724,8.620248442345746,-3.731117884669022
1848,0,57.39819046429808,13.407790266856242,9.71774049706342,3.6900497697928216
1849,0,64.68848020200852,16.433104653715752,11.289410982306274,5.143693671409478
1850,0,63.64913456459839,9.453103952914494,11.161154262074312,-1.7080503091598178
1851,0,45.89611681516564,1.52646815010527,6.674202965638803,-5.147734815533533
1852,1,68.97936886377872,17.554339118149347,11.891090620569441,5.663248497579906
1853,0,67.77291663807931,15.073880053864952,11.668225863721853,3.4056541901430997
1854,0,63.18375520757458,3.3959943556751275,11.094841205770425,-7.698846850095298
1855,1,72.42955474148954,17.50077310015139,12.933159708045542,4.56761339210585
1856,0,58.3008932512944,13.279786073235607,9.973254568785368,3.3065315044502395
1857,1,72.26367038784988,16.798113129106763,12.872550235583727,3.9255628935230362
1858,0,47.15411996810405,6.811934510053779,6.97516191076167,-0.16322740070789088
1859,0,51.97398791178964,2.4544847053968253,8.195532129172966,-5.74104742377614
1860,0,48.25014192888312,10.752242432331126,7.2411227144377905,3.5111197178933358
1861,0,74.88868917475429,20.01104152687229,13.891059007542054,6.119982519330236
1862,0,54.5287484620833,1.1342901234896825,8.90201224943583,-7.767722125946147
1863,0,48.44320947110016,12.942454468800316,7.288481449681426,5.653973019118889
1864,0,54.680954017000886,6.595061016859851,8.944955262160171,-2.3498942453003204
1865,0,48.83132191705011,3.8063526757785646,7.384232870334611,-3.5778801945560468
1866,1,72.90364377759497,19.8166639071496,13.110198131090279,6.706465776059321
1867,0,62.743792303913885,16.890804478839605,11.02497893793318,5.865825540906425
1868,0,74.20137953986729,13.652682819124292,13.616154057126392,0.036528761997900006
1869,0,47.97458926462482,11.298621530464672,7.173819299136176,4.124802231328496
1870,0,45.50286531836364,10.882789870142352,6.5806546441551035,4.302135225987248
1871,1,70.85632558116926,13.680060427595134,12.39395479053379,1.2861056370613433
1872,1,72.32875170320567,21.1824574964188,12.896240089512897,8.286217406905902
1873,0,51.12437839012621,6.983667695767776,7.969003060437099,-0.9853353646693224
1874,0,55.832164599964315,7.314445872045666,9.271494293429198,-1.957048421383532
1875,0,68.51144213806491,16.263702325650737,11.796053996388798,4.467648329261939
1876,1,62.29487327971461,7.806785278987903,10.94549978001202,-3.1387145010241166
1877,1,72.98068689503006,11.76429908573922,13.139450836521839,-1.375151750782619
1878,0,63.408459211731966,11.118059830530878,11.127735215483352,-0.00967538495247311
1879,1,69.98642941360404,9.628374558549314,12.138247708272996,-2.5098731497236813
1880,1,69.24330092703798,10.21039104887697,11.950257926725099,-1.7398668778481294
1881,0,58.465589018843616,8.677759320779694,10.0193122411873,-1.3415529204076062
1882,0,47.36323238331954,7.7057895820291025,7.025572296190223,0.6802172858388795
1883,0,49.47374227652136,8.595992319863491,7.544523477783984,1.0514688420795073
1884,0,55.95486433626629,15.601021727918814,9.306426312187394,6.29459541573142
1885,0,52.93843983617194,7.039914241759496,8.458430279008002,-1.418516037248506
1886,1,71.92761554796999,8.240033515948777,12.752169744119735,-4.512136228170958
1887,0,66.19062964617703,13.822876540479706,11.457722188164443,2.3651543523152636
1888,0,62.927329501787696,9.284666657381305,11.055063076856404,-1.7703964194750998
1889,0,59.54204176041507,9.728703098136847,10.31241844073075,-0.5837153425939032
1890,1,64.8792257976736,14.313862121014328,11.311059846656986,3.0028022743573413
1891,0,58.4752994833642,7.165783485902395,10.022020068271733,-2.8562365823693376
1892,0,50.96053371447455,4.570664606551704,7.925940813131794,-3.35527620658009
1893,0,70.18985417015747,11.048918766314143,12.194819198135445,-1.1459004318213015
1894,1,70.76059735132841,13.042951625246303,12.364124407082137,0.6788272181641659
1895,1,61.60794198568884,16.026274491968667,10.808917928517408,5.2173565634512595
1896,0,50.3290464551264,5.45170556906834,7.761971031696864,-2.310265462628524
1897,1,62.65799902003644,4.24022977005086,11.010428988197527,-6.770199218146667
1898,1,74.38300420504169,16.859646295405927,13.688563632128885,3.1710826632770424
1899,0,69.79135814303095,11.946031918500903,12.085989930744276,-0.13995801224337256
1900,0,71.65717485378497,13.951428207325938,12.657847611688819,1.2935805956371187
1901,0,45.43077585582071,2.7799354687477007,6.563519756427684,-3.7835842876799837
1902,0,62.25227128541307,12.66630030620736,10.937538413882233,1.7287618923251262
1903,0,47.652631265785,8.964274326219833,7.095576157753144,1.8686981684666888
1904,1,64.16885317667716,13.112933705155982,11.227987383349847,1.8849463218061349
1905,0,49.41309670828301,9.11469352374712,7.5292879838171665,1.585405539929953
1906,0,55.72075786002448,2.045384598735886,9.23979235960423,-7.194407760868344
1907,1,71.87707497095796,14.8676598257258,12.734362201560472,2.133297624165328
1908,0,46.485525578739214,1.9925451663204177,6.8147982406271765,-4.822253074306759
1909,0,65.88731747360431,13.404654945498027,11.423136737079233,1.9815182084187946
1910,0,49.75651459408616,8.259218001018972,7.615868554681018,0.6433494463379539
1911,0,48.882698077978894,11.865612015003222,7.396966165280099,4.468645849723123
1912,0,56.75853983746457,9.268472226527136,9.535475162321346,-0.26700293579420986
1913,0,62.68038840975057,8.79618096337896,11.014255909883365,-2.218074946504405
1914,0,50.44046071033405,9.279203204979668,7.790676194233004,1.4885270107466635
1915,1,72.14237264175128,12.789668066323111,12.828715247595976,-0.03904718127286522
1916,1,71.76640907621884,11.647557219770036,12.695656278119923,-1.0480990583498873
1917,0,54.94380842654467,9.950050305545647,9.019265849970372,0.9307844555752744
1918,0,72.59384994882258,8.72465215699599,12.993900157148339,-4.2692480001523485
1919,0,50.95335117678916,10.304717491717737,7.9240579793517725,2.3806595123659644
1920,1,72.44029077626406,15.429579383274998,12.93710772397294,2.4924716593020584
1921,1,66.33367125089684,14.753819447412168,11.474425182371085,3.2793942650410823
1922,1,70.73624185879216,12.998210827783538,12.356597852517456,0.6416129752660815
1923,0,59.78619352576603,8.099933488443249,10.376371667000408,-2.276438178557159
1924,0,51.01133502473042,5.162131491879899,7.939269736770572,-2.777138244890673
1925,0,48.484880095386494,4.293601847144558,7.298726114370991,-3.0051242672264333
1926,0,55.78353420885525,7.3771990188863645,9.257654133285508,-1.880455114399143
1927,0,53.16295825360414,7.64856852543896,8.520379939491141,-0.8718114140521811
1928,0,52.51405675211235,6.2723982664368805,8.342070610009985,-2.069672343573105
1929,0,73.13488360755403,9.59194977883897,13.198360539662113,-3.6064107608231435
1930,1,74.52072431936372,16.43981558096035,13.743609760573793,2.696205820386556
1931,0,58.65669516618247,11.713650069066492,10.072429343510622,1.6412207255558702
1932,0,71.06163660663536,19.28567371028343,12.459229683428072,6.8264440268553574
1933,0,51.20519326604042,13.619912768555608,7.990320916252638,5.62959185230297
1934,0,51.41785079693208,5.660451096514141,8.046655880798568,-2.386204784284427
1935,1,66.37221904164001,11.754119069488205,11.478978729975829,0.27514033951237593
1936,0,62.60728874660701,13.692516001762668,11.001684039715022,2.690831962047646
1937,0,72.48244002976257,20.73727943052753,12.952636473167647,7.784642957359882
1938,1,64.36684452816195,8.204771065127936,11.251902884364114,-3.047131819236178
1939,1,64.8866556369886,12.18490349205706,11.31189622818873,0.873007263868331
1940,0,48.89069246439994,8.036254340540966,7.398948803154292,0.6373055373866734
1941,0,63.184539050030715,15.788647262041678,11.094959014987651,4.693688247054027
1942,0,64.20805391942523,9.27501960311596,11.23278064107296,-1.9577610379570007
1943,0,65.13788001345856,12.882541158806028,11.339953104803268,1.54258805400276
1944,0,72.05880824087961,13.45546595291265,12.798765050284306,0.6567009026283444
1945,0,46.100805151659166,8.382535705985116,6.722965374709272,1.6595703312758445
1946,0,49.63929562753994,6.576308673046,7.586231273863418,-1.0099226008174176
1947,0,47.504608746653275,10.113315771238984,7.059734034092001,3.053581737146983
1948,0,45.74742073321807,0.9420161374978856,6.638812609920902,-5.696796472423016
1949,1,73.18557259748563,8.645037385160812,13.217826431708835,-4.5727890465480225
1950,0,49.781172661830645,7.808116803006768,7.622114497967557,0.186002305039211
1951,0,54.9284119418094,7.148309949197757,9.014908313269988,-1.8665983640722308
1952,0,66.64820280510298,6.639960593821935,11.512337296479672,-4.8723767026577365
1953,0,56.7983233662613,5.78995216697591,9.546816977942404,-3.756864810966494
1954,1,72.56155980770694,10.982166081855487,12.98190864371742,-1.9997425618619324
1955,0,59.84871114629762,7.477409371956701,10.392563351036557,-2.9151539790798564
1956,0,53.54788993422184,8.893771013582601,8.62716187247507,0.26660914110753176
1957,1,73.39155969372747,9.847562864745523,13.297405625051121,-3.4498427603055983
1958,0,48.07314698290779,9.731391060895984,7.197854413748349,2.533536647147635
1959,1,71.5878186346903,12.915433978900491,12.634052291592845,0.2813816873076469
1960,0,48.800820616204966,11.678430969221848,7.376679943326974,4.301751025894874
1961,0,46.965095168932,7.786804011782595,6.929706674196364,0.8570973375862314
1962,0,66.01307186340904,16.051890029687016,11.437358286401995,4.614531743285021
1963,0,47.510533247401725,0.6824735208635988,7.061167099286775,-6.378693578423176
1964,1,66.63529411909339,13.700298670349303,11.510744576166648,2.1895540941826557
1965,0,54.782459616772805,1.3448698857002377,8.973630100387279,-7.628760214687041
1966,1,58.51605385704514,14.043633119799246,10.033374735287417,4.010258384511829
1967,1,71.52215916765167,10.465996259107518,12.611679696114415,-2.1456834370068965
1968,0,50.69631830145436,8.203200397773907,7.856954269967896,0.34624612780601094
1969,0,60.89636554344527,5.768909147335821,10.650706366959035,-4.8817972196232144
1970,0,54.8469879815391,8.624204366103442,8.991873313893267,-0.3676689477898254
1971,1,65.72549226664725,17.304503800280255,11.405022104480235,5.89948169580002
1972,0,49.38038143792764,3.1378599351576306,7.521078565404972,-4.383218630247342
1973,1,65.49284418608275,7.561268140928725,11.379216196638637,-3.8179480557099126
1974,1,66.32570028119028,15.408445496847545,11.473486501166088,3.9349589956814572
1975,0,66.48819397521086,10.717465180032814,11.49282705144676,-0.7753618714139456
1976,1,71.80895550162845,11.267945636781878,12.71049000058808,-1.4425443638062028
1977,0,52.466609433509326,14.35926636883401,8.32912485268336,6.03014151615065
1978,1,64.30341501884558,11.994194803674043,11.244318737194105,0.7498760664799384
1979,0,54.97922487807404,12.572291455069807,9.029291634307206,3.542999820762601
1980,0,67.73689950145959,10.845920065729189,11.662591122858258,-0.816671057129069
1981,0,64.38628932011575,12.636524945022236,11.254214178947999,1.3823107660742373
1982,0,52.95510885446773,3.1151933165098127,8.463020721550851,-5.347827405041039
1983,0,72.07281756405214,5.684322969618515,12.803771644877061,-7.119448675258546
1984,1,62.3979942588861,7.223883995386848,10.964476862672015,-3.7405928672851667
1985,0,70.73625525983505,14.33018185221506,12.35660198673641,1.9735798654786514
1986,0,58.029817429156594,5.983693072401982,9.89697536865464,-3.9132822962526586
1987,0,64.55689083083256,15.008978893861574,11.274239811358122,3.7347390825034523
1988,0,68.95417693228487,13.767415993406248,11.885660595907186,1.8817553974990613
1989,1,65.22809238911418,12.456687140732528,11.349951455182204,1.1067356855503245
1990,0,63.82493111826669,3.791766345668369,11.1845077836215,-7.392741437953131
1991,0,56.50571948408517,12.022873383108193,9.463397022193579,2.559476360914614
1992,0,57.58088126563702,8.559222662714083,9.769722026562428,-1.2104993638483457
1993,1,71.55133015843211,9.84422016838513,12.621600593574467,-2.777380425189337
1994,1,61.707717641426896,13.265450531599184,10.82980197902745,2.4356485525717346
1995,0,60.169647286357765,13.197940313201787,10.474402487964907,2.72353782523688
1996,1,63.473272517679206,7.990505297733389,11.136910362569438,-3.146405064836049
1997,1,73.10958779251112,10.148254579456978,13.188664473079802,-3.040409893622824
1998,0,49.63488423242604,5.148677250752729,7.585117651938689,-2.43644040118596
1999,0,51.253703360632166,0.8898783596169908,8.003141464551778,-7.113263104934787
2000,1,60.98579721846083,9.832773973691667,10.671432610902519,-0.8386586372108518
