x,y,z,control_mean_model_degree_1,observed_arm_residual_degree_1,control_mean_model_degree_2,observed_arm_residual_degree_2,control_mean_model_degree_3,observed_arm_residual_degree_3
0,62.40997283401513,7.479662721119454,10.521347184445919,-3.0416844633264644,10.529238757969841,-3.049576036850387,10.626175553976422,-3.146512832856968
0,61.38662692590834,9.028673655718547,10.26862333941535,-1.2399496836968034,10.276919547168335,-1.2482458914497876,10.329169485145897,-1.3004958294273496
0,74.20670554383406,7.186215714603172,13.434649153609806,-6.248433439006634,13.420770464048328,-6.234554749445156,13.127712908957887,-5.9414971943547155
0,53.56735391573282,12.959967777411412,8.337588364026471,4.622379413384941,8.341155771263931,4.618812006147481,8.12730437951558,4.832663397895832
0,54.13961748506536,5.204289072637806,8.47891364657946,-3.2746245739416544,8.48329621599433,-3.279007143356523,8.272643810187263,-3.0683547375494573
0,70.65234728447483,10.073304929472972,12.556870605021828,-2.4835656755488564,12.552864933935675,-2.479560004462705,12.645695007597261,-2.5723900781242897
1,71.8423173601155,10.521544323380285,12.850743684109613,-4.004448273865114,12.843750840554806,-4.181903000440711,12.842260326112822,-4.248034708687783
1,54.21470300931086,1.8651263606280053,8.497456645816703,-7.629935255272706,8.50194067322339,-7.526439307107841,8.292018251261052,-7.810262693530282
1,53.52566338164968,4.143392271698008,8.327292537374504,-5.155017049616023,8.330797663328735,-5.073194573875743,8.116882642100185,-5.365654014540909
0,55.441131380242126,8.57220542150748,8.800333406353847,-0.22812798484636687,8.80629407997475,-0.2340886584672699,8.617458312811465,-0.04525289130398491
1,47.658517906348095,3.6006055752909614,6.878351810562914,-4.0233171503707394,6.869170830542403,-4.225571027579384,6.952788759112324,-4.112328743352439
1,46.21065039232391,11.522305216859342,6.520788798544833,4.31160468838363,6.507279259580711,4.011844031664882,6.784661374007103,4.4008628198597535
0,61.16989196523623,11.48857625686394,10.215098825192259,1.2734774316716813,10.22345033089804,1.2651259259659007,10.265828500155207,1.222747756708733
0,47.24080823980962,5.1321364766783,6.7751949090716685,-1.6430584323933681,6.764813811008454,-1.6326773343301548,6.898516402102251,-1.7663799254239505
1,61.495602112978965,10.760023111828938,10.295535674796028,-0.8130111748896276,10.30380006385217,-0.6306404925677711,10.360970872883849,-0.5142349045981973
0,50.901591551960806,1.7724896498050065,7.679256016016598,-5.906766366211592,7.678049850784207,-5.9055602009792,7.514195474970855,-5.741705825165848
1,56.86750928721097,8.654172332841224,9.15258937988162,-1.5980016764551461,9.159839455818597,-1.4340008379568623,9.013712064705235,-1.6162179076778056
1,63.51165642546485,14.120023744100008,10.793417176647623,1.9716064305627405,10.800608344167811,2.1273209747425774,10.940223940431851,2.3578461118240757
0,59.496758051366,15.052806000948491,9.801904388575425,5.250901612373067,9.810325133255605,5.242480867692887,9.774859138821608,5.277946862126884
1,70.30473319249727,16.418089130192225,12.47102439289019,2.3309239131783777,12.46783088041345,2.2419873202659506,12.582304285630194,2.3711394294930273
0,67.77453211710692,9.33150553825078,11.846170040703344,-2.514664502452563,11.84806445363262,-2.5165589153818395,12.0497191523245,-2.7182136140737185
0,48.587272387738246,12.47429335534178,7.107715510331377,5.366577845010403,7.101061482127824,5.373231873213957,7.08920316617177,5.38509018917001
0,74.67971222619731,6.21358709730381,13.551462116406661,-7.337875019102851,13.536054079662016,-7.322466982358206,13.166180256181065,-6.952593158877255
0,48.026497585125256,7.21659000839856,6.969227474966287,0.24736253343227332,6.961071032845687,0.2555189755528744,7.00429501349368,0.21229499490488024
1,69.90421724391568,13.12025229271601,12.372113624087818,-0.8526054488708095,12.369821977792778,-0.9204929433057991,12.506118595978906,-0.7534747754772386
0,52.73221176005078,7.298206604068717,8.131343012323695,-0.8331364082549779,8.133587854793769,-0.8353812507250513,7.923167628075736,-0.6249610240070185
1,54.82471097291332,11.856048225224974,8.64810322273622,2.186889995801824,8.653364243675814,2.3075231658966384,8.45185972319786,2.0382900917143907
0,56.60453060454479,7.941784858507962,9.087644591107876,-1.1458597325999147,9.094691547409312,-1.15290668890135,8.939470449985308,-0.9976855914773459
1,49.93402194676041,0.4126325173051793,7.440306596251649,-7.860720332436968,7.436970177970552,-7.931652127277901,7.322762145908525,-8.095616622384464
0,57.71002125286111,11.14066486418766,9.360654767896193,1.7800100962914662,9.368450236770116,1.7722146274175437,9.254445150872078,1.8862197133155814
0,67.53963020628719,10.845441443132858,11.78815904594868,-0.9427176028158222,11.790452351537557,-0.9450109084046989,11.994617990924407,-1.1491765477915497
0,46.161550874475246,8.846454151518147,6.508663261283617,2.3377908902345297,6.494998620486369,2.351455531031778,6.779972256754927,2.0664818947632195
0,68.20362025168988,9.358023595031074,11.95213695020066,-2.5941133551695863,11.9532704926627,-2.5952468976316254,12.148094830879998,-2.7900712358489237
0,57.359652502451674,13.631003269729757,9.274128269787806,4.356874999941951,9.281716433723542,4.349286836006215,9.153844249920308,4.477159019809449
0,47.60004211479749,10.721880838365616,6.863910723961791,3.857970114403825,6.8545641136368305,3.867316724728786,6.944919535698306,3.77696130266731
0,68.9831459298799,10.561631691182512,12.144647346862826,-1.5830156556803132,12.144292050107406,-1.582660358924894,12.318821972775563,-1.7571902815930507
0,71.75697248727315,20.568622002491598,12.829667052789253,7.738954949702345,12.822899112888743,7.745722889602854,12.829262568707918,7.7393594337836795
0,73.31322438198968,14.677933365726837,13.21399649560345,1.463936870123387,13.20286855454046,1.4750648111863747,13.03747892505254,1.6404544406742971
0,57.453392129482026,6.78028103326918,9.29727805598148,-2.5169970227122995,9.304924404393743,-2.5246433711245633,9.180696170162754,-2.4004151368935744
1,53.19742647363642,4.470474399987398,8.246231683154134,-4.734255924448118,8.249232723679576,-4.663621968893099,8.035659667700715,-4.95698886207813
1,46.34586475541443,2.6628718587220255,6.554181118260866,-4.586418924501563,6.541095892861939,-4.876614318285256,6.79792913124491,-4.51695069041077
1,47.60394281423036,14.020864353108337,6.8648740343646315,6.412517389219092,6.855538496690793,6.206784891382236,6.945441736433075,6.328928838516787
0,45.233678550518526,3.660352103651315,6.279517417683566,-2.619165314032251,6.262819162774333,-2.602467059123018,6.704597465230149,-3.044245361578834
0,67.70753153908638,12.703764115472936,11.829623686667544,0.8741404288053918,11.831633147311035,0.8721309681619012,12.034090714442847,0.6696734010300887
0,73.54203656116813,7.999651337580506,13.27050358011291,-5.2708522425324045,13.258688399916819,-5.259037062336313,13.062716475844676,-5.06306513826417
0,66.8704725414365,14.655911814178728,11.622904954782573,3.0330068593961546,11.626266148058477,3.029645666120251,11.833096952360806,2.822814861817921
0,71.15238077909201,14.417755296803128,12.680358065520414,1.7373972312827135,12.675136185377042,1.7426191114260856,12.732246780568445,1.6855085162346821
0,63.35772014262753,10.006404431239648,10.755401322008272,-0.7489968907686233,10.76270685754891,-0.7563024263092615,10.896795906209551,-0.8903914749699027
0,46.8709768282244,2.1146244361370954,6.683861943738558,-4.569237507601462,6.672385342873095,-4.557760906735999,6.854302736813041,-4.739678300675946
0,74.71966399878515,14.390388541824237,13.561328541340988,0.8290600004832491,13.54578901269179,0.8445995291324468,13.169124519808797,1.2212640220154398
0,60.04179602119845,12.150527155365369,9.936506081250915,2.214021074114454,9.944973815375842,2.2055533399895264,9.934901090962937,2.215626064402432
0,73.7555864206401,9.287692953901498,13.323241506911618,-4.03554855301012,13.310774243236231,-4.023081289334733,13.08496252042602,-3.7972695665245215
0,60.70455597418693,16.438825294978525,10.100180203876175,6.33864509110235,10.1086145364331,6.330210758545425,10.129502041884495,6.30932325309403
1,68.0156488846431,10.43914459126116,11.905715846388754,-2.994714685759293,11.90718783103788,-2.974534166819499,12.10536867642529,-2.692848398403516
1,57.88067024407795,5.076161595057487,9.402797965879651,-5.465169117213739,9.410684347236373,-5.287670423861252,9.303664704846728,-5.4107825248986305
0,64.43150298720502,5.4341209164482525,11.020580991032919,-5.586460074584666,11.026977034325464,-5.592856117877211,11.195974335344422,-5.76185341889617
1,54.25160852419212,6.468157727915417,8.506570771890535,-3.037436742545398,8.511104199741432,-2.93284926612652,8.301565986117913,-3.215967384326281
0,50.640122598656646,7.1667679206463815,7.614684067556479,-0.4479161469100976,7.612923120543526,-0.44615519989714425,7.460645314575683,-0.2938773939293018
0,58.528416597213,4.227575279177096,9.562764354245507,-5.335189075068411,9.570935859918512,-5.3433605807414155,9.491598725145217,-5.26402344596812
0,58.1990134512606,5.146828777679136,9.481415487795973,-4.334586710116836,9.489453857941324,-4.342625080262188,9.395825808650162,-4.248997030971026
0,58.405878343105016,10.008474960584556,9.532502505836112,0.47597245474844385,9.540627352121263,0.467847608463293,9.455926979911963,0.5525479806725926
1,54.46082646541862,3.6311351558634017,8.558238895188119,-5.934170231878826,8.563046550642309,-5.823528099404062,8.355997351397775,-6.102206368280293
0,46.735703670934726,5.374863304209117,6.650455104302499,-1.2755918000933821,6.638570073311183,-1.2637067691020656,6.839052683741342,-1.4641893795322254
1,50.43517385768526,8.683137654432274,7.564070259026883,0.26675576940170487,7.561863642033998,0.22114560512056158,7.419595974214348,0.018754737881002015
0,55.421202423665285,2.4932680141833323,8.795411783573467,-6.302143769390135,8.801351181885359,-6.308083167702026,8.612045298336376,-6.118777284153044
0,74.11508556550595,11.267915010278983,13.41202283242039,-2.1441078221414074,13.398434521663287,-2.1305195113843034,13.119503173435263,-1.8515881631562792
0,70.74408377839592,10.33685790888216,12.579525700713031,-2.24266779183087,12.575301139584031,-2.2384432307018702,12.661989008944602,-2.325131100062441
0,51.21222178035686,9.413097007805229,7.755968753206517,1.657128254598712,7.755401579118375,1.6576954286868535,7.579486778138068,1.833610229667161
0,72.47953734992186,14.356123518612952,13.00811049886742,1.3480130197455313,12.999386353611394,1.356737165001558,12.933646463242594,1.4224770553703578
0,61.40786244969501,5.631341680050302,10.273867629913891,-4.642525949863589,10.28215784803631,-4.650816167986007,10.335369087944846,-4.704027407894544
1,46.42988899114968,9.797206402240125,6.5749316071840616,2.5239350552072883,6.562107973015393,2.239635995837169,6.806434234490306,2.5814432736216215
0,56.18589182319814,15.522576607179474,8.984258236931145,6.538318370248328,8.99094956939729,6.531627037782183,8.822316781157271,6.700259826022203
0,52.9156877913296,8.16666997480523,8.176653955308279,-0.009983980503049494,8.179202881509509,-0.012532906704279867,7.9671547538827365,0.19951522092249263
1,69.9421055876023,8.576728086517116,12.381470467968727,-5.406943009519798,12.379095060202848,-5.476786174862758,12.513466666164092,-5.313133414800275
1,67.68747550994664,12.305378853337055,11.824670682253213,-1.034819559248982,11.826714383923596,-1.0012178867734214,12.02939874099084,-0.7093749919272074
0,61.73416258265382,8.790763326722825,10.354450181309339,-1.5636868545865141,10.362635537676923,-1.5718722109540977,10.43046299718899,-1.6396996704661646
1,62.52072777600646,5.005441782954528,10.548699045214063,-6.8601639405598,10.55653261877326,-6.688719042428743,10.658057185738386,-6.510114317235174
0,72.55137763539594,12.279458159197675,13.025852059203253,-0.746393900005577,13.01692696512465,-0.7374688059269747,12.943309244642467,-0.6638510854447919
1,66.07292555599282,17.37903193383538,11.425944045321614,4.499626979889085,11.430445709627138,4.591142414650253,11.632457820265316,4.897034061820236
1,61.60633529409164,19.00612923462481,10.322882161532888,7.401491636168423,10.331111466801225,7.5829441094324,10.39324962785046,7.706384725794107
1,54.88751280539371,11.544750107090616,8.66361266138612,1.8576681996005941,8.668948896533172,1.9799563615370541,8.468551678675794,1.7125660364623414
0,66.70602139609385,9.739513897297796,11.582292366759853,-1.8427784694620577,11.585900496795999,-1.846386599498203,11.792419558374283,-2.052905661076487
0,67.47016324308925,10.10787374194938,11.771003597431317,-1.6631298554819374,11.773412475068552,-1.6655387331191704,11.978159476251232,-1.8702857343018522
1,67.510752983288,13.765212462392151,11.781027573811697,0.47545075762005773,11.783369054954273,0.5160489033332691,11.987785194734403,0.8122734303616745
0,51.3671150498713,14.351871449377146,7.794220943722884,6.557650505654262,7.79396424166719,6.557907207709956,7.612704478820918,6.739166970556228
0,60.62864992497815,7.1234082043386255,10.081434569125348,-2.958026364786722,10.089877765625328,-2.9664695612867025,10.107232091749037,-2.983823887410411
0,54.29939337107066,7.98406533835055,8.518371640142094,-0.5343063017915437,8.52296857339826,-0.5389032350477088,8.31395248873003,-0.3298871503794789
0,70.65058692927852,17.686762506415057,12.556435870558822,5.130326635856235,12.55243438119397,5.134328125221087,12.645380541860174,5.041381964554883
1,56.95212190716839,8.039963643943198,9.173485175217635,-2.23635885434806,9.180797277744913,-2.0710274778477853,9.037697770388888,-2.2486269927223166
0,48.17358748616771,8.067787040476707,7.005552558266211,1.0622344822104965,6.997797078209276,1.0699899622674316,7.025827333118104,1.041959707358603
0,54.23536266596017,11.541361024541198,8.502558721101376,3.0388023034398213,8.507070440771688,3.0342905837695096,8.297361045524335,3.2439999790168628
0,56.917301822813,16.074010928723457,9.164886063682747,6.9091248650407096,9.17217283691173,6.901838091811726,9.027821456410166,7.046189472313291
0,50.667939137724176,6.880389088653987,7.6215535949107185,-0.7411645062567311,7.619852403836661,-0.7394633151826726,7.466279895425933,-0.5858908067719453
1,70.9144019769153,18.92310684436605,12.621587206668657,4.661941815758443,12.616951205466528,4.539370576391251,12.691749431752607,4.600861166628276
0,54.51081315267778,6.416449187777904,8.570583526367468,-2.1541343385895635,8.575455235214648,-2.159006047436743,8.369077636732397,-1.952628448954493
0,51.918487423972906,10.5638644194822,7.9303869705987635,2.633477448883437,7.9311914076899015,2.6326730117923,7.734381775136657,2.8294826443455436
0,74.87182318548102,12.1994025168287,13.598905527200682,-1.3995030103719817,13.58286189592528,-1.3834593790965801,13.17989650703424,-0.9804939902055398
0,72.2063771444246,11.140077982906032,12.940651297735396,-1.8005733148293643,12.932680566184423,-1.7926025832783914,12.895709419379575,-1.7556314364735428
0,63.58544534339645,7.268702437455784,10.811639968093399,-3.542937530637615,10.81877441301879,-3.5500719755630064,10.960982054148799,-3.692279616693015
0,63.1253072601388,15.277973745355718,10.698005013651645,4.5799687317040725,10.705473065746412,4.5725006796093055,10.830927230688353,4.447046514667365
0,45.8020763855807,10.187552209335898,6.4198880247735115,3.7676641845623866,6.405071217713214,3.782480991622684,6.747758005987274,3.439794203348624
1,67.25008060428006,14.287525134667254,11.716652346047285,1.0721594724584609,11.719420166983513,1.1227826713292117,11.925534652954493,1.4241249686016229
1,66.03165472215743,10.655159108172034,11.415751867161841,-2.212467126746466,11.42030863203353,-2.1196481270366245,11.621852667967227,-1.8141100997895734
0,72.3373006686111,16.245383251567716,12.97298395883782,3.2723992927298955,12.964654228361802,3.2807290232059145,12.914127309394068,3.331255942173648
0,60.615506627282606,15.956427444604984,10.078188721652186,5.878238722952798,10.086633320582107,5.869794124022876,10.103375305091886,5.853052139513098
0,51.9633640587611,10.306524919320738,7.941469631511227,2.3650552878095112,7.942357409071794,2.3641675102489437,7.744514152898614,2.562010766422124
0,64.29349689590642,15.50517356768016,10.986499230648352,4.518674337031808,10.993026771878778,4.512146795801382,11.158048372574765,4.347125195105395
0,67.27968614358898,13.236427259792263,11.723963681998386,1.512463577793877,11.726683855677448,1.5097434041148148,11.932655862694206,1.303771397098057
0,47.17178002738573,7.916805959273683,6.758147813733569,1.1586581455401141,6.747564591053803,1.169241368219879,6.889986945983989,1.0268190132896935
0,69.81536608730833,7.374857289644843,12.350171086617998,-4.975313796973155,12.348074593887109,-4.973217304242266,12.488773121175907,-5.113915831531064
0,63.951116084703344,7.5510765000604145,10.901945421045493,-3.3508689209850786,10.908780593575134,-3.3577040935147195,11.063254802505464,-3.512178302445049
0,48.01102854200903,11.903041189930988,6.965407265177684,4.937633924753304,6.957208370548746,4.945832819382241,7.002061550100405,4.900979639830584
0,64.32110204727228,11.823231086780174,10.993316554038776,0.8299145327413981,10.999818136643936,0.8234129501362375,11.165648051976367,0.6575830348038068
0,55.30083991812253,7.417367917780376,8.765687254499467,-1.3483193367190909,8.771496248992062,-1.3541283312116859,8.579434291435899,-1.1620663736555228
0,53.61935941712671,14.042853536200314,8.350431558268898,5.692421977931415,8.354076105129046,5.6887774310712675,8.140337207810875,5.902516328389439
0,57.60090440427156,11.136514422696132,9.333707448016655,1.802806974679477,9.34144133253261,1.7950730901635215,9.223046520119786,1.9134679025763468
1,47.45808869746177,6.650608825411932,6.8288541383438535,-0.9161112920870487,6.819102232643172,-1.1312161815843087,6.926182216064589,-0.9847268829396834
0,47.247703527533766,11.525308784496811,6.776897758140038,4.748411026356774,6.76653679126591,4.758771993230901,6.899375335010337,4.625933449486475
0,57.96304489886104,10.656263006243837,9.42314107696744,1.2331219292763969,9.431068985584167,1.2251940206596696,9.327471248580329,1.3287917576635078
1,71.98521033738832,16.266284737805503,12.886032301925129,1.6995104050358307,12.878659213195723,1.513208073516548,12.863627060656476,1.4246481130673239
0,62.18180527476726,6.929207805906406,10.464999294228582,-3.5357914883221753,10.473001607442873,-3.5437938015364665,10.560312946136953,-3.631105140230547
0,56.09630390236294,2.8009747732851835,8.962133749363053,-6.1611589760778696,8.968743829101069,-6.167769055815885,8.797422882153581,-5.996448108868398
1,47.011273190013874,11.894012817993676,6.718509305607459,4.454814095882056,6.707451928535507,4.210312253264231,6.870643800598,4.436500728624345
0,55.417643342869866,8.644238651328049,8.794532838755035,-0.15029418742698653,8.800468428087878,-0.15622977675982952,8.611078995898541,0.033159655429507495
0,55.568964444590314,10.433644868399874,8.831902852509039,1.601742015890835,8.83799785881846,1.5956470095814144,8.652268992318046,1.7813758760818281
0,63.44347434072842,17.82852840400031,10.776579039630327,7.051949364369982,10.783821524826948,7.044706879173361,10.921008860359452,6.907519543640857
1,54.92150445412861,9.570986285376685,8.672007183804356,-0.12579685764777437,8.67738375668664,-0.002621440263752106,8.477603811410743,-0.268989047111754
1,47.25010469163017,6.650122003963496,6.777490745729264,-0.8572393621049716,6.767136786667,-1.0858994418179329,6.899674737852698,-0.9032809132494162
0,66.6618423479126,12.890376615248828,11.571381980703968,1.3189946345448593,11.575055406651497,1.3153212085973305,11.781428495334323,1.1089481199145048
1,57.15684378017413,8.227938462411926,9.224042956802542,-2.1068117727793325,9.231498434166594,-1.9384143941733072,9.0959191857435,-2.1045794109541394
0,67.47290549528702,12.350788233902712,11.771680819584624,0.5791074143180879,11.774085155638268,0.576703078264444,11.97881058323512,0.37197765066759203
1,45.30277545813279,1.403853296695327,6.296581477874421,-5.547739218483062,6.280115842152152,-5.91417454763219,6.709325399211759,-5.307693198779646
0,70.53368299537378,13.873777399089224,12.527565464724823,1.3462119343644012,12.523840111429191,1.3499372876600333,12.624346724585166,1.2494306745040582
1,68.70051122263993,10.306659162790965,12.07484833815333,-3.322660208012806,12.075048738453928,-3.3322833046690903,12.258156896616608,-3.0806799319840543
0,58.39613337757473,14.210257196564449,9.530095904960499,4.68016129160395,9.538216894809423,4.672040301755025,9.453092309585891,4.757164886978558
0,58.03100048794813,9.954890015346287,9.439923278986674,0.5149667363596127,9.447884290347885,0.5070057249984021,9.347132830391836,0.6077571849544512
1,55.0734559163006,8.216981887318243,8.709532870352676,-1.523168287880189,8.71508656757263,-1.396099714700524,8.518217660565423,-1.6576816459936747
1,70.20713264973661,7.353432324422979,12.446921121212311,-6.705877643173739,12.443950725814922,-6.789608347706627,12.5640448979205,-6.650758479183523
0,63.93911178248011,17.7435294728448,10.898980858046091,6.844548614798708,10.905826335341063,6.837703137503736,11.059913764944787,6.683615707900012
0,67.9796164571086,7.192804720380355,11.896817336549447,-4.704012616169091,11.898353284599782,-4.705548564219427,12.09711209473545,-4.904307374355096
1,74.3580712357335,11.951438778993122,13.472030179282063,-3.2925513794881702,13.457667593811202,-3.6412214446690463,13.140740859524154,-4.221093354490343
0,64.56213475916545,13.467736705597211,11.05284160147897,2.4148951041182407,11.059109204155337,2.408627501441874,11.23171646891259,2.236020236684622
1,58.709269928719515,10.062478460700154,9.607427599549796,-0.7153350643690146,9.61566176334807,-0.5307459388546327,9.544332340939134,-0.6007157237230505
0,72.21991210837285,14.58595458655066,12.94399387047083,1.6419607160798293,12.935986205074784,1.649968381475876,12.897633379473636,1.6883212070770242
1,58.34345217777893,13.676542701943236,9.517085841337096,3.0031337673142247,9.525185611350432,3.185030576861358,9.437773818797371,3.091194924758195
0,49.45591128226336,14.413632518242068,7.322233162308523,7.091399355933545,7.317765930724571,7.095866587517497,7.235257221452308,7.17837529678976
0,54.265231596683385,11.015789416288122,8.509935103768786,2.505854312519336,8.514486689134788,2.501302727153334,8.305094502411905,2.7106949138762175
0,61.1875344370323,4.293514087266371,10.219455781401127,-5.925941694134756,10.227803183078564,-5.9342890958121925,10.270988779454909,-5.9774746921885376
0,71.38761831505546,8.771516415562433,12.738451945716001,-3.9669355301535685,12.732638344428572,-3.96112192886614,12.771009256388023,-3.9994928408255905
0,69.12411082334847,8.242908669952602,12.179459808230469,-3.936551138277867,12.178820601986876,-3.9359119320342746,12.348534520934152,-4.10562585098155
0,62.20413046175528,10.304623595006364,10.47051268618329,-0.16588909117692552,10.47850468378989,-0.17388108878352604,10.566767680430859,-0.2621440854244952
0,51.854953772796925,0.3572384269900261,7.914696803191215,-7.557458376201189,7.915382472788522,-7.558144045798496,7.720094748234347,-7.362856321244321
0,57.59084684408181,4.003786699723271,9.331223649271145,-5.327436949547874,9.33895172183902,-5.335165022115749,9.220155437284301,-5.21636873756103
0,64.74155820574366,8.070390240686178,11.097151724721435,-3.026761484035257,11.103236621219665,-3.0328463805334867,11.280550631611606,-3.2101603909254273
0,49.80066986988992,2.3107616032199005,7.4073741837188525,-5.096612580498952,7.403727565050827,-5.092965961830927,7.2978668633422,-4.9871052601223
1,65.53099950229178,10.878370331347448,11.292110866404677,-1.8463686241883455,11.297305366478046,-1.7384381294689977,11.491581588692954,-1.4397179429579943
1,45.22591861117987,5.3761109598396795,6.277601035655423,-1.5535465682911695,6.260876588953192,-1.9258221168296679,6.704075580970174,-1.2992602779496796
0,70.74833920660413,13.443278156422409,12.580576614358662,0.8627015420637463,12.576341853261132,0.8669363031612765,12.662740376195016,0.7805377802273927
0,52.550002643232986,2.5730771916241766,8.08634494447877,-5.513267752854593,8.088280266460476,-5.5152030748362995,7.879987049676534,-5.306909858052357
0,66.21564550549041,14.637230615644684,11.461189932478506,3.1760406831661783,11.465498081704622,3.1717325339400624,11.668968844909053,2.968261770735632
0,54.59931224961653,3.2875085432788764,8.592439119752772,-5.304930576473895,8.597422845914059,-5.309914302635182,8.392305584816137,-5.10479704153726
1,47.13850961161173,7.129754079269401,6.749931405837117,-0.3457579886321378,6.7392503775920884,-0.5817834638917869,6.885920998696199,-0.3790860676030041
1,45.737890508813685,11.914009878970967,6.404036784792275,4.838235285301626,6.389011177245237,4.504287210308814,6.742402250527272,5.002058289541134
0,61.91303484290208,12.90807480003248,10.398624184470087,2.5094506155623932,10.406741836850426,2.5013329631820547,10.48244191084271,2.425632889189771
0,65.08286570536549,17.9359303414109,11.181440471037698,6.754489870373201,11.187157712971862,6.748772628439037,11.37258175285622,6.563348588554678
1,73.53553312028897,16.299381493081874,13.268897500905588,1.2901441721640996,13.257102017371436,1.001057381238848,13.062019069551859,0.6180021639634603
1,68.6857716380983,17.783521821113546,12.071208274270722,4.158409135970517,12.071437158766441,4.149453028454701,12.254953875089525,4.401835419230736
0,61.627348572851794,13.701980489514998,10.328071566760284,3.3739089227547137,10.336293901225417,3.365686588289581,10.399370719200602,3.3026097703143957
0,64.86358368862408,12.1926464435871,11.12728693998047,1.0653595036066292,11.133243417825003,1.059403025762096,11.313586691416639,0.8790597521704608
0,70.824972898697,7.662606240257085,12.599501946615504,-4.93689570635842,12.595082798698845,-4.932476558441761,12.676203125309398,-5.013596885052313
0,67.00708021389792,7.474604718732131,11.656641363920121,-4.18203664518799,11.659792777912815,-4.185188059180685,11.866600027927507,-4.3919953091953765
1,55.05217497115669,7.779090569786235,8.70427736266945,-1.9549860117819877,8.709806567987455,-1.8284554836802416,8.51251519690262,-2.0907284654173894
0,46.429162167106185,4.926598323198319,6.574752111897592,-1.6481537886992728,6.561926221767746,-1.635327898569428,6.806359812872312,-1.8797614896739931
0,60.15233426535325,12.566513199695134,9.963804426672953,2.602708773022181,9.972273494182927,2.594239705512207,9.967371904321304,2.5991412953738298
0,60.24919412810607,11.518725185455144,9.98772478121789,1.531000404237254,9.996192744952008,1.5225324405031362,9.995823082530407,1.5229021029247374
0,68.08696024344505,11.744726002478153,11.923326783851849,-0.17860078137369584,11.924671313458791,-0.1799453109806386,12.1216465517986,-0.37692054932044705
0,56.74803942892604,12.078264515191124,9.123085297526044,2.95517921766508,9.130245036484348,2.948019478706776,8.9799257549734,3.0983387602177235
0,66.15846799550411,7.517407656005737,11.447069467385969,-3.9296618113802317,11.451455697258384,-3.9340480412526464,11.654372101121254,-4.136964445115517
0,51.31747388457094,13.026737643857071,7.781961642085849,5.244776001771222,7.7816060289759035,5.245131614881167,7.602011531290193,5.424726112566878
0,67.14374446343456,12.865745961194069,11.690391745240365,1.1753542159537034,11.693329068903648,1.1724168922904212,11.899850605217978,0.965895355976091
1,49.6067950311662,9.05513010957424,7.3594951681203185,0.875168004310094,7.35539038682362,0.7870010982544784,7.262344015543804,0.6522621296363837
0,67.18381091238335,6.264048403185243,11.700286490462725,-5.436238087277482,11.703160247428393,-5.43911184424315,11.909547555197582,-5.645499152012339
0,54.3282644611875,10.026660164525236,8.525501597712406,1.5011585668128298,8.530136649928352,1.496523514596884,8.321449429809302,1.7052107347159335
0,63.53458643757151,7.448409526139944,10.799079935232268,-3.3506704090923236,10.80625360803003,-3.357844081890086,10.946678718786009,-3.498269192646065
1,52.539215974043046,8.554043417047893,8.08368108615759,-0.4628332631706158,8.085597849249288,-0.4163155259310649,7.877446763848949,-0.7047061462693573
0,69.78369984572907,11.605567217239797,12.342350842977815,-0.7367836257380187,12.34032347063952,-0.7347562533997252,12.482552939014136,-0.8769857217743393
1,52.42372147855286,5.94824340492522,8.055158752947557,-3.035671081772767,8.05687515355606,-2.9936161626296887,7.85036102422019,-3.2801475428734097
0,73.08862669189213,12.118107527322891,13.158530214479166,-1.0404226871562745,13.148065336031776,-1.0299578087088843,13.01131937126209,-0.8932118439391985
1,49.90192459821631,5.9115474141155255,7.432379887134926,-2.3526448344246704,7.428969172375199,-2.4252426932138826,7.316735881379003,-2.5864875965512644
0,60.21197997507223,10.851503168404092,9.978534434366681,0.8729687340374106,9.987003073238666,0.8645000951654254,9.984892270107762,0.8666108982963294
0,71.50731436621138,11.807888586177834,12.768011888295984,-0.9601233021181503,12.761892395927148,-0.9540038097493149,12.790240080794748,-0.9823514946169141
0,57.466970721138935,6.541695104594824,9.30063140294505,-2.7589362983502266,9.30828601480769,-2.766590910212866,9.184589749872236,-2.642894645277412
1,56.00416047900192,13.0189402831033,8.939378159037629,3.0131665058796084,8.94590277428476,3.161473545581776,8.771887340468547,2.9362507167828014
1,57.91994511788205,5.8872283614988605,9.412497224988654,-4.665311421692414,9.42040359731772,-4.487396436911591,9.315011529269448,-4.608070409408222
0,74.66132881110907,17.32661597995283,13.54692217804458,3.77969380190825,13.531574524709788,3.7950414552430427,13.164809364293355,4.161806615659476
0,50.08064558461306,5.285033367265795,7.476516531950756,-2.1914831646849606,7.473516542864744,-2.1884831755989493,7.350562807651725,-2.06552944038593
0,53.595832305757305,15.470858863624548,8.344621341019153,7.126237522605395,8.348231065960775,7.122627797663773,8.134436738286022,7.336422125338526
1,72.45585142916188,22.873419286748927,13.002261062308257,8.172323723517948,12.993602914459029,7.956133250483351,12.930431711925578,7.788235442225574
0,51.419931875517015,14.619809821291785,7.80726450128612,6.812545320005665,7.807112425772778,6.812697395519008,7.62412990827275,6.995679913019035
0,49.737359160318015,12.55584321032709,7.391739073608111,5.164104136718979,7.387943774809437,5.167899435517654,7.286178687125723,5.269664523201367
0,58.21226005997256,13.521405791378116,9.48468684879012,4.036718942587996,9.49273104653766,4.0286747448404565,9.399669647830347,4.1217361435477695
0,61.634750936403904,13.387100287109268,10.329899642452368,3.0572006446569002,10.338119497516066,3.0489807895932017,10.401526665015583,2.9855736220936855
0,69.51825807463621,19.628121128389463,12.276797773882715,7.351323354506748,12.275340881947571,7.352780246441892,12.429630998490207,7.198490129899255
0,74.34299092479827,12.558461133631296,13.468305970162138,-0.9098448365308425,13.453991826893281,-0.8955306932619855,13.139472983977864,-0.5810118503465684
0,57.664880007573856,8.736047665883001,9.349506759204226,-0.6134590933212252,9.357277077499289,-0.6212294116162873,9.241448486738202,-0.5054008208552005
0,69.68134258317355,6.525098154562564,12.317072859497436,-5.791974704934872,12.315267358756934,-5.7901692041943695,12.462310276981759,-5.9372121224191945
0,56.40403008492541,5.986852864226778,9.038129308105885,-3.0512764438791073,9.04501089087227,-3.0581580266454917,8.883196336793494,-2.8963434725667163
1,45.954529538445925,4.010447112479752,6.457537608041415,-3.127156381246933,6.4432130045521,-3.4452947377895375,6.7609625130283,-2.9985504545789414
0,52.0520492419808,13.111954116486222,7.963371180462536,5.148582936023686,7.964422315665494,5.14753180082073,7.76463632951886,5.347317786967363
1,70.39386761245217,10.408433266725568,12.493036884616714,-3.7041709635280284,12.489637726194525,-3.797904938827589,12.59880469640181,-3.677878349905418
0,70.9469884013558,14.650458578935472,12.6296346971752,2.020823881760272,12.624919228629485,2.025539350305987,12.697369982275251,1.953088596660221
0,70.79807049590032,9.138507989371025,12.592858172871477,-3.454350183500452,12.588503905622355,-3.4499959162513303,12.671491749305318,-3.532983759934293
1,55.035931193188446,16.453277876862707,8.700265825618843,6.723837278599325,8.705776267286804,6.849955538931521,8.508165642462497,6.587159603333943
1,55.085115983891775,6.764677769127517,8.712412421725887,-2.9788001958739807,8.717979494888628,-2.8514378155952924,8.521344079281242,-3.1126382703798194
0,65.30039382068563,14.396799225581454,11.23516086144573,3.161638364135724,11.240630033679082,3.1561691919023716,11.430615302951628,2.966183922629826
0,74.03433211590644,17.637262332579954,13.392080091534245,4.245182241045709,13.37874614496362,4.258516187616335,13.112066070518635,4.5251962620613195
1,56.50826649491289,11.595030032401969,9.063871362787037,1.4453841166768484,9.070840055056461,1.6033232754685134,8.912415389437292,1.4022605294457247
0,51.02947575404959,3.122363927948256,7.710838091065236,-4.58847416311698,7.70989763718837,-4.587533709240115,7.540858580122968,-4.418494652174712
0,48.43505810441012,8.190826985341488,7.070124917896778,1.12070206744471,7.063070114973005,1.1277568703684828,7.065406481086129,1.1254205042553593
1,73.90043598018458,18.47907013842536,13.35901331911028,3.36568933748266,13.34609787935576,3.050601676607428,13.099322559494727,2.583868609976733
1,63.72297747611195,15.09449589624004,10.845604680435306,2.8857674368180604,10.852630115157933,3.037470036119579,10.999566580901064,3.2777324267817303
0,65.61733750410609,16.08480289523053,11.313432759244543,4.771370135985988,11.31852132787067,4.7662815673598615,11.514254877554148,4.5705480176763835
0,73.4214814312767,13.72765582349382,13.240731480842307,0.48692434265151263,13.229279865060196,0.49837595843362337,13.049598698249051,0.6780571252447682
1,55.32476782641436,14.073895842309312,8.77159645190686,4.262021107598125,8.77743163150054,4.39526633457457,8.58590611214702,4.14234365762692
0,59.11972137958232,6.488218564019514,9.708792023874635,-3.220573459855121,9.717140940582603,-3.228922376563089,9.664333446811597,-3.176114882792083
0,74.49549485533491,10.889952303529007,13.505968093401382,-2.6160157898723746,13.491161694132527,-2.60120939060352,13.151985954630884,-2.262033651101877
0,52.0796692023835,8.786199937517054,7.9701921610686695,0.8160077764483846,7.971293808754124,0.8149061287629307,7.770929701947373,1.0152702355696812
0,46.92194511452781,0.6280615264605709,6.696448989025177,-6.068387462564606,6.6851252030009105,-6.05706367654034,6.860177782328254,-6.232116255867683
0,57.924825781118585,7.388477261569887,9.413702545662401,-2.0252252840925147,9.42161137788113,-2.033134116311243,9.31642207106789,-1.9279448094980038
1,69.53607629377225,20.769984769934904,12.281198132369504,6.902194661138321,12.279703445044664,6.852922628321366,12.433226763541143,7.050342596975192
1,65.34630271194565,14.371335651650416,11.246498446741583,1.6993092632388755,11.251913896408754,1.8124870213322364,11.442798848250945,2.10755999034817
1,66.80344688556812,9.542830812446065,11.606352407562161,-3.5450653369821463,11.6098149838997,-3.4780826824089264,11.816563131757828,-3.1715550908550743
0,74.31611537674824,14.305184392542936,13.46166882842277,0.8435155641201657,13.447440889438095,0.8577435031048406,13.137196881057612,1.1679875114853235
0,52.520869496932,9.334284488446835,8.079150269938424,1.2551342185084113,8.08103540673743,1.2532490817094057,7.87313026664668,1.4611542218001556
1,50.02348299899532,15.013317276300372,7.462399752556063,6.714432192283326,7.459269181838191,6.648115878279166,7.339671568606805,6.476737938292166
0,61.57067123518875,8.796383967515094,10.314074623413143,-1.5176906558980487,10.322315531006673,-1.5259315634915787,10.382857636641797,-1.5864736691267023
0,59.61322988432265,15.04201996754814,9.83066808346039,5.211351884087749,9.839104515399347,5.20291545214879,9.80904112857048,5.23297883897766
0,65.28631580648073,6.404255677434577,11.231684177900046,-4.827428500465469,11.237169728701211,-4.832914051266634,11.426874654340851,-5.022618976906275
0,52.43608571880336,3.086916015422536,8.058212205658156,-4.97129619023562,8.059950200258747,-4.9730341848362105,7.853250711128737,-4.766334695706201
0,67.14551771320913,10.024666251049055,11.690829664127499,-1.6661634130784435,11.6937641821539,-1.6690979311048455,11.900280264974324,-1.8756140139252686
0,74.60099290724824,10.010374070561586,13.53202172112546,-3.5216476505638745,13.516871713970641,-3.5064976434090553,13.160238790298752,-3.1498647197371668
0,71.39217713459041,19.38722154028621,12.739577784391415,6.647643755894794,12.733752592111637,6.653468948174572,12.771747824270326,6.615473716015883
1,59.83716609892608,14.939290537796929,9.885971007669928,3.839574815782248,9.894428978798969,4.028105789204318,9.874794692201032,4.034041813401716
0,55.060917222621406,5.430085101022003,8.706436334906389,-3.2763512338843856,8.711975613941252,-3.281890512919249,8.514857214878338,-3.084772113856335
0,50.503254076123085,9.827385648359677,7.580883239308358,2.2465024090513186,7.578825719659922,2.2485599286997546,7.433140355334331,2.394245293025346
0,74.88630257421747,18.849468011080305,13.602481333549424,5.246986677530881,13.58638945922314,5.2630785518571646,13.180884954512326,5.668583056567979
0,69.82188814739153,5.188366669468467,12.35178176399374,-7.1634150945252735,12.349671006878815,-7.161304337410348,12.49005175222651,-7.301685082758043
0,66.57995467897875,16.663868461024705,11.55115913485135,5.112709326173356,11.554952421793248,5.108916039231458,11.76098627898546,4.902882182039246
0,65.09415882117236,13.235797896018813,11.184229400593654,2.0515684954251583,11.189934027256529,2.045863868762284,11.375606788936048,1.8601911070827644
0,57.47159745683,8.690490222944113,9.301774014084181,-0.6112837911400675,9.30943143208726,-0.6189412091431468,9.18591666439257,-0.4954264414484566
1,59.96057434498248,12.157711014072689,9.916447707879293,1.0227745097057888,9.92491270060062,1.2113372273189018,9.911042385280753,1.2256625416392488
0,51.186577743342966,6.462916133787347,7.749635743434437,-1.2867196096470899,7.749016644128598,-1.2861005103412504,7.5740292455511655,-1.1111131117638182
0,52.857950449790366,2.3040203016597047,8.162395235123787,-5.8583749334640824,8.164849291565627,-5.860828989905922,7.953258602606192,-5.649238300946488
0,46.01660375878941,3.119035471387229,6.4728673567785755,-3.3538318853913465,6.458741657190064,-3.339706185802836,6.766532701188449,-3.6474972298012203
0,45.2008378599613,3.1327943352448826,6.271407134029394,-3.138612798784511,6.2545979401719185,-3.121803604927037,6.7024013874858275,-3.569607052240945
0,52.48968662793714,6.086177253199424,8.071449399207387,-1.9852721460079623,8.073280607206161,-1.987103354006737,7.865805664500794,-1.7796284113013696
0,62.20889859370849,12.807877866628306,10.471690216313897,2.3361876503144092,10.479679996138938,2.328197870489369,10.56814597643249,2.2397318901958165
1,58.53193747985066,11.001970624238345,9.563633865708876,0.27476787912257983,9.57180666184113,0.45813837065751883,9.492624400945234,0.376530894323853
0,46.30906924646728,7.2289887837546045,6.545094159074031,0.6838946246805735,6.53189387600736,0.6970949077472444,6.79426728828083,0.4347214954737746
0,62.83727454814381,15.066136534787326,10.626872922446411,4.439263612340914,10.634525428302592,4.431611106484734,10.748827249070953,4.317309285716373
1,66.83482804769298,11.482695269857652,11.61410224844284,-1.6141570807684449,11.617517484127015,-1.5482901495223569,11.824311986553386,-1.241983609194973
1,62.127208815253866,13.783116629411364,10.451516241172937,2.0298214370896144,10.459543306293744,2.2061035572668164,10.544518762234178,2.3616749132651176
0,65.83727179270856,11.81196249896337,11.367747374302231,0.4442151246611381,11.372558478121588,0.4394040208417813,11.571624726841735,0.24033777212163443
0,53.43087688014334,7.050309897149331,8.303884216758853,-1.2535743196095215,8.307246278448662,-1.2569363812993313,8.093275359464572,-1.042965462315241
0,47.18668656636965,9.388725959058526,6.761829108414352,2.626896850644174,6.751289625493774,2.637436333564752,6.891818191053768,2.4969077680047578
1,64.51653565237001,11.33017357936678,11.04158052005185,-1.105036826788611,11.047893395541127,-0.9704632641444171,11.219257779027831,-0.6986462650823331
1,49.61084486106076,9.142250579658409,7.360495307540006,0.961132650680387,7.356400183703693,0.8731824364612795,7.263077828214012,0.7380612447876835
0,46.416399843022056,9.468930509169592,6.571600349049353,2.897330160120239,6.558734826961181,2.9101956822084123,6.805055457267748,2.6638750519018437
0,74.12291767091737,9.855418055458413,13.41395703646477,-3.5585389810063575,13.400343976990763,-3.54492592153235,13.12021447970751,-3.2647964242490968
1,65.95423969280466,9.332783442696412,11.39663357712306,-3.5127484996058698,11.40129265932931,-3.41750807136858,11.601903525270794,-3.112720975097755
0,59.32129864223282,8.18086861260974,9.758573217588514,-1.5777046049787753,9.766964536546608,-1.5860959239368686,9.72339684229121,-1.542528229681471
0,49.11005869857991,9.618499640214894,7.236821969407055,2.3816776708078393,7.231504505262797,2.3869951349520964,7.17505621476933,2.4434434254455644
0,73.08934182425794,15.508113592140097,13.158706822407884,2.3494067697322123,13.14823985083893,2.3598737413011666,13.011404820412837,2.49670877172726
0,69.4717838544543,18.46233797061432,12.265320575873591,6.19701739474073,12.263961925487564,6.198376045126757,12.420223376726673,6.042114593887648
0,62.1455056706285,9.235853401006864,10.456034802888595,-1.2201814018817316,10.46405364805077,-1.2282002470439064,10.549813271774937,-1.3139598707680733
0,50.98505066038119,8.445330073979742,7.699866942015065,0.7454631319646765,7.6988346032813695,0.7464954706983731,7.531561517438613,0.9137685565411289
0,65.60982046405708,12.129511379303436,11.311576363230856,0.81793501607258,11.316674221821481,0.8128371574819528,11.512284182094653,0.6172271972087824
1,72.11383547407776,12.788829852521417,12.917797356980536,-1.8146541661009543,12.910078040327594,-2.0090110335241285,12.88243262591065,-2.1184148223808403
0,59.6977962317913,7.9273679829553885,9.85155245141766,-1.924184468462272,9.859998350410935,-1.9326303674555465,9.83386773074022,-1.9064997477848316
0,45.65981002922448,7.969909259652714,6.384754156242833,1.585155103409881,6.369473291814926,1.6004359678377869,6.736050888420639,1.233858371232075
1,65.7955171257527,8.110846456583806,11.357435709500074,-4.689385976429866,11.36230033169215,-4.589277916292275,11.560776471270906,-4.286382492259632
0,64.68411175640826,13.145701900993446,11.082964842803614,2.062737058189832,11.089109029351246,2.0565928716422004,11.264948361740178,1.8807535392532682
0,60.24754907716094,11.274557938481994,9.987318522105669,1.287239416376325,9.995786522302492,1.2787714161795023,9.995339896110615,1.2792180423713795
0,53.73745901363695,10.672967414060128,8.379597242999923,2.2933701710602055,8.3834146944265,2.289552719633628,8.170066358841563,2.5029010552185653
0,55.523384148533296,8.183030371962488,8.820646416551355,-0.6376160445888672,8.826693949103136,-0.6436635771406483,8.639839279108056,-0.4568089071455681
0,64.09190258809303,10.10139113451106,10.936713827488703,-0.8353226929776429,10.943425712650857,-0.8420345781397973,11.102351726752616,-1.0009605922415563
0,59.30314527314104,7.203329814124362,9.754090091012458,-2.550760276888096,9.762477967987348,-2.559148153862986,9.718074973983583,-2.5147451598592214
1,48.169643638988326,11.653568713863104,7.004578592165901,3.8837704186246915,6.996812425170123,3.713347600515082,7.025243061817486,3.748607259828402
1,62.12067555643203,14.194675257986248,10.449902798174874,2.443244661381298,10.457932780048157,2.6196003272473725,10.542627907860746,2.774779570264128
0,46.34089894332668,5.8224472276417,6.5529547693649794,-0.7305075417232798,6.539854034004336,-0.7174068063626358,6.797432706742278,-0.9749854791005781
1,48.86543785042348,12.111896433802167,7.176410801657234,4.143518081995316,7.170475632238192,4.014253982289178,7.134099212282347,3.9584535617303747
0,61.73553813034784,14.477347719451814,10.354789884335952,4.122557835115861,10.362974747668051,4.114372971783762,10.430863153497507,4.046484565954307
0,63.31911706172008,9.274768863867104,10.745867967783008,-1.471099103915904,10.753201343064951,-1.4784324791978474,10.885879908515212,-1.6111110446481085
0,67.53959854299258,12.06210957294005,11.788151226432818,0.27395834650723216,11.790444584948528,0.2716649879915227,11.99461050590626,0.06749906703378983
0,51.96693627880699,8.154178174179943,7.942351821177635,0.21182635300230857,7.9432462131382096,0.21093196104173373,7.745322144563006,0.40885602961693746
1,72.53553943664228,22.83040617537853,13.021940683337405,8.10656761030417,13.013059991568866,7.885203067037647,12.941190305483877,7.70302599089073
0,45.057044853323376,8.97294218741629,6.23589624642222,2.7370459409940704,6.218598433455471,2.7543437539608195,6.693175203484673,2.2797669839316175
0,65.00925391963139,5.911048839108552,11.163261423872008,-5.252212584763456,11.169060188861451,-5.258011349752899,11.352831617713548,-5.441782778604996
1,52.960685851779786,5.535673612436288,8.187766603305207,-3.6014908062936177,8.190388944131362,-3.53927263677108,7.978018866239693,-3.831923129032332
0,68.41815116764872,11.981459377429736,12.005117157117546,-0.023657779687809466,12.005854670232441,-0.024395292802704915,12.19613509190935,-0.21467571447961298
0,66.961501229904,9.1411649191712,11.645385251987413,-2.504220332816214,11.648607127865072,-2.507442208693872,11.855451100973625,-2.714286181802425
0,63.524427263197936,7.863699431219039,10.796571042012792,-2.932871610793753,10.80375248054681,-2.940053049327772,10.943819380705012,-3.0801199494859732
0,51.44817169680599,9.89252993233976,7.814238561730971,2.07829137060879,7.8141421684789,2.078387763860861,7.630259179198866,2.2622707531408945
1,53.84860308444883,3.025346026669056,8.407045202390206,-6.3652304661967145,8.41102249322458,-6.27294414328023,8.198210603286919,-6.562451674534212
0,62.34587940245823,11.016078139119712,10.505518774583773,0.5105593645359381,10.513442644897177,0.5026354942225346,10.607698650958818,0.4083794881608931
1,55.62395942917915,2.5243649071376524,8.845484324670686,-7.372899278111342,8.851635984911788,-7.232726789626117,8.667291673060456,-7.474190562879924
0,65.61965848164775,19.094621388299814,11.314005944092317,7.780615444207497,11.319091641746239,7.775529746553575,11.514863223556764,7.579758164743049
0,57.708728881596485,10.371917805031549,9.360335605985625,1.0115821990459235,9.368130361220741,1.0037874438108076,9.254072924394146,1.1178448806374028
0,60.007140673152016,6.521364296019168,9.927947652727592,-3.406583356708425,9.936414399690662,-3.4150501036714944,9.9247210388591,-3.403356742839933
0,64.02775093646929,8.420112747803023,10.920871039693315,-2.5007582918902926,10.927639658806616,-2.507526911003593,11.084556561764842,-2.664443813961819
0,45.651962254873055,4.382879065882672,6.382816082622455,-1.999937016739783,6.367509486361434,-1.9846304204787613,6.735422497838529,-2.3525434319558576
1,65.18871256907843,15.148468316410383,11.20758024075784,2.5214182427926293,11.213178111672798,2.63893359271092,11.400882493719465,2.9304356599543553
0,74.52924030093595,20.63691747320005,13.514301813893159,7.1226156593068914,13.499385779343745,7.137531693856307,13.154661803229715,7.4822556699703355
0,48.82485451047632,13.47374327796066,7.166388405872603,6.307354872088057,7.160349448111145,6.313393829849514,7.127436884582224,6.346306393378436
0,65.7414536090511,13.011462270845186,11.344084271136502,1.667377999708684,11.349017602444988,1.6624446684001981,11.546699788328336,1.46476248251685
1,67.30719412668265,10.577339909279967,11.730757008869972,-2.65432598412238,11.733432733405607,-2.6058692011065947,11.939260888858492,-2.3055133141585085
0,66.31294119470809,8.201341857584023,11.485217918020052,-3.283876060436029,11.489391501932994,-3.2880496443489715,11.6937121135806,-3.492370255996578
0,69.25816080001957,16.893163934728612,12.212564572965642,4.680599361762971,12.211651214393607,4.6815127203350055,12.376446431695987,4.516717503032625
0,52.46911867983788,14.619951359000249,8.066369972117428,6.55358138688282,8.06816548875808,6.551785870242169,7.860982715185419,6.758968643814829
0,48.183924880378754,8.81496656674579,7.008105464367574,1.8068611023782157,7.000377979625825,1.8145885871199656,7.027360598600241,1.7876059681455487
0,48.02647047901922,8.595097944187753,6.969220780886321,1.625877163301432,6.961064264424352,1.6340336797633999,7.004291094652347,1.5908068495354062
0,64.19724267348161,12.515725070211904,10.962728444056136,1.5529966261557675,10.969345149902507,1.5463799203093966,11.131498165300963,1.3842269049109408
1,65.00319359451902,4.304255086311988,11.16176477581547,-8.269847768347821,11.167570197837895,-8.147390796247041,11.351203161755464,-7.860616757802495
1,63.12913963026367,5.207682989064437,10.698951449559452,-6.831563817473714,10.706416920921603,-6.669174903276674,10.832016193889496,-6.457540299803418
0,65.19553023969658,10.84846019985592,11.20926392163165,-0.3608037217757296,11.214854016896798,-0.36639381704087803,11.402701348066069,-0.5542411482101492
0,67.18612488221468,13.19701052473162,11.700857944697727,1.4961525800338933,11.703728019384442,1.493282505347178,11.910106870089663,1.2869036546419572
0,54.334624791278216,11.220748543577631,8.52707233451162,2.6936762090660107,8.531715759027122,2.689032784550509,8.323102338474811,2.89764620510282
0,63.823513770433145,7.889183249687535,10.870432960555156,-2.9812497108676217,10.877376001407294,-2.988192751719759,11.027682376161911,-3.1384991264743762
0,60.67654030631551,15.777923001095065,10.093261499995622,5.684661501099443,10.101699255841398,5.676223745253667,10.121283397728515,5.65663960336655
0,59.62985748189514,10.100461074526304,9.834774407977692,0.2656866665486124,9.843212829119707,0.25724824540659696,9.813922090126614,0.28653898439969083
0,62.875456619678395,3.3751450745072686,10.636302304880063,-7.2611572303727945,10.643931438277473,-7.268786363770205,10.759738755918054,-7.384593681410785
0,68.6295425571594,8.587349121005293,12.057322031676852,-3.4699729106715598,12.05765912731781,-3.470310006312518,12.242699582954703,-3.6553504619494106
1,47.192643514406114,13.621454093331057,6.763300226635958,6.1304921793363665,6.75277820893164,5.898047648395432,6.892551639862029,6.090944028297557
0,67.87704940902965,18.699670020304023,11.871487544776592,6.828182475527431,11.873203958062756,6.826466062241266,12.073494278591372,6.62617574171265
0,57.763460723986974,4.901947265380398,9.373852092976932,-4.471904827596534,9.381676739949802,-4.479729474569403,9.269843741359926,-4.367896475979528
1,51.54057795888469,11.48843938045548,7.837059062279641,2.7565745475366263,7.8371436113906645,2.7622220109918185,7.650413970669649,2.5003930910725227
1,62.325043860983655,7.775501549880648,10.500373263068035,-4.034255874990018,10.508307432298183,-3.8603054201342015,10.601687999596516,-3.6930065269440995
0,68.88804972473152,9.054173461753647,12.121162542338247,-3.0669890805846,12.120996234425258,-3.0668227726716086,12.29857153381986,-3.244398072066213
0,57.60088870875462,6.4996085140373925,9.333703571877258,-2.834095057839866,9.341437447341095,-2.8418289333037023,9.22304200798456,-2.7234334939471676
0,54.977351073318765,10.615012808350592,8.68579897426532,1.9292138340852727,8.69124125259889,1.9237715557517028,8.492502553611383,2.1225102547392094
1,55.432452848634085,13.330363965109948,8.798190170269324,3.4877558649114846,8.804141590101354,3.623547709996476,8.615100622877485,3.374609162531245
0,49.18866594972849,10.393891647340745,7.256234688606083,3.137656958734661,7.25111284602395,3.142778801316794,7.1885052998375105,3.205386347503234
0,52.19243616854144,8.824356399194915,7.998040908060379,0.8263154911345358,7.999346997856566,0.8250094013383489,7.796753958633188,1.0276024405617274
1,56.67193713132837,3.1501992769700906,9.104291197591522,-7.046158329803653,9.111391708463593,-6.885374654626943,8.9584545133614,-7.078008369244548
1,62.49816148074174,17.43146349861205,10.543126109550553,5.57229820837032,10.550971725683867,5.744042155677706,10.651566232462217,5.921358762657984
0,63.15134023845907,13.403640493594173,10.70443407573767,2.6992064178565034,10.711884531755665,2.691755961838508,10.838322647956677,2.5653178456374963
0,74.8896120437753,12.24875131074954,13.603298634781627,-1.3545473240320867,13.587195727163342,-1.338444416413802,13.181109981520638,-0.932358670771098
0,49.154491259608896,9.759966081464055,7.247794962584479,2.512171118879577,7.242588244811178,2.5173778366528783,7.182641226786927,2.577324854677128
1,48.29561594817814,5.86131484236692,7.035688509246359,-1.9444360202741047,7.028261960166045,-2.107221396382302,7.04409299805196,-2.0897149284805554
1,56.273639106872565,12.372532976469971,9.005928163732547,2.2898498483389726,9.012697319513313,2.4434694990225108,8.846761397493157,2.2308105408932324
0,66.55825356668717,8.40007221805934,11.545799863371078,-3.145727645311739,11.549624660500164,-3.149552442440825,11.755553779204538,-3.355481561145199
0,48.346276836999984,13.524485805292008,7.048199640149701,6.476286165142307,7.040908659316814,6.483577145975193,7.051782254344094,6.472703550947914
0,45.35035546072868,13.159496900343544,6.308331758114308,6.851165142229236,6.292025675619146,6.867471224724399,6.712665394343983,6.446831505999562
0,48.38960340734518,11.735626795309894,7.058899499662386,4.676727295647508,7.051723999892171,4.683902795417724,7.058407422881254,4.67721937242864
1,62.152088853157046,9.674356043488206,10.457660574964267,-2.086039925547462,10.465676444071184,-1.9100399052090626,10.551717880031129,-1.7529780546041707
0,72.74294526494145,18.9124666782481,13.073161290166711,5.8393053880813905,13.06369464319861,5.848772035049491,12.968426122778878,5.944040555469224
0,63.902402458765046,11.288479547653886,10.88991518302433,0.39856436462955536,10.896791970171888,0.39168757748199745,11.049689727639052,0.2387898200148335
0,53.4640963218166,7.303211679781005,8.312088036174094,-1.0088763563930891,8.315500468347643,-1.0122887885666385,8.101535032836011,-0.7983233530550065
0,73.60325306463433,18.717253917489085,13.285621508481752,5.431632409007333,13.273620455879016,5.4436334616100694,13.069223615555142,5.648030301933943
1,53.328759417545385,16.19577192661331,8.278665453886909,6.953559106632239,8.281871112173336,7.028736682102103,8.067979593927037,6.735472731605427
0,48.36006464417388,4.984838161425005,7.0516046546378846,-2.0667664932128798,7.044350469389873,-2.0595123079648676,7.053885678154842,-2.069047516729837
1,74.62635983758254,18.885163491272543,13.538286297081566,3.5646036159751837,13.52305329418284,3.195741954541175,13.162173669576536,2.54519234113269
0,62.678429078467474,15.04597500307286,10.587644702990726,4.4583303000821335,10.595390903290687,4.450584099782173,10.703345347187883,4.342629655884977
1,59.33985424144242,10.111360915807753,9.763155678261828,-0.8464217243154213,9.771550438424404,-0.6588173856227453,9.728837154023402,-0.6866208739936752
0,59.043520866770166,12.329864872196662,9.689973668870103,2.6398912033265596,9.698304162499372,2.6315607096972897,9.642026017947602,2.68783885424906
1,50.61217682056561,7.96139609351265,7.607782623542691,-0.5055025359861753,7.605961466699858,-0.5424798779599298,7.4549996674297265,-0.7566737647825788
1,49.030305351599445,6.472655357149943,7.217126212240986,-1.5427762715766633,7.211608845844927,-1.6626550094369872,7.161553401828522,-1.7375813385707488
0,65.22873020564185,16.526844211103118,11.217462931352708,5.30938127975041,11.223015011314258,5.303829199788858,11.411551598006994,5.115292613096123
1,50.81129107301734,12.848583858819843,7.656955556254253,4.32485791045918,7.655559540771908,4.297398034860475,7.495553875708996,4.070996421778121
0,68.30535409141355,18.43088908091699,11.97726097419002,6.4536281067269705,11.978208011420518,6.452681069496473,12.170973467676156,6.259915613240835
1,54.858765406442,9.117502323443858,8.656513250385252,-0.56137506032894,8.661815167125793,-0.4398419342080313,8.460905724258575,-0.7080833407969713
0,49.40979065689008,3.994209895321271,7.31084328749961,-3.316633392178339,7.306264238071163,-3.312054342749893,7.2270764566511305,-3.2328665613298595
0,70.00210822793902,9.542996164979348,12.396288622668672,-2.8532924576893244,12.393779899997872,-2.850783735018524,12.525043919436136,-2.9820477544567883
1,63.05974257678753,7.5365772985036035,10.68181326583355,-4.482863550211828,10.689324954797362,-4.319344901919921,10.812282913288255,-4.111301376368402
1,71.20450186332066,15.149219610804376,12.693229803912171,0.8052599125859796,12.687877896886615,0.6660088606200638,12.740944998723611,0.6908816212643885
1,61.534147155358205,9.076608454052957,10.305054695920536,-2.5074266092893662,10.313307187404032,-2.3253683463153596,10.372210982606978,-2.2065066622126324
0,52.51672971037437,2.213307021812764,8.078127914967185,-5.8648208931544215,8.08000590492976,-5.866698883116996,7.872156993922736,-5.658849972109971
0,60.45742052903268,12.728265412060946,10.039148035331845,2.689117376729101,10.047606440828606,2.68065897123234,10.056972500396313,2.671292911664633
0,74.87024233546694,8.835427254193343,13.598515123046221,-4.763087868852878,13.582476756043304,-4.747049501849961,13.179788202468298,-4.3443609482749554
0,59.01218996417431,6.773054157695777,9.682236240001156,-2.90918208230538,9.69055877765983,-2.9175046199640526,9.632857515701243,-2.8598033580054665
0,71.19922705198411,10.663568410575431,12.691927145063172,-2.0283587344877407,12.686588425100714,-2.023020014525283,12.740067536932763,-2.076499126357332
0,62.796453953041485,14.642091542115075,10.61679193451362,4.025299607601456,10.624469063188645,4.01762247892643,10.737152545714803,3.904938996400272
0,59.37103434670433,8.81405672017429,9.77085586646586,-0.9567991462915693,9.779256233691353,-0.9651995135170619,9.737980000973522,-0.9239232807992313
0,57.47728877499097,12.681356011807528,9.303179532782734,3.378176479024795,9.31084039595929,3.370515615848239,9.187549050457552,3.4938069613499767
0,67.23862286368103,8.517133556916757,11.713822761019768,-3.196689204103011,11.71660896886711,-3.1994754119503526,11.922775173048535,-3.4056416161317777
0,70.93734417482338,17.08245807624759,12.627252974639049,4.455205101608541,12.622561050148501,4.459897026099089,12.695709004408513,4.386749071839077
1,47.337479886455526,4.378449982946105,6.7990687820722355,-3.1538483125275514,6.788968940801952,-3.3767865175279432,6.910672802335158,-3.209549916706064
0,48.327249363046846,6.206051738892149,7.0435006460553655,-0.8374489071632167,7.036158815891272,-0.8301070769991243,7.048887012997373,-0.8428352741052239
1,69.04059078681739,8.631196913757698,12.158833835524643,-5.095181354608378,12.158363384969881,-5.120505795262433,12.330974482373241,-4.888547631166983
0,59.36257947718528,15.653004431255118,9.76876786560793,5.884236565647187,9.777166734141588,5.87583769711353,9.735500664514833,5.917503766740285
0,71.92297295098061,18.968874373592502,12.870662257961492,6.098212115631011,12.86345535372526,6.105419019867242,12.854381874545478,6.114492499047024
0,71.62779530395783,17.06889920832717,12.797765665194845,4.271133543132326,12.791335002956119,4.277564205371052,12.809256699560475,4.259642508766696
0,56.499413066215055,8.238757616542726,9.061684934400999,-0.822927317858273,9.068646323448887,-0.8298887069061607,8.909930512013029,-0.6711728954703027
0,67.97194212172306,10.35758786456342,11.894922095134667,-1.537334230571247,11.896471628436121,-1.5388837638727004,12.095350842746587,-1.7377629781831665
1,54.00762166432699,4.42498217599025,8.446316172860453,-5.010978308390058,8.450517293585651,-4.913737787642832,8.238751965021832,-5.201073346912834
0,66.47518747826007,17.790049479112646,11.525285996952457,6.264763482160189,11.529230422372489,6.260819056740157,11.734701742835288,6.0553477362773585
0,73.8435969980434,13.738948386481518,13.344976456305094,0.3939719301764235,13.332237446702239,0.40671093977927875,13.093758472685181,0.6451899137963366
1,62.994664091325774,12.91480463262366,10.665741588657367,0.9139372200075719,10.673295629253458,1.0784926555806305,10.793750722429913,1.2831251674631332
1,66.72689665133757,15.49699125587683,11.587447685923584,2.4309425860539413,11.591024809070896,2.50062552389182,11.797603743796218,2.807603728059382
1,49.999016385842395,11.093088958784746,7.456357517470254,2.8011866598269837,7.45317082957209,2.733612177097921,7.335030535481325,2.564237458885467
0,64.20806395092312,11.261774331819115,10.965400849174967,0.29637348264414776,10.97200763535232,0.28976669646679554,11.134487000419737,0.1272873313993781
0,59.96517090790212,12.105265977577766,9.91758286759975,2.187683109978016,9.9260480553026,2.179217922275166,9.912392586842142,2.192873390735624
0,65.61014757307946,15.418127576006368,11.311657145544268,4.1064704304621,11.316754600141898,4.10137297586447,11.512369951626722,3.905757624379646
1,65.60781872439912,5.5148444769937806,11.31108201685286,-7.23181872743761,11.31618234714642,-7.126122657959269,11.511759289944154,-6.826060791501599
0,49.657752801055295,5.016748233077606,7.372079616290323,-2.355331383212717,7.36809608149819,-2.351347848420583,7.271603031952411,-2.2548547988748053
1,50.10859609897092,8.791547576036772,7.483419145625313,0.4683711657481133,7.480482737333996,0.4064075675585972,7.355912707949199,0.2282024596978669
0,61.80366500725721,6.849232998002751,10.371614387317853,-3.522381389315102,10.379774296474727,-3.5305412984719755,10.450673518764361,-3.60144052076161
0,45.04582965641793,8.133864237061049,6.23312655959173,1.9007376774693192,6.215790439937847,1.918073797123201,6.692482364526187,1.441381872534862
0,58.8871553481607,10.087875039687397,9.651357894106033,0.4365171455813641,9.65964646989395,0.4282285697934469,9.596289992149156,0.4915850475382406
1,55.6458183239548,3.9474158049417087,8.850882561857212,-5.956086921085195,8.857056550362254,-5.815426485841698,8.673270449892758,-6.05600614931234
0,58.314448054645936,7.295710163826816,9.50992303014897,-2.2142128663221543,9.518010849409782,-2.222300685582966,9.429344271305695,-2.133634107478879
0,53.93168384564305,2.692481384390372,8.427562692371588,-5.735081307981216,8.431657638840797,-5.739176254450425,8.219351975882018,-5.5268705914916465
0,61.20779635610687,11.405749296025537,10.224459632059695,1.181289663965842,10.232802233499301,1.1729470625262355,10.276914343281238,1.128834952744299
1,49.96900235174401,4.692193109945203,7.448945300308751,-3.591143166917016,7.44568958658811,-3.660265319296647,7.329354159977415,-3.8271576855275544
1,61.5783856262904,8.925943571539541,10.315979756922578,-2.6707171761155273,10.324218179237768,-2.4890269551252313,10.385105834398113,-2.367355914446639
1,60.95394164342892,5.467406904752373,10.161768084110097,-5.951037181420725,10.170164118989454,-5.76508933242758,10.202611217634859,-5.683914705706007
1,56.395104047510834,13.07724459425168,9.035924948388972,2.9598953042201988,9.042798957491067,3.1157866983852305,8.88069800851914,2.9090574122481048
0,67.95283219332416,11.817615732679291,11.890202738224191,-0.07258700554490005,11.891786042382558,-0.07417030970326621,12.090960977489903,-0.27334524481061173
1,51.89685996290376,5.70148912200006,7.925045887904882,-3.1320587938615123,7.925809997919873,-3.1112379734268973,7.729510710302526,-3.385326377309056
0,46.07376112217906,4.313599503916966,6.4869828465002914,-2.1733833425833256,6.473039524946785,-2.159440021029819,6.771760182879733,-2.4581606789627672
0,73.87390600647309,14.965005491643316,13.352461519848845,1.6125439717944712,13.339628520992731,1.625376970650585,13.096736897024869,1.8682685946184474
1,64.35746374665274,7.265021724700149,11.002296380318901,-5.124789470716439,11.00876350695909,-4.986521179630182,11.175648230730895,-4.720351186740406
0,60.02433313769163,13.535533422093849,9.932193475874566,3.6033399462192826,9.940660746525332,3.594872675568517,9.929771332566023,3.6057620895278255
0,71.6370620584199,17.748159061941625,12.800054167840976,4.9481048941006485,12.793599436073407,4.954559625868217,12.810705114139285,4.937453947802339
0,69.40642224759688,7.806317158430579,12.249178979496914,-4.4428618210663355,12.247957669794001,-4.441640511363422,12.406921828039781,-4.6006046696092024
1,49.49384073314892,11.410428129739865,7.331600157956585,3.2627032442186863,7.3272245244175656,3.168458364272997,7.242019863594123,3.0445902489594783
0,69.13105539274608,9.376688388648548,12.181174827820952,-2.804486439172404,12.180521518729293,-2.8038331300807453,12.349988780500244,-2.973300391851696
0,50.50619205817109,12.163412391876603,7.581608798587895,4.581803593288709,7.579557689592169,4.583854702284436,7.4337269166793085,4.729685475197295
0,69.36361208517796,5.065768314328561,12.2386066512478,-7.172838336919239,12.237474772357702,-7.171706458029141,12.398165166696101,-7.33239685236754
0,47.67534682951556,11.111676978430404,6.88250785412249,4.229169124307914,6.873374398002651,4.238302580427753,6.955069660398702,4.1566073180317025
1,56.375942469095776,13.181680042248749,9.031192836074313,3.0697994773993216,9.038050525870819,3.225337567063102,8.8753368684378,3.0176622205493846
0,45.42677076317895,1.4172659301419817,6.327203157219362,-4.90993722707738,6.3111522515962895,-4.893886321454309,6.718172891006555,-5.300906960864573
0,49.95655132171951,2.689724668613775,7.445870414136387,-4.756145745522612,7.442586005921191,-4.752861337307416,7.327004860192309,-4.637280191578534
0,67.48628746475984,15.25491840998993,11.774985609052642,3.479932800937288,11.777367758139189,3.4775506518507413,11.981986289634927,3.2729321203550032
1,45.703388614203824,6.096154450782208,6.395516252880661,-0.9697732828949919,6.380378023490934,-1.3062616304248857,6.7395735168394175,-0.8001756522146923
0,62.117049067073225,5.729481884108809,10.449007206247002,-4.7195253221381925,10.457038802987494,-4.727556918878685,10.541578252391794,-4.812096368282985
1,49.32923450623967,0.1050548788288483,7.290949271241807,-7.9956912975942265,7.2861737620265,-8.098911711539714,7.212899596875489,-8.206204554074173
0,57.57652919722598,4.999333837168217,9.327687786434804,-4.328353949266587,9.335407545810371,-4.336073708642154,9.216040667392743,-4.216706830224526
1,55.73170794817703,11.51819610918874,8.872093724094455,1.590180436436519,8.878354399754727,1.7327342038821243,8.69680462215411,1.495688389064652
1,66.94921947597119,8.983061916794217,11.642352169963992,-4.146437811354005,11.645592952186771,-4.084681089220272,11.8524418577449,-3.77936108498087
0,63.50227684331106,7.217288747053533,10.791100810257813,-3.5738120632042802,10.798299099763279,-3.581010352709746,10.937582522638934,-3.720293775585401
0,47.36736475203236,9.39455210999124,6.8064490999852385,2.5881030100060016,6.796435778050765,2.598116331940475,6.914480416171145,2.4800716938200953
0,64.9442092276912,13.354628442055937,11.14719809228908,2.207430349766856,11.15306787240948,2.201560569646457,11.335334219704752,2.019294222351185
0,73.25324038994917,5.580716223691165,13.199182946256478,-7.618466722565313,13.188233208197532,-7.6075169845063675,13.030625908696289,-7.449909685005124
0,47.21126358761504,8.557370104158087,6.767898609703534,1.7894714944545536,6.757431132557002,1.799938971601085,6.894850293466684,1.6625198106914034
0,48.332524474625195,7.229845887441158,7.044803379051594,0.18504250838956438,7.037475654386976,0.19237023305418077,7.049688804293799,0.18015708314735868
0,48.082088716364986,5.856987959200101,6.982956170537557,-1.1259682113374563,6.974951843271435,-1.1179638840713348,7.012370288188309,-1.1553823289882086
0,59.03375818405941,4.129250903141557,9.687562692588347,-5.55831178944679,9.695890730960222,-5.5666398278186655,9.639168894964364,-5.509917991822807
1,71.31198500377812,11.921606281471067,12.71977366588219,-2.453029165066896,12.714151679483587,-2.5985707217681355,12.758685577614333,-2.5880112041310177
0,61.2807642041403,11.747752786982492,10.242479653415652,1.5052731335668401,10.250804198646664,1.4969485883358278,10.298245591462925,1.4495071955195673
0,74.73375464809473,5.340150073033657,13.564808345231622,-8.224658272197965,13.549222354379172,-8.209072281345515,13.170151472486914,-7.830001399453257
0,74.24658581653632,16.348523469950308,13.444497921048402,2.904025548901906,13.430492242462346,2.918031227487962,13.131210298616107,3.217313171334201
0,48.52325544578429,1.1585627118021735,7.091905990217466,-5.933343278415292,7.085084046331986,-5.926521334529814,7.079127872635338,-5.920565160833164
0,64.65841320532965,13.432064203732343,11.076618370326566,2.3554458334057777,11.082788838478782,2.349275365253561,11.257958559175568,2.174105644556775
0,59.67385733099318,3.174829446828646,9.845640539318751,-6.670811092490105,9.854083922552936,-6.67925447572429,9.826839246531135,-6.652009799702489
0,67.58283508205177,13.828865818684406,11.798828851965196,2.0300369667192104,11.801049727084695,2.0278160915997105,12.00481699721675,1.824048821467656
1,60.58730887226302,13.094804533539522,10.071225049824971,1.7809976450341036,10.079672525689261,1.9685051306905361,10.095100271899462,2.0252366327606364
0,58.74757983130421,6.367008611173359,9.61688855093217,-3.249879939758811,9.625135037848237,-3.2581264266748775,9.555514994895388,-3.1885063837220287
0,49.5953047488337,4.449435148529243,7.356657546639104,-2.9072223981098606,7.3525253447490355,-2.903090196219792,7.260263945085924,-2.810828796556681
1,59.55108151847946,6.271113616280829,9.815320023870925,-4.7469534066863694,9.823748467087304,-4.558799136644128,9.790800117494983,-4.572298188047187
0,70.73711339934161,11.694503132496727,12.577804307211608,-0.8833011747148802,12.573596444751015,-0.8790933122542874,12.660757412844264,-0.9662542803475365
0,68.41936014572536,12.056187440490486,12.00541572438172,0.050771716108766185,12.006150976192146,0.05003646429834063,12.196403600638952,-0.14021616014846572
0,61.591338627330416,4.908760330907166,10.319178609042458,-5.4104182781352925,10.327412828122489,-5.418652497215323,10.388880299895899,-5.480119968988733
0,73.87224010928429,7.743609007619231,13.35205011258211,-5.608441104962878,13.339222285126223,-5.595613277506992,13.096573868365914,-5.352964860746683
1,59.12914984834202,13.526403762340152,9.711120463221317,2.628756273693437,9.719471568142907,2.8155820141524313,9.667094405745445,2.7735802301935504
0,64.86598183271636,10.225515342001808,11.127879181754379,-0.9023638397525708,11.133833102061393,-0.9083177600595853,11.314234484655493,-1.0887191426536855
0,61.84416508037665,14.624524911318074,10.381616219661815,4.242908691656259,10.389760796453425,4.2347641148646495,10.462442590079498,4.162082321238577
1,71.82549081732608,14.413480596111537,12.846588228404336,-0.1077096964235622,12.839639857120577,-0.28412951585569957,12.839711611627516,-0.3476701645377318
1,56.44762980390762,7.7801664203118275,9.048896623962769,-2.3521737499327244,9.055814941679364,-2.1953236194930206,8.895408166614612,-2.3994394803077643
0,65.9695632314176,13.782264568613854,11.400417853355618,2.381846715258236,11.405056790475776,2.3772077781380787,11.605858046977355,2.1764065216364994
0,65.34752736888157,11.951885559894077,11.246800886031403,0.7050846738626735,11.252214896076685,0.6996706638173915,11.443123541969616,0.508762017924461
0,49.046486033212005,1.2678033399438808,7.221122167117972,-5.953318827174091,7.215645474047086,-5.9478421341032055,7.164281262298265,-5.896477922354384
0,73.14772451170985,12.731369454486009,13.173124916171862,-0.4417554616858528,13.162486674009456,-0.43111721952344517,13.01833454599529,-0.2869650915092805
1,67.09659808326808,15.158431851599715,11.678748551692069,1.9868701866129754,11.681760209517986,2.043231613710841,11.888410263298532,2.3468565721050307
1,74.94196240389599,15.83640997703906,13.61622699477567,0.4257769530410247,13.599949229068097,0.03268601007428451,13.184625087982976,-0.7052206133726902
0,73.73904686366684,10.935683316296444,13.319156924757852,-2.383473608461408,13.306740533871638,-2.3710572175751956,13.083285148165515,-2.1476018318690713
0,59.66322204019889,9.489502670478016,9.843014065160542,-0.3535113946825259,9.851456289132807,-0.36195361865479114,9.82371686346689,-0.334214192988874
0,46.97498672040311,5.121577747057378,6.709548057949194,-1.5879703108918157,6.698382679066467,-1.5768049320090887,6.866366408583879,-1.744788661526501
0,45.52280696277752,9.193404808587363,6.350920101248166,2.8424847073391977,6.335188020156693,2.8582167884306706,6.7253438180958955,2.468060990491468
0,65.21681085513428,12.835139783436354,11.214519347891166,1.620620435545188,11.220085104680871,1.6150546787554827,11.408375549651199,1.4267642337851552
0,58.37737373491439,10.856428478909194,9.525463054047663,1.3309654248615317,9.533576559543125,1.3228519193660695,9.447636321971101,1.4087921569380928
0,49.43327822120289,4.403266776298226,7.316643738272426,-2.9133769619742003,7.31212169375023,-2.908854917452004,7.231236808625702,-2.8279700323274763
0,66.89691828962344,17.331987121243813,11.629435953845128,5.702551167398685,11.632756865668291,5.699230255575522,11.83960331332676,5.492383807917053
1,66.6088421809237,13.589647468719432,11.5582931454601,0.5572916106901165,11.562044322227333,0.6310794364316212,11.76820798268865,0.9385088458247672
0,55.2586336551887,6.6689086084967695,8.755264064287331,-2.086355455790562,8.761026555357176,-2.092117946860407,8.56803240356391,-1.8991237950671405
1,64.42137229794997,11.967717984807344,11.018079132452097,-0.44033274684458235,11.024484975213035,-0.3035331097420393,11.19319602631721,-0.035051322745875524
1,52.351280769735205,11.99783577749761,8.037268913037018,3.034595909556792,8.038858101991012,3.0738164247970072,7.833479106849561,2.7886073717079505
0,74.14928245882163,16.996024516983034,13.420468041707275,3.575556475275759,13.406771570004807,3.5892529469782275,13.122595877482777,3.8734286395002577
0,62.350033529681696,5.9809087188274725,10.50654467110258,-4.525635952275107,10.514466476307414,-4.533557757479941,10.608896794195912,-4.62798807536844
0,73.78240918161708,17.39193130318407,13.329865612441077,4.062065690742992,13.317315715081762,4.074615588102308,13.087666400640332,4.304264902543737
0,45.113928413691525,7.290670479532597,6.249944118194007,1.0407263613385904,6.232840158879341,1.057830320653256,6.696749033830407,0.5939214457021897
1,58.239962670126815,14.87723741458982,9.491528240444795,4.233364443247149,9.4995844971378,4.414373932720116,9.407710424819696,4.313893586564236
0,66.55966041242466,12.08153348725382,11.546147295711725,0.535386191542095,11.549970053318958,0.5315634339348616,11.755906149497322,0.3256273377564973
1,63.57408549728698,9.19525499912227,10.808834558930185,-2.970979606381805,10.81597781654549,-2.816426232012251,10.957788872926235,-2.5829705940788887
0,63.10294263481519,14.0036106114725,10.692481882069572,3.3111287294029275,10.699964928320059,3.303645683152441,10.82457051382449,3.1790400976480093
0,55.16705470699597,10.183276496179,8.732647875833576,1.450628620345423,8.738308078217162,1.444968417961837,8.543353479746072,1.6399230164329275
0,69.66666866351201,14.890342569905442,12.313449012107073,2.5768935577983694,12.31167512460092,2.5786674453045215,12.459391269563982,2.4309513003414605
1,53.88200955347535,7.620170613064611,8.415295209777147,-1.779940104719981,8.419319997205484,-1.6866021512872438,8.206700919656912,-1.975691961381533
1,74.93954684779507,13.305411881141112,13.615630452960362,-2.104531741796553,13.599360769217112,-2.497435281474772,13.184464735822797,-3.234655762003243
0,51.75618616746218,0.2105758982251329,7.890305315633664,-7.679729417408531,7.890804539543184,-7.680228641318051,7.698020170984846,-7.4874442727597135
1,60.02688705819869,9.318799274288404,9.932824187939113,-1.8350629154683187,9.94129153067899,-1.6465156922832662,9.930521550466413,-1.627684136778159
0,69.94532516653089,17.05917098822681,12.382265569956989,4.676905418269822,12.379883029552929,4.679287958673882,12.514089729846136,4.545081258380675
1,47.66494356656075,7.849477128672838,6.879938681183042,0.22372051599749376,6.870775854414397,0.02187519668427207,6.953658805652041,0.1340768047709222
0,59.80106749248219,12.825085147177685,9.877056154394534,2.9480289927831507,9.885511420342011,2.9395737268356736,9.864192956668123,2.9608921905095613
0,67.7558614093312,12.78774982027848,11.841559153005312,0.9461906672731679,11.843485727754382,0.9442640925240973,12.04537117725572,0.742378643022759
0,64.35348554496534,15.086013414112244,11.001313930085033,4.084699484027212,11.007784840998823,4.078228573113421,11.174554713502694,3.9114587006095505
1,54.7615370140712,5.301601578131835,8.632501884363819,-4.349526768152958,8.637686345268746,-4.230578988021764,8.435111796786288,-4.501603815270886
0,70.66394649252035,8.357257380986878,12.559735126620392,-4.202477745633514,12.555701884104634,-4.198444503117756,12.64776537636424,-4.290507995377363
0,49.16734588012904,3.2997759470904895,7.250969518810798,-3.951193571720309,7.245794757369207,-3.946018810278718,7.1848438932940635,-3.885067946203574
0,70.96037567223647,9.63173088405624,12.6329407958703,-3.00120991181406,12.628192610654304,-2.9964617265980635,12.699672157589742,-3.067941273533501
0,60.65062456639045,14.737561698493208,10.086861390913455,4.650700307579752,10.095302155366769,4.642259543126439,10.113679914745308,4.623881783747899
0,62.12415813557668,11.83835407336102,10.450762850269756,1.3875912230912633,10.458791278558413,1.379562794802606,10.543635857602371,1.2947182157586479
0,54.44954814759129,11.019980592638207,8.555453620117177,2.46452697252103,8.560246745279565,2.459733847358642,8.353050070379378,2.666930522258829
1,72.02186314826245,17.734265730607184,12.895084020627387,3.1570306651421873,12.887612652638929,2.9684418483780526,12.869027355733088,2.874005803475912
0,45.59375592518471,3.895331117353443,6.368441541885618,-2.473110424532175,6.3529436597558036,-2.4576125424023614,6.73081884826401,-2.8354877309105673
0,74.02563137726264,10.369491631383593,13.389931371236203,-3.020439739852611,13.376624742969792,-3.0071331115861994,13.111253568831362,-2.7417619374477695
0,59.208061175100966,10.825917309531414,9.730608276439701,1.0953090330917128,9.738976907086297,1.0869404024451175,9.69020876629592,1.135708543235495
0,58.2352591820355,8.675560937408761,9.490366674657434,-0.8148057372486726,9.498420896157711,-0.8228599587489498,9.406345016485973,-0.7307840790772122
0,70.37729232420864,17.365814795494167,12.488943478326416,4.876871317167751,12.485582697514586,4.880232097979581,12.595749030677617,4.77006576481655
0,61.347655296986304,12.540232329235744,10.258998969170394,2.2812333600653503,10.267305903756755,2.272926425478989,10.317788756931499,2.222443572304245
0,69.27985591015879,9.194265670447944,12.217922362164103,-3.023656691716159,12.216964251655293,-3.022698581207349,12.380932000067649,-3.1866663296197046
1,69.15608760405242,10.980551609506533,12.187356742109014,-2.7787895150073396,12.18665250772722,-2.8095825431455115,12.35522330366253,-2.5850377629767927
0,52.843948076848655,8.166143931707424,8.158937231821728,0.007206699885696111,8.161368166973366,0.00477576473405783,7.949895964834859,0.2162479668725652
1,68.27814437074233,16.787866551730584,11.970541305722335,3.279090916364712,11.971538454976788,3.288135107121171,12.164871430844116,3.559744531963428
0,51.61125542217995,8.62829879069071,7.854513453936935,0.7737853367537753,7.854735094145071,0.7735636965456383,7.665930674658789,0.9623681160319215
1,73.5389556877557,11.294522451036563,13.269742732613864,-3.7156916725478357,13.25793688450514,-4.00501913473984,13.062386239769973,-4.388832784027043
1,72.65810411743652,12.605169821590344,13.05220905803836,-2.153648771839256,13.04298327726155,-2.3830354683665327,12.957419535487446,-2.58766164241813
0,64.91230623674099,11.507701651673305,11.139319381408386,0.36838227026491843,11.145223643056614,0.36247800861669077,11.326736596439083,0.18096505523422124
0,48.192919036646025,10.484078170736904,7.010326646605822,3.4737515241310817,7.0026234998102,3.481454670926704,7.028696757454272,3.455381413282632
1,53.48460541474267,12.782114390784862,8.317152928485976,3.4954230361583694,8.320596333865353,3.5758764885193592,8.106641899701973,3.2831858714497706
0,53.78140272077759,13.374146022672052,8.390449509614273,4.9836965130577795,8.394330491729292,4.97981553094276,8.18117484397806,5.192971178693993
0,45.90732505079627,12.38410920003868,6.445880064363354,5.938229135675326,6.431403620474132,5.952705579564547,6.756801505400837,5.627307694637842
1,56.636601697349725,9.591290030935244,9.095564816149857,-0.5949828232449459,9.102637381153487,-0.4348015274564876,8.948498803669315,-0.6292778031368709
1,63.749829962726416,12.35688260132639,10.852236126959966,0.1404904272266112,10.85923977869417,0.29166668227789216,11.007083614693112,0.5331287212340641
0,61.24939471552284,5.655120122031721,10.23473269540542,-4.579612573373699,10.24306515074762,-4.587945028715899,10.289076685967053,-4.633956563935333
1,48.66444254123892,15.509853301343888,7.12677332622705,7.59883912304106,7.120320482070418,7.457942755127728,7.101477190003627,7.426710633109353
0,73.97340136284411,16.78290128175519,13.3770327316215,3.4058685501336914,13.36388973354919,3.419011548206001,13.106330550230098,3.676570731525093
0,60.006988233045846,7.559298627371981,9.927910006366314,-2.3686113789943333,9.93637674838695,-2.3770781210149687,9.92467625967191,-2.3653776322999294
0,59.60761817661242,9.172248123218733,9.829282225229578,-0.6570341020108454,9.837717971709386,-0.6654698484906536,9.807393893579704,-0.6351457703609711
0,46.38814855909733,5.348081854373709,6.564623457810578,-1.2165416034368688,6.551670073489825,-1.2035882191161162,6.802184349694418,-1.4541024953207087
0,46.162624463543054,3.6262651350798087,6.508928393097845,-2.8826632580180362,6.495267149522804,-2.8690020144429953,6.780074050390405,-3.153808915310596
0,64.55227982690701,13.113195631363274,11.050407843398602,2.0627877879646714,11.056685270331007,2.0565103610322666,11.229025502419791,1.8841701289434827
0,67.89071515271311,17.261202268854447,11.874862414663232,5.386339854191215,11.876554920685695,5.384647348168752,12.07665085021032,5.184551418644126
1,59.47166909633978,5.320371188156566,9.795708460950369,-5.675031485177417,9.804125424757288,-5.487056881466469,9.767498053684527,-5.505940268971397
1,47.78326143435829,12.548640251054348,6.90915826983702,4.889115652825014,6.900328035675984,4.694755060448898,6.969866994322029,4.7880717668608845
0,71.27311617894344,12.172248300514823,12.710174683967841,-0.5379263834530175,12.7046506672635,-0.532402366748677,12.752300796489964,-0.5800524959751403
0,50.25507948791664,8.156352190845725,7.519594445681927,0.6367577451637985,7.5169883622955505,0.6393638285501746,7.38421125688034,0.7721409339653853
1,61.29614733760424,16.264509471335145,10.246278647095918,4.748399688910837,10.254599231978318,4.932264188229583,10.302740996427172,5.035843920647983
0,72.61576130902934,8.213810977618833,13.041752146777675,-4.8279411691588425,13.032645969198668,-4.818834991579836,12.951856546855225,-4.738045569236393
0,73.70499124421332,10.077194008748853,13.31074660423474,-3.2335525954858877,13.298434767597643,-3.22124075884879,13.07980716328277,-3.0026131545339165
1,55.660786334954096,3.834998128102996,8.85457903756717,-6.072776476623254,8.86076825313893,-5.9317833431194735,8.677366963324074,-6.171754016821653
0,69.1171157168215,18.39921817461391,12.177732308072516,6.221485866541395,12.177107296277411,6.222110878336501,12.347068770648034,6.052149403965876
1,63.642733565829325,8.586674149228411,10.825787774552104,-3.5991526533799405,10.832877331859754,-3.4458994030922163,10.977071138242582,-3.20927313578337
0,73.49270217231225,13.883446631816383,13.258320039488844,0.6251265923275398,13.246654037008579,0.6367925948078046,13.05739679780612,0.8260498340102629
1,56.41158587964589,10.15082601063758,9.039995274910359,0.02877279650908804,9.046883254616512,0.18496656552646584,8.885311614476684,-0.020945822599731656
0,57.1832286171487,6.606817114720152,9.23055891333092,-2.6237417986107685,9.238032179345167,-2.6312150646250148,9.103441487806462,-2.49662437308631
0,68.07835081506035,10.588359526949468,11.921200613387239,-1.3328410864377709,11.922560591714287,-1.3342010647648195,12.119685757049805,-1.531326230100337
1,51.618260869811984,15.09116033553802,7.856243507917415,6.337124756451956,7.85647867484279,6.346136581609606,7.667473413945193,6.081361166549144
0,61.66006912991247,7.451247429418925,10.336152182441072,-2.8849047530221474,10.344363463544056,-2.893116034125131,10.408899277089393,-2.9576518476704683
0,45.84134843164685,8.46270490499945,6.429586585548937,2.033118319450513,6.4148970732419155,2.0478078317575346,6.751094569423801,1.7116103355756493
1,46.97387493070166,7.687401862976674,6.709273492168466,0.25887662496096464,6.69810479948989,0.01186741565590399,6.8662359120008105,0.24508258579465458
0,63.673590602479166,12.1421910051501,10.833408178255896,1.3087828268942037,10.84047325019803,1.3017177549520689,10.985727203142423,1.1564638020076767
0,62.624057756725065,4.7559822203124265,10.574217249593705,-5.818235029281278,10.581994209387302,-5.826011989074876,10.687745818219213,-5.931763597906786
0,74.61770709246616,10.037013254617998,13.536149429187185,-3.4991361745691876,13.52094475277339,-3.483931498155391,13.16151583872973,-3.124502584111733
0,58.586451969417936,8.098880890577885,9.577096675599629,-1.478215785021744,9.585289094310124,-1.486408203732239,9.508510084628531,-1.4096291940506465
0,71.49633328784546,20.079366984686764,12.765300019000147,7.314066965686617,12.759208724523178,7.320158260163586,12.78848980472679,7.290877179959974
0,53.2427503179664,6.998051049306686,8.257424786209414,-1.2593737369027282,8.260496882563565,-1.262445833256879,8.04678616438909,-1.0487351150824038
0,53.8084576403108,1.7539672853506705,8.397130948644087,-6.643163663293416,8.401050827575151,-6.647083542224481,8.188026464405908,-6.434059179055238
0,49.15824940770584,7.994706399364211,7.248723068740695,0.745983330623516,7.243525697515717,0.7511807018484937,7.183284809873506,0.8114215894907053
0,70.50169284068414,19.516292626342867,12.51966522802847,6.996627398314397,12.51601489918803,7.000277727154838,12.61853954457908,6.897753081763787
0,59.62292112470784,13.153120662436772,9.83306141646134,3.320059245975431,9.841499015392067,3.3116216470447046,9.811885920515705,3.341234741921067
0,59.533128688895125,11.726021912990223,9.81088642220624,1.9151354907839835,9.819312395063053,1.9067095179271707,9.7855315745832,1.9404903384070238
1,70.90799377780155,15.447198388790856,12.620004648213184,1.187862263789512,12.615384246192338,1.0656545590138151,12.690641348332854,1.1279212408631683
1,69.99842669897629,6.51951104722664,12.39537943824952,-7.480234125453677,12.39287891871606,-7.552998128921917,12.524335697117838,-7.394430895712198
0,52.78419444729318,10.437268171285927,8.144180572420286,2.2930875988656414,8.146512341452311,2.290755829833616,7.935579089887886,2.501689081398041
1,56.22492518305417,10.06014462085262,8.993897852147398,-0.008635526212215083,9.0006240184811,0.14405158424803588,8.833183170735728,-0.07093988489305758
0,72.92579374691005,6.641124866822651,13.118317254591872,-6.477192387769222,13.108325959873218,-6.4672010930505675,12.991507912003918,-6.3503830451812675
0,61.718837297705775,13.522129578666114,10.350665473804694,3.1714641048614194,10.358856294241782,3.1632732844243314,10.42600432962904,3.0961252490370743
1,67.37748526096334,15.889715839818653,11.748115993340669,2.6379888174325963,11.750677359457688,2.68375616336845,11.956087454704965,2.9827947536162824
0,50.09688155116884,10.815004331932066,7.4805261399076155,3.3344781920244504,7.477563105309581,3.3374412266224844,7.3536685204026675,3.4613358115293984
0,65.426391637876,17.752251046656852,11.266277077940616,6.485973968716236,11.27159766620888,6.480653380447972,11.463998413910442,6.28825263274641
1,67.1069168802987,16.889684212417414,11.68129686506393,3.7151775569947336,11.684292296561173,3.771157019083537,11.890916932024123,4.0746451846858935
1,57.673311297507134,8.922801492541687,9.351588936885914,-1.559348860561169,9.359363987707317,-1.3841803793187513,9.24387518828606,-1.5200044694607513
1,57.97963042898097,8.394359723528876,9.427237012574915,-2.1752142807863173,9.435173096755701,-1.9966819479594804,9.332268115691814,-2.11363313020607
0,52.71106613190525,3.4229999448531085,8.126120922306828,-4.70312097745372,8.128330229702115,-4.705330284849007,7.918130520602415,-4.4951305757493065
1,49.45692904189004,6.511722923943232,7.322484506574558,-1.6254673442762204,7.318019737086866,-1.7217127237254157,7.235438273619492,-1.8419399835913648
0,68.14427629865284,12.28727551028532,11.937481463847487,0.3497940464378342,11.938722718392974,0.348552791892347,12.13466905652682,0.15260645375850146
0,61.88280219613999,6.674609829596827,10.391157979079868,-3.7165481494830406,10.399287582936807,-3.7246777533399804,10.473664724301807,-3.7990548947049803
0,48.3067115884511,3.85729375809193,7.038428670564878,-3.181134912472948,7.031031863008521,-3.173738104916592,7.045771776102354,-3.188478018010424
0,73.91521540578476,9.407186825179565,13.362663222076064,-3.9554763968964988,13.349701786755384,-3.942514961575819,13.10075431094581,-3.693567485766245
1,45.179257742097285,2.4696593285714967,6.266077743136636,-4.446681161461493,6.249195516772752,-4.82251730145072,6.700976265057412,-4.183633998397612
0,53.2507506057315,14.165375604522056,8.259400524294973,5.905975080227083,8.26248511473682,5.902890489785236,8.04875314648115,6.116622458040906
0,56.95499874837592,11.014859459867145,9.174195635254414,1.8406638246127311,9.181509818226289,1.8333496416408561,9.03851410211159,1.9763453577555552
0,71.91188202331881,16.64495258601907,12.867923260461778,3.777029325557292,12.86074587891625,3.784206707102822,12.852724422729802,3.792228163289268
1,59.47962507451391,12.180554802534736,9.797673256411237,1.1828814885861707,9.806091434591456,1.370875563227921,9.769832250688037,1.3525312975234574
0,59.11300780761276,3.46708445785074,9.707134051034174,-6.240049593183434,9.715481397359953,-6.248396939509213,9.662367602899467,-6.195283145048727
0,47.17340776604341,12.295471913920938,6.758549797431373,5.536922116489565,6.747971353415505,5.5475005605054335,6.8901866245567795,5.4052852893641585
0,50.82566374166871,2.7091008498813967,7.660505007183946,-4.951404157302549,7.659139332634154,-4.950038482752757,7.498510612359589,-4.789409762478193
1,68.94292831936909,20.201080000583737,12.13471527102638,6.502574654975232,12.134440150122773,6.481820510345603,12.310277883098568,6.719751342883491
0,65.81228470628287,17.224076910253267,11.361576603981476,5.862500306271791,11.366419781985856,5.857657128267411,11.565135321281945,5.658941588971322
0,62.06018596532072,13.989902815326202,10.43496438690174,3.554938428424462,10.44302091560108,3.546881899725122,10.525112553327308,3.4647902619988944
0,59.1069507670363,5.521839002810723,9.705638214121297,-4.183799211310574,9.713984134886084,-4.192145132075361,9.660594078326458,-4.138755075515735
1,45.967211334146235,8.817312644741905,6.460669483730646,1.6760897594391366,6.446385587261072,1.3588693606366231,6.762091428662068,1.802689425736645
1,47.51214699566982,10.539086908623492,6.8422042879567275,2.9569385226225258,6.8326072631179455,2.7453201870841237,6.933256401183538,2.8826916675471725
1,60.200007573785136,8.211919143985646,9.975577749570705,-2.991351737613172,9.98404653903878,-2.8029522155042894,9.981375558641473,-2.7723696992462212
1,53.936482155562416,14.41351431926849,8.42874767520375,4.997857090423439,8.432849369152514,5.09289744706696,8.22057566432153,4.804532942538202
1,69.54079577588712,18.011906443857857,12.28236364801497,4.142769392229699,12.28085893785721,4.0932631513126285,12.434178133063835,4.29031939033236
1,60.93070593608917,12.534513306588105,10.156029831526697,1.122700704267709,10.164430029020371,1.308768041888312,10.195803785241361,1.388405528131747
0,54.59130311229749,11.861951139053208,8.59046119619573,3.271489942857478,8.595434857744516,3.266516281308691,8.390199815047938,3.47175132400527
0,48.24139327619677,0.1640835287158526,7.022297766153132,-6.85821423743728,7.014725474264947,-6.8506419455490954,7.035932009087156,-6.871848480371304
1,51.49944432552849,9.920705022493204,7.826900766927595,1.200579751508748,7.826905010078405,1.2044331168029103,7.641423689441328,0.9442271425235038
1,49.85483476255444,7.23182470822385,7.42075065772574,-1.0189280749171656,7.417230521261654,-1.0939798547800317,7.307933796042026,-1.251177429098857
0,66.63772964909198,7.998986190667862,11.56542714772742,-3.566440957059557,11.569136025596121,-3.5701498349282588,11.77541845750887,-3.7764322668410077
0,66.45322712196112,13.71229065535921,11.519862702992764,2.1924279523664456,11.523838493922499,2.1884521614367127,11.729173808899072,1.9831168464601383
1,74.13405226194028,15.207748299458522,13.416706816997296,0.02769328122007053,13.403058549375542,-0.3044023080777336,13.121222663538788,-0.8277354897687701
0,61.318941020324,7.133742771882812,10.251907737996376,-3.1181649661135644,10.260222356278163,-3.1264795843953515,10.309400883798121,-3.1756581119153093
1,65.53370503883701,16.92644516100448,11.292779021320005,4.200934043827543,11.297970227458402,4.3087863619709275,11.492293369044143,4.6075555706293265
1,55.930447250886274,6.19772028045214,8.92117405982599,-3.7870157002959903,8.927628922050133,-3.640227328823258,8.751510377445443,-3.868738777175352
0,50.53909485316197,0.1466210619851615,7.589734419452233,-7.443113357467071,7.587754970701866,-7.441133908716705,7.440307470638034,-7.2936864086528725
0,71.61851300508238,10.136386902574484,12.79547332372561,-2.659086421151125,12.789066751916305,-2.652679849341821,12.80780380918541,-2.6714169066109257
0,72.02497982412723,11.361434613498185,12.895853709841973,-1.5344190963437878,12.888373970914383,-1.5269393574161985,12.86948503388017,-1.508050420381986
1,46.33179576593721,7.793659779459526,6.550706663447286,0.5483842936907486,6.537577481205289,0.25719804886192676,6.796524484705298,0.6198803237889425
0,74.48383516112817,8.69296369379987,13.503088634238587,-4.810124940438717,13.488320056167217,-4.795356362367347,13.1510535412455,-4.458089847445629
0,51.91580823258951,11.139524072000434,7.929725321841857,3.209798750158577,7.930524768991298,3.2089993030091364,7.733777925774236,3.405746146226198
0,56.62380070383991,1.967231340889508,9.092403503562995,-7.125172162673487,9.099465874900336,-7.132234534010828,8.944894312885461,-6.9776629719959535
0,46.09303563828279,4.859546099229407,6.491742849723299,-1.6321967504938923,6.477860862775292,-1.618314763545884,6.773544209729145,-1.9139981104997386
1,60.98932811977233,11.729490365198496,10.170507070891347,0.30094695891243184,10.178896531745279,0.48670746706096857,10.212976603922655,0.5702195180968221
0,64.6779175614422,16.312296998739505,11.081435134465222,5.230861864274283,11.087585669407797,5.224711329331708,11.263264161504758,5.049032837234748
1,68.49987452564574,14.613853035930438,12.025299425007809,1.0417954905112623,12.025883336363384,1.0411550119676125,12.214228825641925,1.3028562640949737
0,51.110717579866794,2.3190709048192817,7.730901440549683,-5.4118305357304015,7.730127865178254,-5.411056960358972,7.557955259693511,-5.238884354874229
1,74.87479058861771,22.401462816131207,13.599638352264542,7.010000665731347,13.583584837931419,6.622109781126161,13.180099599398304,5.903182075247571
0,49.740635724740905,14.099239285464906,7.392548248641581,6.706691036823325,7.3887606668408905,6.710478618624014,7.286781507898896,6.81245777756601
0,71.78829714116327,11.907603114129849,12.83740293848797,-0.9297998243581223,12.830552642211462,-0.9229495280816131,12.834053617817958,-0.926450503688109
0,74.81721429162882,11.34907259467599,13.5854194033809,-2.2363468087049103,13.56955729363411,-2.2204846989581224,13.176111215160578,-1.827038620484588
0,60.33355460397052,5.930733815512073,10.008558307457825,-4.077824491945752,10.01702358068738,-4.086289765175308,10.020600011962177,-4.089866196450104
0,53.08692729097344,10.183145738958451,8.218942984294737,1.9642027546637149,8.221768843739667,1.961376895218784,8.00865544290222,2.1744902960562307
0,69.34656165097091,10.902550041140923,12.234395903681303,-1.33184586254038,12.23329952785807,-1.3307494867171474,12.394667800983541,-1.4921177598426176
0,45.723310454030155,3.3403693967984696,6.400436118119883,-3.060066721321413,6.385362950890908,-3.0449935540924384,6.741202578213467,-3.4008331814149972
0,71.25036708471947,10.127947978286132,12.704556604569957,-2.576608626283825,12.699089768889815,-2.571141790603683,12.74854776528219,-2.620599786996058
1,65.82715474451615,5.619257432587462,11.365248884496104,-7.190004394491991,11.370072991882571,-7.090856179425163,11.568998114707483,-6.787546352784757
0,72.6428057031176,14.967468922087717,13.048430986460684,1.919037935627033,13.039248464996222,1.928220457091495,12.955414980297107,2.01205394179061
0,71.40138673194016,19.273035624122294,12.741852171609827,6.531183452512467,12.736003549195322,6.537032074926971,12.773238381669692,6.499797242452601
0,67.46048481291083,15.676615089369276,11.768613428018245,3.9080016613510313,11.771038320999896,3.9055767683693805,11.97586056263181,3.700754526737466
0,74.31753079071326,14.776556147833873,13.462018376758984,1.314537771074889,13.447785901859262,1.32877024597461,13.137317281370258,1.6392388664636144
0,65.5079939578497,5.828750701540798,11.286429454477036,-5.457678752936237,11.291651896423799,-5.462901194883001,11.485525906860815,-5.656775205320017
0,62.736256766578016,13.81080375099377,10.601925735017875,3.2088780159758947,10.609638486589404,3.2011652644043664,10.719919128755583,3.090884622238187
0,50.89334059502852,5.170122013499737,7.677218373080236,-2.5070963595804985,7.6759949373776815,-2.505872923877945,7.5124857440518475,-2.34236373055211
0,60.96783448589239,14.07402717359018,10.165199037942969,3.9088281356472105,10.173592525613893,3.9004346479762866,10.206680977209293,3.867346196380886
0,54.91071471410411,12.550141278312978,8.669342567114857,3.8807987111981213,8.674706364177226,3.8754349141357523,8.47472912441283,4.075412153900148
1,52.46926627501142,12.256835665790296,8.066406421982006,3.2599226687447107,8.06820219508401,3.303745725602239,7.861017301031547,3.016444809782522
0,54.126058939423686,4.093127038983846,8.475565250147286,-4.382438211163439,8.479929362874211,-4.386802323890365,8.26915258181367,-4.176025542829823
0,74.7124605517725,13.54662103120108,13.559549589754734,-0.012928558553653602,13.544033796246774,0.0025872349543050177,13.168597208255907,0.378023822945174
0,58.29080853692009,7.3840705457198546,9.504085053207824,-2.1200145074879693,9.51216299136969,-2.128092445649836,9.422476099362857,-2.0384055536430026
0,58.882039987661486,6.46610216641148,9.650094612977103,-3.1839924465656226,9.658381724029278,-3.1922795576177974,9.59479474105487,-3.128692574643389
0,53.05775198598468,2.049584055671541,8.211737898313263,-6.162153842641722,8.21451704345355,-6.164932987782009,8.001554620077755,-5.9519705644062135
0,64.88718742722594,13.697318217860293,11.133116080967211,2.5642021368930816,11.139047329629207,2.5582708882310854,11.319960126603105,2.3773580912571877
1,69.47645499999695,14.578427932388696,12.26647415439761,0.7276537741361153,12.265105651793947,0.6813305705145378,12.421170832254948,0.8832882043832377
0,46.283964589323965,5.065542022836883,6.538894353679616,-1.473352330842733,6.5256153938718295,-1.4600733710349463,6.791790889506804,-1.7262488666699207
0,65.27273592033032,15.18811890079299,11.228330511250459,3.959788389542531,11.233831818607841,3.9542870821851483,11.423264348256009,3.764854552536981
0,66.75097735264819,18.258227696971154,11.593394616846982,6.664833080124172,11.596935849475736,6.661291847495416,11.803576562767455,6.454651134203699
1,54.54712282012612,13.565529320021913,8.579550502926063,3.9755949044467,8.584468384899674,4.088668423924311,8.378596913149956,3.8120358295085808
0,48.804782233590885,6.3038971654662,7.161431388941358,-0.8575342234751577,7.155340960379521,-0.8514437949133198,7.124155808579822,-0.8202586431136218
0,53.04961426289438,13.120107255576436,8.20972821942279,4.910379036153646,8.21249430042955,4.907612955146886,7.9995762104442445,5.120531045132191
0,47.99315458174641,0.4080854240319915,6.96099314095272,-6.552907716920728,6.952745126466108,-6.544659702434116,6.9994882495475155,-6.591402825515524
0,52.24592348225244,16.129820155728254,8.011250048268314,8.11857010745994,8.012652102671094,8.11716805305716,7.8090750733727265,8.320745082355527
1,64.03938695498923,11.056386529576612,10.923744651946913,-1.2426453718424497,10.930503049603246,-1.097381871680625,11.087786804227498,-0.8435481628070107
0,55.221547631438746,3.531514101499845,8.746105360036173,-5.214591258536329,8.75182665662345,-5.220312555123606,8.558028279155174,-5.026514177655329
0,60.12641033882712,2.160063073729951,9.957402295841069,-7.797339222111118,9.965871298744592,-7.8058082250146406,9.959756783819383,-7.799693710089432
1,63.80100495705826,17.384782908896298,10.864874220525893,5.153785362831227,10.871835906981762,5.303948188638191,11.021394305866655,5.547672386890552
1,45.727629538226815,0.9512732775205331,6.401502752145136,-6.121572829412212,6.386443678646193,-6.456275745764517,6.741557306404733,-5.956037226555072
0,52.542149230453454,5.959824853335811,8.084405478401333,-2.124580625065522,8.086327290881988,-2.1265024375461765,7.878137374286723,-1.918312520950912
0,52.743811857884154,13.486999546347317,8.134207753662823,5.352791792684494,8.136472047048958,5.350527499298359,7.925933759302227,5.56106578704509
1,70.39700288399891,9.17755552530388,12.493811166190746,-4.935943513200312,12.490404741524612,-5.029846983234,12.599382030144145,-4.9101460844021165
1,63.59813397336449,14.5126294785614,10.8147735315623,2.3395314245529093,10.821898098446027,2.493632120558747,10.96454764524279,2.7282047009091475
0,74.4541612748337,6.74856277192301,13.49576041942683,-6.74719764750382,13.481087957458685,-6.732525185535674,13.148662381251118,-6.400099609328108
1,67.6527682174677,8.489825968644341,11.816099425617121,-4.8404669632829975,11.818202166973196,-4.8054784702635605,12.02126432588106,-4.512715866957413
1,68.41207370907995,11.74797913581083,12.003616277810416,-1.7990200075207117,12.004365153355321,-1.795795120281376,12.194784934980314,-1.5300150545932993
0,57.31635775367577,9.716232552532675,9.26343626887824,0.45279628365443614,9.270996888578273,0.44523566395440284,9.141458814097591,0.5747737384350842
0,48.3185713003503,5.714695800199997,7.041357525772464,-1.3266617255724675,7.033992477017873,-1.3192966768178769,7.04756945211232,-1.3328736519123234
0,50.39372809623298,1.9107925940667,7.553834881026674,-5.6430422869599735,7.551536983363755,-5.640744389297055,7.411395386719202,-5.5006027926525025
0,68.46391180273682,10.736391990259683,12.016418129309736,-1.2800261390500527,12.017069819932868,-1.2806778296731842,12.206280796178621,-1.469888805918938
0,71.46483582001808,12.711361840044866,12.757521455451885,-0.04615961540701896,12.75151089078606,-0.04014905074119213,12.783453707448626,-0.07209186740375984
1,57.11836722900502,11.0901731570036,9.214540850156157,0.7664041510064745,9.22197010436391,0.9342418388620004,9.084957031893143,0.7659002685712064
0,46.09129292305032,8.208396295316394,6.49131247159714,1.7170838237192543,6.4774249425051655,1.7309713528112294,6.773382466645633,1.435013828670761
0,51.17720926164503,1.969155580842223,7.747322118395196,-5.778166537552973,7.7466840122587985,-5.777528431416576,7.572038451663073,-5.60288287082085
1,56.42918294588534,8.824463534884178,9.044341017836636,-1.302611891777616,9.05124384563088,-1.1460968395207214,8.890239653989708,-1.351133861586126
1,54.59901324036496,7.259524394021247,8.592365276913162,-2.3452195764727044,8.597348627587841,-2.2307026053063215,8.392226956049733,-2.50604613513247
0,68.79607638519103,16.87201380348709,12.098448955637172,4.773564847849917,12.098463484300648,4.773550319186441,12.278830084320976,4.593183719166113
0,46.37421842097061,15.021556108359038,6.561183293501225,8.460372814857813,6.548186519625126,8.473369588733911,6.800776929247046,8.220779179111991
0,74.84233413655224,14.226914116277348,13.591622959524846,0.6352911567525013,13.575677434478886,0.6512366817984621,13.177863685334252,1.0490504309430957
1,69.52124671245461,10.696398200003632,12.277535843029117,-3.1671595380020676,12.276072616711824,-3.2156963910070893,12.430234544602154,-3.0171378490384484
0,68.97961089050514,17.82461437594524,12.143774339274634,5.680840036670608,12.143426104467103,5.681188271478138,12.31807215256977,5.506542223375472
1,47.23575782785316,6.3261374384808144,6.773947667529477,-1.1771293246524808,6.763551817674237,-1.406732702862774,6.89788807780722,-1.2215600900984969
0,67.76185452598115,15.259366040977993,11.843039203369019,3.416326837608974,11.844955463078644,3.414410577899348,12.046767436265803,3.2125986047121895
0,61.18590364998981,7.582787241609162,10.219053044879157,-2.6362658032699953,10.227400828867074,-2.644613587257912,10.270511817334889,-2.687724575725727
1,47.23631260398148,0.4147987707424161,6.774084674141972,-7.0886263258077635,6.763690445019228,-7.318193207991453,6.897957064870875,-7.133119507902361
0,65.86189449570526,17.33381489573617,11.373828157082594,5.959986738653578,11.378607516286875,5.955207379449297,11.578012255302841,5.7558026404333305
1,56.13201946891338,15.242278860489552,8.970954007727862,5.200014056131515,8.977596697710817,5.350888610963548,8.807339426230978,5.13152281089752
0,48.314126095814615,9.152807617252687,7.040259745272922,2.112547871979765,7.032882796553226,2.1199248206994614,7.046895256671996,2.1059123605806915
0,71.10982080755599,9.969208738494775,12.669847524005792,-2.7006387855110177,12.664731362780886,-2.6955226242861112,12.725098235600614,-2.755889497105839
0,52.19391676187792,10.789400444579542,7.998406552988412,2.79099389159113,7.9997153079099785,2.789685136669564,7.797094399557819,2.9923060450217225
1,57.564876919052125,10.278894362965902,9.324810158723457,-0.17230875796158784,9.332523118260724,0.0015525832841554177,9.212692677742224,-0.1408052224608447
0,55.15840151644915,11.2732760185686,8.730510897936416,2.5427651206321844,8.736161337077336,2.537114681491264,8.54102594548764,2.7322500730809605
1,63.5168455597822,6.080489300256418,10.794698676838976,-6.0694089951133305,10.801885895660746,-5.913790199396073,10.94168500380473,-5.683019787096213
1,49.10010594498371,6.429690475057251,7.234364053527831,-1.6056622820072395,7.229021721322441,-1.7216098845412038,7.173363290607647,-1.8043585851187256
0,67.72742277144727,12.94694031868212,11.834535993136763,1.1124043255453575,11.836511404230567,1.1104289144515533,12.038737895029286,0.9082024236528348
0,57.655217507134765,12.255177283829426,9.347120523773732,2.9080567600556932,9.354885398682967,2.9002918851464585,9.238667849718489,3.0165094341109366
0,61.12667992271896,3.9136693306151153,10.204427249286129,-6.290757918671013,10.212788509634226,-6.299119179019111,10.25318638128195,-6.339517050666834
0,58.97771004414004,7.516195428832585,9.673721134895075,-2.15752570606249,9.682034660283843,-2.1658392314512582,9.622769975550039,-2.1065745467174537
0,51.21686789927929,6.769491326998729,7.757116151197016,-0.9876248241982868,7.756558368864938,-0.9870670418662097,7.580476842518035,-0.810985515519306
0,54.56928615729185,8.614991093481532,8.585023924711267,0.029967168770264507,8.589969844072357,0.02502124940917483,8.384414825257892,0.23057626822363986
1,64.65108003021727,10.955232990725449,11.074807381299296,-1.5183764560151847,11.08098532160536,-1.3870301404408618,11.255962849382007,-1.1107212278383152
0,45.84352130374896,2.8533663961738718,6.430123194517668,-3.576756798343796,6.415440715080779,-3.562074318906906,6.751280496095644,-3.8979140999217723
0,53.97434658129599,5.171338135244389,8.438098612345783,-3.2667604771013945,8.44225336929509,-3.270915234050703,8.230242207253951,-3.058904072009563
0,57.15512416580008,11.041851202616296,9.223618283626896,1.8182329189894002,9.231072596161043,1.8107786064552531,9.095429069079486,1.9464221335368102
0,46.26134113371904,3.370181562347621,6.533307301791236,-3.163125739443615,6.519957319073489,-3.149775756725869,6.789574551506976,-3.419392989159355
0,73.08539006605544,18.983727705610345,13.15773090261414,5.825996802996205,13.147275496003132,5.836452209607213,13.010932464759524,5.972795240850822
1,54.292937403019394,7.296199737810168,8.51677728474732,-2.2211900177515425,8.521365668289677,-2.115388552357036,8.31227742270146,-2.397688858308147
1,53.80506924451466,17.11792093516754,8.396294155916133,7.7397690245341195,8.400209172426047,7.830676242301982,8.18716784065813,7.540655487790172
0,73.86875887075033,11.541870780662268,13.351190391562264,-1.8093196108999958,13.338373368795638,-1.7965025881333698,13.096232931799697,-1.554362151137429
0,47.488842397432535,10.992963644246236,6.83644902218905,4.156514622057187,6.826785309086301,4.166178335159937,6.93019743646153,4.062766207784707
1,51.32242325186587,14.535568816442574,7.783183929802383,5.865965458753749,7.782838203428615,5.8619978937522,7.6030756620386235,5.609278129982982
0,65.62317091256472,4.926817480633749,11.314873368332458,-6.38805588769871,11.319954718908381,-6.393137238274632,11.515783741704539,-6.58896626107079
1,70.42820505523476,14.986814437742447,12.501516803771896,0.8644102821400654,12.498037944381148,0.7688172311209538,12.605116259226978,0.8852593808992371
0,67.20009775862204,12.632707916687432,11.704308663583518,0.9283992531039136,11.707156477136879,0.9255514395505529,11.913482619736365,0.7192252969510662
0,71.42881361761607,12.036245596951344,12.748625470794707,-0.7123798738433624,12.742706957992914,-0.7064613610415691,12.77766566195287,-0.7414200650015257
0,57.16097116326578,12.531912276680147,9.225062248633947,3.3068500280462008,9.232520519069215,3.299391757610932,9.097095625990383,3.434816650689765
0,72.92385212330046,11.754352543199891,13.117837754375643,-1.3634852111757514,13.1078520704933,-1.35349952729341,12.99126743298917,-1.2369148897892792
1,67.07054147257016,11.06217909178463,11.672313653392406,-2.101946001955417,11.675366178084607,-2.0446225045986797,11.882073681941892,-1.7406627322008514
0,53.80561723957405,15.33825638536742,8.396429487886847,6.941826897480572,8.400345290957562,6.937911094409857,8.187306693266775,7.150949692100644
0,62.27191274035163,15.330223956000426,10.48725208772494,4.842971868275486,10.49521207493071,4.8350118810697165,10.5863516318281,4.743872324172326
0,63.68198426727876,8.506196714209288,10.835481064095616,-2.3292843498863274,10.8425394383172,-2.3363427241079116,10.988080589349769,-2.481883875140481
0,71.21518094350057,10.322484645571247,12.695867092226003,-2.3733824466547553,12.690488468159199,-2.3680038225879514,12.742719506610559,-2.4202348610393116
0,45.40743528534393,11.666652040375755,6.3224280989861095,5.344223941389646,6.306312750411609,5.360339289964147,6.7167626646152625,4.949889375760493
0,55.24246374292079,3.2579881781705797,8.751270768990228,-5.493282590819648,8.757015337069026,-5.499027158898446,8.563668815948603,-5.305680637778023
0,69.21197312429841,7.5388775414541405,12.201158139511609,-4.662280598057468,12.200339700678288,-4.661462159224148,12.36686731330602,-4.82798977185188
0,69.92497356302107,14.229978719973236,12.377239570975807,1.8527391489974292,12.374902077970363,1.8550766420028726,12.510147681973926,1.7198310379993096
1,58.39810667314436,10.095735587720505,9.530583226832594,-0.593271770412203,9.538704999320721,-0.41092871639310324,9.453666286536551,-0.5012347798464933
0,45.7287363732372,1.8577324813271257,6.401776094323399,-4.544043612996273,6.38672063189089,-4.528988150563764,6.741648299813791,-4.883915818486665
0,64.75697435025802,14.510723151482544,11.100958870757152,3.4097642807253923,11.107027729319267,3.4036954221632776,11.284732228001555,3.225990923480989
1,47.4470800405708,9.964199060917858,6.826135458300216,2.4006208202442707,6.816351930997268,2.184804061022527,6.9247508794939865,2.3331638685248652
1,51.20026030313555,14.247658517431322,7.753014766200103,5.612920533542313,7.752423390477983,5.6034611455583505,7.576939658154087,5.356388944727975
1,71.7941202442045,10.270608750583916,12.838841002566728,-4.241628362860746,12.831975372167753,-4.416122664754054,12.834941646375045,-4.474860654995096
0,55.44895851425418,13.753899171411662,8.802266382669504,4.951632788742158,8.808235387634145,4.945663783777517,8.619585319345763,5.134313852065899
0,50.64632500303364,3.240054293105643,7.616215803277676,-4.376161510172032,7.6144681955332,-4.3744139024275555,7.461900389040801,-4.221846095935158
0,57.839833823880426,8.916354315160763,9.392713069807028,-0.47635875464626487,9.400578295335782,-0.48422398017501855,9.291874107563716,-0.37551979240295275
0,51.75181271365484,6.033696925222912,7.889225254577575,-1.8555283293546632,7.889716171605502,-1.8560192463825915,7.697046545591236,-1.663349620368324
0,48.45733537914017,6.206831205238532,7.075626477517997,-0.8687952722794652,7.068630657260814,-0.8617994520222831,7.068854774916056,-0.8620235696775236
0,73.59491671460421,9.749257875731017,13.283562777004503,-3.5343049012734866,13.271587086022585,-3.522329210291568,13.068343609128963,-3.319085733397946
0,58.66790519453342,5.180886973084934,9.597212231911772,-4.416325258826839,9.605432717176615,-4.424545744091682,9.53226260069537,-4.3513756276104365
0,60.83949886458074,7.982451789629847,10.133505481135506,-2.151053691505659,10.141920837516457,-2.15946904788661,10.16907360144729,-2.1866218118174423
0,70.02751464781396,10.910241508138409,12.402562950897662,-1.4923214427592537,12.39999753436738,-1.4897560262289709,12.52992384529556,-1.6196823371571512
0,70.2379632285725,17.932047821648318,12.454534990937297,5.477512830711021,12.451494348967474,5.480553472680846,12.569834317757449,5.362213503890869
0,45.55265826790182,0.8256186016453019,6.358292131126263,-5.532673529480961,6.342658726456029,-5.517040124810727,6.727629089610971,-5.902010487965669
0,66.98060601048763,12.335970546200729,11.65010333760178,0.6858672085989479,11.653295736048022,0.6826748101527063,11.860127854182624,0.47584269201810514
0,50.899497559545466,5.732805895766218,7.6787388870473245,-1.945932991281107,7.677528340238124,-1.944722444471906,7.513761444467433,-1.7809555487012156
0,46.0145211188964,9.456425214458337,6.472353031409797,2.98407218304854,6.4582206725675695,2.998204541890768,6.766344008458372,2.690081205999965
0,55.5222529105834,8.556833792437638,8.820367047862746,-0.2635332554251075,8.826413396206755,-0.2695796037691167,8.639531037657548,-0.08269724521990973
0,71.83091007406867,14.962625496333352,12.847926559256441,2.114698937076911,12.840963871959973,2.1216616243733792,12.840533213517066,2.1220922828162863
0,64.11448003377146,14.435360629896072,10.942289516840288,3.493071113055784,10.948981213654289,3.4863794162417836,11.10860646467326,3.3267541652228125
1,46.58222743726071,7.024085266727302,6.612552862658065,-0.29266355791185017,6.600199428523001,-0.5663655523052284,6.822358485584779,-0.2561859744924089
0,65.19234657795826,11.263511795104952,11.208477689694421,0.055034105410531,11.214071417279424,0.049440377825527904,11.401852054819923,-0.13834025971497077
0,73.83427295926737,13.948087832195023,13.342673806817736,0.6054140253772875,13.329963669574626,0.618124162620397,13.092836975982623,0.8552508562124004
0,66.75801851612482,16.707900540760257,11.595133491154492,5.112767049605765,11.598664204659993,5.109236336100263,11.80532150272478,4.902579038035476
0,61.91688629164857,11.840330748831857,10.39957533200333,1.4407554168285266,10.40769144699288,1.432639301838977,10.483559821649417,1.3567709271824402
0,58.01856045977458,12.003361177609952,9.43685110981357,2.566510067796381,9.444806139462024,2.5585550381479276,9.343532090841503,2.6598290867684486
0,74.42018829022746,14.196985118354268,13.487370506271525,0.7096146120827438,13.472807840962503,0.7241772773917656,13.145892816534497,1.0510923018197715
0,47.76747750831272,4.741521603687831,6.905260297071102,-2.163738693383271,6.896385877201339,-2.1548642735135077,6.967684253827906,-2.2261626501400746
0,65.46871042388443,8.198560291153601,11.276728056668682,-3.078167765515081,11.281997934500906,-3.0834376433473043,11.47517175069144,-3.276611459537838
1,53.58191417932684,13.952125762033592,8.341184143098817,4.637662431644507,8.344773209204314,4.721346352829755,8.130949617602539,4.429257170518882
0,47.63020105660822,5.1907132674483005,6.871358727296814,-1.6806454598485132,6.86209763754396,-1.6713843700956588,6.948967168744976,-1.7582539012966754
0,51.86370589804066,5.291182768387616,7.916858213840598,-2.6256754454529823,7.91756029857198,-2.6263775301843646,7.722058829306954,-2.4308760609193385
0,53.99920974094722,9.883235968588874,8.444238777911396,1.4389971906774779,8.448428201554654,1.4348077670342185,8.236599395716043,1.646636572872831
0,69.59830623428154,16.0075510521133,12.296566337506148,3.710984714607152,12.294939086753274,3.7126119653600256,12.445736374480612,3.5618146776326878
0,74.37570791063146,12.763747429688966,13.47638570389838,-0.7126382742094144,13.461966399200078,-0.6982189695111121,13.14221518323707,-0.37846775354810447
1,59.75122211437149,10.25264945171628,9.864746420693205,-0.8225378091038671,9.873197466752497,-0.634075497132411,9.849555165643038,-0.6339818112239168
1,48.67206104739078,12.524659587240132,7.128654780144863,4.611471083026368,7.122221724514418,4.47101943533022,7.102696516656874,4.4388307384994015
1,55.98419557496978,13.448749151616282,8.934447658732017,3.4486733691544433,8.940953503052546,3.5965718607369563,8.766363807420678,3.3704518813840565
1,69.935576577045,17.33408899053241,12.379858074115178,3.3522812777552247,12.37749712348573,3.2827756480897,12.512202504203817,3.447011533297683
1,73.27176359485237,15.599346557332073,13.203757406884446,0.6653892062981974,13.192752726162636,0.39466805168974695,13.032752568205435,0.06858154789903992
0,70.2743423089198,14.322121852899295,12.463519109592793,1.858602743306502,12.460395302401658,1.8617265504976377,12.576640077832709,1.7454817750665867
1,64.63730944775239,8.94567994000863,11.071406620597301,-3.523999374805184,11.077598559596407,-3.3923184481343966,11.252213843237552,-3.1164570697570966
0,54.02555961423565,14.619596742163528,8.450746099864576,6.168850642298953,8.454972110492516,6.164624631671012,8.243345142648328,6.3762515995152
0,45.01126059310072,9.225660162826816,6.2245894398051345,3.001070723021682,6.207135066854669,3.018525095972148,6.690371265273882,2.5352888975529346
0,46.5484130285616,2.791452271660685,6.604202111151485,-3.8127498394908,6.59174476051103,-3.8002924888503453,6.818767948478895,-4.02731567681821
0,55.94980416226419,1.6972903626823168,8.925954411252219,-7.228664048569902,8.932427709455892,-7.235137346773575,8.756856871123688,-7.059566508441371
1,63.83289214114268,10.732612708704451,10.872749027768656,-1.5074854575083947,10.87968426604428,-1.3579609534224737,11.030301168602474,-1.1128433436103062
1,53.73508475316608,12.972327583122446,8.379010899486405,3.614149285408642,8.382824905937426,3.702818914143121,8.169466886613055,3.4120475514765403
0,65.92584110143858,6.776821982971651,11.389620307077582,-4.612798324105931,11.39431658304525,-4.617494600073599,11.594567238919304,-4.817745255947653
0,72.84561625939656,6.471121469701347,13.098516752367964,-6.627395282666616,13.088756442266684,-6.617634972565335,12.9814948196124,-6.510373349911053
0,61.50739914070027,14.31909420540031,10.29844904962075,4.02064515577956,10.30670983301748,4.012384372382829,10.364411468745947,3.9546827366543624
0,53.216943386753286,10.458058710783972,8.251051548350201,2.2070071624337704,8.254083243214628,2.203975467569343,8.040447302621754,2.4176114081622178
0,66.76535644267484,5.762391615980484,11.596945653589094,-5.834554037608609,11.600465392688848,-5.838073776708366,11.807139260903035,-6.044747644922551
0,65.86386401555696,5.493367818838989,11.374314546509515,-5.880946727670526,11.37909136060283,-5.885723541763841,11.578522869219206,-6.085155050380218
0,56.715818727692245,3.3450766312569886,9.11512812542922,-5.770051494172231,9.122262947925119,-5.77718631666813,8.970830232758013,-5.6257536015010245
1,54.460078855937496,14.080326117406148,8.5580542667637,4.515234097827397,8.56286095993424,4.625854998140362,8.355801938581386,4.34715954703028
0,56.853196369890085,5.398616332062039,9.149054685043556,-3.750438352981517,9.156294108524824,-3.757677776462785,9.009659316481027,-3.6110429844189884
0,60.66171713170293,9.282333674797293,10.089600792844722,-0.8072671180474291,10.09804028813894,-0.8157066133416464,10.116934489981581,-0.8346008151842881
0,65.97986037221301,6.632531831951979,11.402960818538773,-4.770428986586794,11.407586188685475,-4.775054356733496,11.608513814275023,-4.975981982323044
1,65.23469225302007,18.005845186059755,11.21893530889948,5.365672484963831,11.224480535666721,5.481935544616393,11.41313968904945,5.774522365346636
0,66.76337749580321,11.682024670857304,11.596456936080626,0.0855677347766779,11.59997963603966,0.08204503481764469,11.80664910726352,-0.12462443640621501
0,47.17603347510617,8.181523234225928,6.759198238281154,1.4223249959447735,6.748627501476054,1.4328957327498735,6.890508874653106,1.2910143595728218
0,50.0444336456228,7.726458388928419,7.467573690253601,0.25888469867481856,7.464491064791211,0.26196732413720714,7.3436554959553675,0.3828028929730518
1,57.41433862454301,10.197178389174985,9.287633465768216,-0.21106101841882108,9.295255815110814,-0.03911523673001582,9.169503362668218,-0.19040482487070065
0,59.85244736482833,11.106337270987984,9.889744844302445,1.2165924266855388,9.898203871783037,1.2081333992049466,9.879282814430137,1.2270544565578465
1,64.94764510506931,14.027661211748349,11.148046610991477,1.4694119270032147,11.153912663798618,1.5933138823750728,11.336259556313038,1.8785647031359218
0,47.42130834651919,12.102314610378114,6.819770922553232,5.282543687824882,6.809913260635637,5.292401349742477,6.921412374715035,5.180902235663079
0,60.54358827050097,10.721329008753006,10.060427880952915,0.6609011278000914,10.068879461857108,0.6524495468958982,10.082268185454526,0.6390608232984807
0,70.04245693766339,15.641711644020894,12.406253074554183,3.2354585694667115,12.40365424644459,3.238057397576304,12.532787707799926,3.108923936220968
0,56.63741270235992,11.081401077874537,9.095765100631272,1.9856359772432643,9.102838310204454,1.9785627676700823,8.948727204671572,2.1326738732029646
1,70.63876328052088,20.78948214657436,12.55351592144616,6.606984555871355,12.549542500975896,6.499858177667425,12.643266646109986,6.593472412010765
1,50.36950027973134,12.455755906544804,7.547851618774406,4.058117297343221,7.545500181493287,4.009262852079942,7.406617419951621,3.8114825507565993
1,74.31390443385318,16.824380362011063,13.461122817552784,1.5929954334550835,13.446901962972959,1.247613687389796,13.137008692686447,0.6790658587568643
0,59.29048924481409,17.118238933684385,9.75096457879194,7.367274354892444,9.759350012007712,7.358888921676673,9.714365021319113,7.403873912365272
0,65.07416742923098,7.109836043528516,11.179292358876955,-4.069456315348439,11.185019297780366,-4.07518325425185,11.370250888448167,-4.260414844919651
1,56.83203667205764,8.127944047733493,9.143829120399639,-2.114106057385449,9.151052710779517,-1.9506740493598755,9.003670365935841,-2.1348073901409723
0,56.26907047484241,5.199964682604425,9.004799901779238,-3.804835219174813,9.011565048609537,-3.811600366005112,8.845487173176457,-3.6455224905720316
1,58.28025462471897,19.04440682689737,9.501478676174944,8.389034509209663,9.509552162081931,8.570396050765694,9.419410448625234,8.472496538235706
0,61.04347194487223,8.325932886443839,10.18387834208666,-1.8579454556428203,10.192257195924787,-1.866324309480948,10.228831773320898,-1.9028988868770593
0,46.548227874589365,4.225000222188201,6.604156385826925,-2.379156163638724,6.591698465469854,-2.366698243281653,6.818748375620756,-2.5937481534325553
0,69.11876332100714,18.43835664234114,12.178139197728871,6.26021744461227,12.177510843616997,6.260845798724144,12.347414090592281,6.09094255174886
0,57.32804637920026,10.91687378848512,9.266322872872324,1.6505509156127953,9.273890970692873,1.6429828177922463,9.144801568578009,1.7720722199071108
0,50.883578536894376,3.8804721687175414,7.674807551042909,-3.794335382325367,7.673563662023172,-3.7930914933056306,7.510464548308647,-3.6299923795911058
0,60.31974376253976,4.775880077104717,10.005147604466941,-5.229267527362224,10.013613428371134,-5.237733351266416,10.016543955897522,-5.240663878792804
1,72.44013832754058,14.880250410353288,12.99838058022724,0.18363937510133255,12.98976614464997,-0.031534739111947374,12.928291178629074,-0.19664618961881786
0,66.57277580546142,8.844022619701803,11.54938625189563,-2.7053636321938264,11.553189974410637,-2.7091673547088337,11.75918986837878,-2.915167248676976
0,59.786547125086365,10.01649455524286,9.873470228022564,0.1430243272202958,9.881924322698408,0.13457023254445133,9.859928694396007,0.1565658608468521
0,48.34624857859982,5.112530897870272,7.048192661501047,-1.9356617636307751,7.040901605210678,-1.928370707340406,7.051777948038222,-1.9392470501679497
0,49.38166088037289,12.505567511727197,7.303896403533047,5.20167110819415,7.299248918203063,5.206318593524134,7.22210975033808,5.2834577613891165
1,74.84385689030586,7.003936080322465,13.591999016321088,-8.378697575301667,13.576048430088255,-8.764201601814442,13.177969303374933,-9.474459774413635
0,47.44464687336641,5.191117811627514,6.825534567275368,-1.6344167556478544,6.815744047169318,-1.6246262355418049,6.924434945561007,-1.7333171339334932
0,60.43813707557467,12.917988501286231,10.034385824954327,2.883602676331904,10.042845527724975,2.875142973561257,10.051310731913652,2.866677769372579
0,65.65204183079122,15.754713635488168,11.322003283453009,4.4327103520351585,11.327048796863755,4.427664838624413,11.52334472360645,4.231368911881718
0,56.89997692533934,4.876529153834248,9.160607535113257,-4.284078381279009,9.167881603448281,-4.291352449614033,9.022910374097542,-4.146381220263294
1,55.143192862235246,9.67697855484158,8.726754993368635,-0.08307458367706566,8.73238823180515,0.045740722141026424,8.536936957450033,-0.2135298807187116
0,74.98362132863984,11.545429493591117,13.626515015236498,-2.081085521645381,13.610097659479143,-2.0646681658880244,13.187362435143008,-1.6419329415518913
0,72.614195411116,12.55136921229853,13.041365435169755,-0.48999622287122513,13.03226367291203,-0.4808944606135004,12.95164993161979,-0.40028071932126075
0,70.43641426219958,11.002478642021138,12.503544136204034,-1.501065494182896,12.500046182838584,-1.497567540817446,12.606621476140463,-1.6041428341193242
0,65.7066257599846,17.364455092557414,11.335483242041155,6.028971850516259,11.340460485761147,6.023994606796267,11.537613482305321,5.826841610252092
0,49.078520436840094,2.16667822484391,7.229033331460368,-5.062355106616458,7.223636988463563,-5.0569587636196545,7.169699363638854,-5.003021138794944
0,71.3193535558251,13.244716467456875,12.721593391539828,0.5231230759170469,12.715952794014134,0.5287636734427394,12.759892037002727,0.48482443045414847
0,74.16249151402381,6.09863174693711,13.423730128547582,-7.325098381610473,13.409991807255752,-7.311360060318642,13.12378141932486,-7.025149672387751
0,47.926971232047,8.325277754063544,6.944648608297109,1.3806291457664353,6.9362180845260655,1.3890596695374793,6.99002906924426,1.335248684819284
0,66.17558990984088,15.399553633094913,11.451297867569323,3.948255765525589,11.455660793615648,3.9438928394792647,11.658747434505969,3.7408061985889436
0,69.41585825473656,11.111016655245326,12.251509280509685,-1.1404926252643595,12.25026820314193,-1.1392515478966043,12.408847201611023,-1.297830546365697
0,53.28487703209921,14.21989625849796,8.267828331178725,5.952067927319234,8.27096605441696,5.948930204081,8.057153673232635,6.162742585265324
1,55.96706719059978,9.9161030047359,8.930217660719755,-0.0790843272599524,8.936707329136096,0.06846201689161724,8.76162770144785,-0.15842384767436535
0,45.915283874287645,11.18515679249776,6.447845562499152,4.737311229998609,6.433394754702804,4.751762037794956,6.757498520828543,4.427658271669218
0,51.74268432312624,9.250964200825699,7.88697092206395,1.3639932787617486,7.887444486804488,1.3635197140212112,7.695015423040667,1.5559487777850318
1,70.96766177373763,18.68691645837929,12.634740159674926,4.410551054011172,12.6299741511801,4.284950184969064,12.70092344376598,4.339936084664551
1,55.83676119778008,7.150486824665142,8.898037504161701,-2.8075111041996177,8.904401939707213,-2.6626934670730495,8.725679096893796,-2.8952892493274316
0,74.4726971980683,6.658745283260828,13.500338020953285,-6.841592737692457,13.48560554299095,-6.826860259730122,13.1501590867679,-6.491413803507072
0,46.9231344587398,7.006836664762201,6.696742707541993,0.3100939572202073,6.685422480433369,0.32141418432883206,6.860315716269589,0.14652094849261132
0,62.8332036313319,7.0555819282337175,10.62586757543583,-3.5702856472021125,10.633522553774078,-3.5779406255403607,10.74766338881225,-3.6920814605785317
1,49.45609611404084,7.192919211808565,7.3222788080643895,-0.9440333383375066,7.317812023630569,-1.040323941244429,7.235290100024737,-1.1604685386567244
0,54.40053766304492,13.76293512596582,8.543350070375835,5.2195850555899845,8.548079719233137,5.214855406732683,8.340259634706225,5.422675491259595
0,57.12916612315463,12.911358063506093,9.217207727533541,3.6941503359725516,9.22464437538329,3.6867136881228024,9.088032786136527,3.823325277369566
1,71.6695017485788,12.017953429525829,12.80806542108742,-2.458717495663567,12.801526277227826,-2.6256130440239076,12.815759408626374,-2.665630704853889
0,49.63680812597122,7.36448926985527,7.366907153315456,-0.002417883460185344,7.362873854856199,0.001615414999071696,7.267790641946174,0.09669862790909622
0,47.57851411643091,2.775814258724719,6.858594204415551,-4.082779945690833,6.849186422102375,-4.073372163377657,6.942044528356039,-4.1662302696313205
0,71.0104678713072,11.295501885022343,12.645311484075439,-1.3498095990530956,12.640440520672243,-1.3449386356498998,12.708250740277798,-1.4127488552554546
1,64.968989776097,5.441662883389696,11.153317856315562,-7.12267818238847,11.159160694140931,-6.999329577114426,11.342005361146935,-6.713487675060628
1,71.60310022611404,8.732038913088273,12.791667008839676,-5.725680980502162,12.785300394896153,-5.888560439797708,12.805386840712847,-5.918835370752641
0,70.38834900740352,6.295975559213439,12.491674018868142,-6.195698459654703,12.488287644855244,-6.192312085641805,12.597787985035906,-6.301812425822466
1,67.06564820229708,16.37327099096262,11.67110521930537,3.210542439291567,11.674165401412537,3.268046215637085,11.880882620000508,3.5720671720075696
1,72.71645170893032,17.285001814745062,13.066618484561467,2.5095307861140075,13.057227228322962,2.276297787153954,12.965009152855039,2.0607758978931585
1,54.47977867437802,6.237616556884061,8.562919301961722,-3.333097801880636,8.5677513094744,-3.2219183913625313,8.360953298546391,-3.5001579723090552
1,61.46784405067282,11.71831378346193,10.288680588767896,0.15320166322936757,10.296953337646721,0.3357925711398817,10.352873648694661,0.4504247287819574
0,64.8231933649357,14.232942043781197,11.11731221117793,3.1156298326032665,11.123311568425459,3.109630475355738,11.302667852011842,2.930274191769355
0,73.29205859475724,16.309271149073016,13.208769427131188,3.1005017219418285,13.19770445922343,3.1115666898495853,13.03507195374992,3.274199195323096
0,60.8835191327221,3.6858550982011615,10.14437665513037,-6.45852155692921,10.152784930155363,-6.466929831954202,10.181976420626471,-6.49612132242531
0,74.62951719253648,17.995754908203878,13.53906603233801,4.4566888758658685,13.52382268899121,4.471932219212668,13.16241315159024,4.833341756613638
1,45.566705572998245,5.7165369793649,6.3617612308003455,-1.3103813380100782,6.346174191128436,-1.6569937943660484,6.728713693077388,-1.1174540607846204
1,46.32799564705952,10.263212347066366,6.549768192255156,3.019021417347778,6.536627129324309,2.727567361980519,6.796146040347821,3.0910664116148965
0,57.1184811308466,7.803000951208887,9.21456897917014,-1.4115680279612537,9.221998311500336,-1.4189973602914492,9.084989469864288,-1.2819885186554014
0,54.667954664909736,5.245709230898139,8.609390939257455,-3.3636817083593167,8.614460329190933,-3.368751098292795,8.410382607602019,-3.16467337670388
1,62.44377806788017,18.593017992401712,10.529695670150362,6.749373758565671,10.537569834831881,6.9218275686169175,10.635913026854187,7.096022844346884
0,46.81792522279848,8.324510469750846,6.670760405341744,1.6537500644091025,6.659124119182957,1.6653863505678892,6.848262460238029,1.4762480095128172
0,51.55267590746325,4.273145005373976,7.840046752031009,-3.5669017466570327,7.840154847352521,-3.5670098419785443,7.653063787471283,-3.379918782097307
0,65.0552055235457,18.266456907691108,11.17460955741566,7.091847350275447,11.180357576013469,7.086099331677639,11.365166997590224,6.901289910100884
0,61.48604185842616,10.808207431369697,10.293174689843712,0.5150327415259852,10.301441977814523,0.5067654535551736,10.358182331272808,0.4500251000968891
1,51.83281784112946,4.331509771665754,7.909230149423395,-4.48376048687172,7.909874224422055,-4.465618670625904,7.715132961559278,-4.737737831379977
0,64.41127875490767,10.461415152109849,11.015586447439704,-0.554171295329855,11.022002030648233,-0.5605868785383841,11.190426991314105,-0.7290118392042562
1,65.02660300787161,10.786484714065253,11.167545926553956,-1.7942992002403457,11.17332558830377,-1.6724559598460225,11.357491387188597,-1.385054691852602
1,62.5589941556612,9.761885212734274,10.558149248244275,-2.1146417569065985,10.565962137533607,-1.9437099890041445,10.669058223689294,-1.7629305802658521
0,60.54869237362991,8.399762464365923,10.061688381979948,-1.6619259176140257,10.07013950594051,-1.6703770415745876,10.083766349288593,-1.6840038849226708
0,60.512706801543054,5.708865896621422,10.052801443485963,-4.343935546864541,10.061255663351625,-4.352389766730203,10.073203281206478,-4.364337384585056
1,53.22174825488064,4.40344330085129,8.252238150786768,-4.808228473535872,8.25527737922373,-4.736746342675778,8.041626794550062,-5.030120761975962
1,69.47905102501917,8.214689120705694,12.267115264524906,-5.636825944538199,12.265741284341741,-5.68327716277815,12.421697205491661,-5.4815148995239475
1,54.36164574398508,3.6568232034998647,8.533745385149112,-5.880175950949409,8.538424276159663,-5.772375817963917,8.330129798881767,-6.053251599437166
1,48.633885056814464,10.81195667469485,7.119226899454799,2.909663619514161,7.112694552465717,2.7669804804999067,7.096600218318212,2.739605341592462
0,53.20832858957331,4.744486237507335,8.248924052016621,-3.504437814509286,8.251942226628973,-3.507455989121638,8.03833336991543,-3.2938471324080947
1,69.38030455651146,19.60581325764352,12.24272899688386,5.782480489665005,12.24156229658289,5.740874069477323,12.40158372524164,5.949926907168887
0,46.645937690989285,1.0368129510044914,6.6282866435454535,-5.591473692540962,6.6161282973432005,-5.579315346338709,6.829209592510342,-5.79239664150585
1,59.848469936238615,8.130345665670186,9.888762584991527,-2.9725961778270715,9.897221342608837,-2.7840590179362987,9.878114629493904,-2.7773545048675583
1,46.12645858488981,11.624778643283808,6.499996926386784,4.43810650367379,6.486221097405693,4.132342199481431,6.776663107073869,4.540028446045343
1,65.20864597597115,12.268574176536152,11.212502962581008,-0.3641649025422744,11.21807806959241,-0.24719111015521378,11.406199055528143,0.04478552776605049
0,63.083405303315054,7.222251095640739,10.687656974382703,-3.465405878741964,10.695153026660353,-3.4729019310196145,10.81901484796954,-3.5967637523288003
0,59.75161782338949,5.842838031407526,9.864844144350231,-4.022006112942705,9.873295226123325,-4.030457194715799,9.849671365021347,-4.006833333613821
0,70.62719069777049,6.039377110926967,12.550657975187281,-6.511280864260314,12.546711996966044,-6.507334886039077,12.641194694977305,-6.6018175840503375
1,51.34776804039643,11.295313163224192,7.789443037654566,2.618476388732814,7.78914785257251,2.6156385229606247,7.608531779532695,2.361796599474463
0,73.2704689038667,10.426852245510569,13.203437672099332,-2.7765854265887633,13.192436834152216,-2.7655845886416497,13.032604226647216,-2.605751981136647
0,46.35801896676259,8.5974933030504,6.557182702574526,2.040310600475875,6.544135415477911,2.0533578875724903,6.799147105133811,1.7983461979165902
0,62.744868079653344,14.398208204011928,10.604052370922625,3.7941558330893024,10.61176007682114,3.7864481271907877,10.722385627228483,3.6758225767834443
0,66.47016237137348,3.130287909908456,11.524045004709258,-8.393757094800801,11.52799661700815,-8.397708707099692,11.733437365864559,-8.603149455956103
0,50.377510527425656,7.4117082261192175,7.5498298165479225,-0.13812159042870498,7.547496095332651,-0.13578786921343422,7.408195826043777,0.003512400075440958
1,48.715799584954766,1.3793973623293372,7.139456378413463,-6.546274144934658,7.133136676442768,-6.684178425421814,7.109723084630607,-6.721820094927418
1,59.13322496822038,10.200520914947168,9.71212684821437,-0.6982896151889264,9.720478892689224,-0.5114466375809723,9.668287785327538,-0.5531746713096961
0,56.20328304405628,7.565545138676265,8.98855314461605,-1.423008005939785,8.99526003980094,-1.4297149011246741,8.82715677881479,-1.2616116401385256
0,52.0777963927449,13.071687500658708,7.969729655039059,5.1019578456196495,7.970827883109715,5.100859617548992,7.770502574380677,5.301184926278031
1,74.61780598539664,20.8045420538738,13.536173851624836,5.486423452767914,13.52096885156101,5.11821130903615,13.161523369788474,4.469965560730092
0,53.47627054145816,2.593295493405205,8.315094561703429,-5.721799068298224,8.318525391082375,-5.72522989767717,8.10456578624736,-5.511270292842155
0,50.11550056439624,7.299410587587498,7.485124261203873,-0.18571367361637492,7.48220353171489,-0.18279294412739233,7.357236732225311,-0.057826144637813215
0,52.334735772010475,3.3521249639507245,8.033182987244095,-4.68105802329337,8.034742955339903,-4.682617991389177,7.8296350433663005,-4.477510079415576
0,73.34291986309891,14.09167691927956,13.221330043435621,0.8703468758439392,13.21011358055635,0.8815633387232111,13.040835321160253,1.050841598119307
0,65.21677924303043,4.835573975748187,11.214511541017291,-6.378937565269104,11.220077334037493,-6.384503358289304,11.40836712424104,-6.5727931484928535
0,70.34505020186043,8.881903115612513,12.480981016105934,-3.5990779004934215,12.477694709096225,-3.595791593483712,12.589788500605705,-3.707885384993192
0,66.97417228283088,12.132443922929744,11.648514474658747,0.48392944827099704,11.65171680914824,0.48072711378150323,11.858553488865807,0.27389043406393654
1,70.02235415310774,12.864544958015268,12.401288523498204,-1.1420291234384674,12.398734634314144,-1.216038983623001,12.5289337143689,-1.059662380485582
1,64.7700893292508,13.811911544918043,11.104197724689428,1.304336777762483,11.110252896972593,1.4327504024873026,11.288287835369674,1.7128089367099744
0,48.019706263412665,8.295022780484294,6.967550301175442,1.3274724793088515,6.959375227939378,1.3356475525449154,7.003313733234895,1.2917090472493982
0,50.76645416579778,4.07933314037078,7.64588270639768,-3.5665495660269,7.644391739215186,-3.565058598844405,7.48635536084559,-3.4070222204748104
0,68.97375312471574,10.2321883404732,12.142327714939833,-1.9101393744666328,12.141991175967311,-1.9098028354941121,12.31682915289527,-2.0846408124220694
0,45.75785021029263,2.76973253855891,6.408966000283793,-3.6392334617248827,6.394005422681091,-3.6242728841221816,6.744054729423639,-3.974322190864729
0,62.459330582042405,12.471152506491263,10.53353649381305,1.9376160126782125,10.541402562516819,1.9297499439744445,10.640391002983225,1.8307615035080378
1,50.68606245654292,13.0560148510931,7.6260293003201065,4.568029219818698,7.6243669478812715,4.534607479192909,7.469959049063298,4.315752685285712
1,57.34614070512071,5.653160439368595,9.270791418242592,-4.735615243931219,9.2783710314533,-4.564575859862291,9.149977766799898,-4.719856119857294
1,59.47295615105958,18.025654105042022,9.796026309895653,7.029884105572146,9.804443471125033,7.217861881343492,9.767875656203342,7.199065703624992
1,74.35184083475949,7.135185411173403,13.47049152956669,-8.107026587390012,13.45614896413343,-8.45523217345309,13.140217848893931,-9.033501352702778
0,45.170245023469214,5.7122404687159545,6.263851976767883,-0.5516115080519288,6.246939217927615,-0.5346987492116604,6.700385298167615,-0.9881448294516604
0,52.46184234762018,0.067996464360168,8.064573020919198,-7.99657655655903,8.066355888096057,-7.998359423735889,7.859278081118408,-7.79128161675824
0,62.288614894522816,14.520279304566785,10.491376824618884,4.0289024799479005,10.499328764575552,4.020950539991233,10.591174122168672,3.9291051823981125
0,64.29874783372577,12.917077043842225,10.98779599373228,1.9292810501099442,10.99431861049689,1.9227584333453347,11.159494463180096,1.7575825806621292
0,56.903028475595775,11.810825212597084,9.161361141013279,2.6494640715838056,9.168637452072874,2.642187760524209,9.02377525420087,2.7870499583962136
0,63.34879144111692,11.580796812177526,10.753196304370526,0.8276005078070003,10.760508309073723,0.8202885031038036,10.894271981147451,0.6865248310300753
0,72.31742281237008,17.72648940628917,12.968074955713462,4.758414450575707,12.959799980992146,4.766689425297022,12.911358686708535,4.815130719580633
0,52.70404048265039,9.652530163878744,8.124385879366356,1.528144284512388,8.126583357822627,1.5259468060561172,7.916458435227765,1.7360717286509786
0,48.67897920560221,2.0727489175612366,7.130363277271664,-5.057614359710428,7.1239481796887345,-5.051199262127498,7.103804932873034,-5.031056015311798
1,67.51004471865302,7.858253796743771,11.780852661926641,-5.431305768905908,11.78319532228923,-5.390679908036578,11.987617447889933,-5.094439320019585
0,52.98873063263655,12.173896369113317,8.194692496881382,3.9792038722319347,8.197360361250704,3.976536007862613,7.98480485113754,4.189091517975777
1,53.190291305147895,13.645319770761894,8.244469593521416,4.442625827398238,8.247459405648831,4.513010376940347,8.03391070444546,4.219648000759086
0,69.1626095392389,14.013610212690349,12.188967388640467,1.8246428240498815,12.188249862819573,1.8253603498707758,12.35658519399456,1.6570250186957889
0,52.087334252267354,0.6125389609918148,7.972085109351018,-7.359546148359203,7.973200744593495,-7.36066178360168,7.7726784536149935,-7.160139492623179
0,69.15812728684567,4.647247694798006,12.187860458862138,-7.540612764064132,12.187152068723698,-7.539904373925692,12.355649309352314,-7.708401614554308
1,54.77403235889429,4.250511222982062,8.63558771444694,-5.404183301694318,8.640787389988994,-5.284900525343933,8.438420972545948,-5.555575920618401
0,64.84077152611695,9.328053944955485,11.12165328534171,-1.7935993403862245,11.127634026518315,-1.79958008156283,11.307421777474268,-1.9793678325187827
0,45.554799386201445,8.860525035289834,6.3588208982274566,2.5017041370623776,6.343194563486267,2.517330471803568,6.727794026587231,2.132731008702603
1,65.99203292284541,9.753369150513672,11.405966931892312,-3.1029490007510496,11.410576233187388,-3.008886814814037,11.611651612210649,-2.703718904557947
0,46.31571815775116,1.1308830596643742,6.546736163416471,-5.415853103752097,6.533556693825564,-5.402673634161191,6.794926145993756,-5.664043086329382
1,67.76294929613424,10.197956029208951,11.843309566029701,-3.163782644109718,11.845223940600434,-3.1332182402843074,12.047022431299764,-2.8434762521721737
0,58.30791839416876,8.243969700843289,9.508310475792262,-1.2643407749489732,9.516395578352146,-1.2724258775088568,9.427446955577485,-1.1834772547341963
0,63.568865826245286,11.389612871075355,10.807545517438934,0.5820673536364218,10.814692814558704,0.5749200565166515,10.956321344337699,0.4332915267376567
1,63.48494232498472,6.650404053899996,10.78681990573816,-5.490389040439506,10.794031305092759,-5.334183780273497,10.932699254057093,-5.1049261523575655
0,53.040199119224816,12.913949783079056,8.207403070818746,4.706546712260311,8.210154018254777,4.70379576482428,7.997288432907161,4.916661350171895
0,56.73758238691652,3.0385675936536765,9.120502843398503,-6.081935249744827,9.127654521604585,-6.089086927950909,8.976973074902386,-5.93840548124871
0,69.29853635039284,14.835733266075367,12.222535653374255,2.6131976127011125,12.221538924178102,2.6141943418972655,12.384787129416685,2.4509461366586827
0,73.19949589865374,18.038280158898043,13.185910293889576,4.852369865008468,13.175119530915675,4.863160627982371,13.024402870956166,5.013877287941877
0,70.30775141711891,14.233549440379605,12.471769768745514,1.7617796716340912,12.468569322188479,1.7649801181911258,12.582865757652204,1.6506836827274007
1,45.40849651689048,7.885632034331808,6.322690179006939,0.9038666699351507,6.3065783695901585,0.5454149588458428,6.716839772879266,1.124708590417037
0,47.32976187681951,8.00222148379689,6.797162754935424,1.2050587288614656,6.787040536516921,1.2151809472799684,6.909693253062729,1.0925282307341604
0,50.14108555532928,8.254297942981882,7.491442689051629,0.7628552539302529,7.488579964467516,0.7657179785143668,7.362151503464537,0.8921464395173455
0,73.91805702541424,8.728781439752902,13.363364983849074,-4.634583544096172,13.350394699361237,-4.621613259608333,13.101028879171402,-4.3722474394185
0,46.02637684984436,1.2648158354845496,6.475280903488125,-5.210465068003575,6.4611864403122325,-5.196370604827683,6.767419843567298,-5.5026040080827485
0,55.83890391510548,8.683241725947028,8.898566666155705,-0.21532494020867787,8.904933192058747,-0.22169146611171797,8.726269042983347,-0.043027317036319346
0,67.59877958890493,13.839180154574736,11.802766481506804,2.0364136730679316,11.80496051991253,2.0342196346622057,12.008573604613161,1.8306065499615745
0,62.21485853918164,8.460097184848571,10.473162074777603,-2.0130648899290318,10.481149075245828,-2.0210518903972563,10.569868642404208,-2.1097714575556363
1,71.21202202455702,14.8707614223791,12.695086970729223,0.5246554659435798,12.689716252367802,0.38496623782167205,12.74219487148374,0.40885080054594525
0,72.77915632714573,15.401266841367208,13.082103915334223,2.319162926032986,13.072533968434714,2.3287328729324948,12.973066799423519,2.4282000419436898
1,62.57355564944385,8.626673495733478,10.561745331122005,-3.254009332366053,10.569550262424277,-3.0832748161259484,10.673242483483262,-2.9016710843529765
1,61.73195480992887,7.731771765751933,10.35390495333942,-3.908717712687194,10.362091100140841,-3.728383708799612,10.429820727353174,-3.597042998374766
1,48.26440561078441,14.329677947136652,7.027980854964107,6.532834532219837,7.020470498185057,6.368164589955104,7.039386849898295,6.390016393018037
1,51.02227142793115,12.640916189746472,7.709058922376444,4.056976330253667,7.708103598051031,4.039377241395565,7.53934839667425,3.801250077025136
0,66.58618079576507,9.576497595424616,11.55269672655068,-1.976199131126064,11.556480953454713,-1.979983358030097,11.762543717223648,-2.1860461217990323
0,65.43278028722932,15.434573898251417,11.267854808418976,4.166719089832441,11.2731677671569,4.161406131094516,11.465686463009394,3.9688874352420225
0,58.2152305792431,9.768509350384834,9.48542044340934,0.28308890697549316,9.493465942533515,0.2750434078513191,9.400531711516756,0.3679776388680782
0,48.90323875537191,5.447405061217632,7.185746051809233,-1.7383409905916016,7.179907219761844,-1.7325021585442135,7.140338909251479,-1.6929338480338476
0,64.72092304048651,16.659412665416635,11.09205569779123,5.567356967625406,11.09816197760586,5.561250687810775,11.274949815364227,5.384462850052408
1,48.3328935600786,-0.0377206734346632,7.0448945277963055,-7.8541105873329,7.037567789820149,-8.014651644368211,7.049744928636686,-8.0022896056101
0,63.823030674615296,10.231926892088698,10.87031365599583,-0.6383867639071319,10.877257098233104,-0.645330206144406,11.027547459313771,-0.7956205672250736
0,57.1295489394668,3.593943405361004,9.217302267228852,-5.623358861867848,9.224739176695978,-5.630795771334974,9.088141833311585,-5.494198427950581
0,53.04395507531025,6.9411526135990815,8.208330635639358,-1.2671780220402766,8.211087622671247,-1.2699350090721655,7.998200935814668,-1.0570483222155866
0,67.82018713253063,13.484258498675931,11.85744492923459,1.6268135694413406,11.85926036549637,1.6249981331795613,12.060327855727829,1.4239306429481022
1,51.73982949140152,5.323307336454475,7.886265897453336,-3.4654239951334738,7.886734031534231,-3.45120984042501,7.694380498483859,-3.7202882948342157
0,60.51898878078041,6.729278799588672,10.054352830885561,-3.3250740312968894,10.062806531406505,-3.333527731817833,10.075047356972922,-3.3457685573842504
1,47.34207453014288,10.098784884534572,6.8002034678222,2.565175275186279,6.790116941595836,2.342536862857627,6.911256683128546,2.5089728008331686
0,53.22055347455101,7.693915792770953,8.25194308977516,-0.5580272970042071,8.25498044539898,-0.5610646526280263,8.041333471251871,-0.34741767848091776
0,68.27666016279349,3.868641218862571,11.9701747681355,-8.10153354927293,11.971174646032274,-8.102533427169703,12.164538223398026,-8.295897004535455
1,57.594913772165015,9.893388640853383,9.332228011231756,-0.5663870147291359,9.339958436705299,-0.39215749643820175,9.221324428768444,-0.5327136020299523
0,50.52589867784561,8.765272467876757,7.586475513407631,1.1787969544691261,7.584467353620251,1.180805114256505,7.4376656844886995,1.3276067833880578
0,58.847304210678274,15.311881561076436,9.641516321854054,5.670365239222383,9.649793330070606,5.66208823100583,9.58464296797816,5.727238593098276
0,61.035573660350806,14.692204012733654,10.181927794556653,4.510276218177001,10.190308237017444,4.501895775716211,10.226519242147468,4.465684770586186
1,63.16355553268924,6.54587294902692,10.70745074498076,-5.503196175285943,10.714892891654587,-5.341376771560224,10.84179127638803,-5.127979286613046
0,61.539333402307705,8.399436266453929,10.306335483052212,-1.9068992165982834,10.314586348060864,-1.9151500816069351,10.37372300408196,-1.9742867376280309
1,48.18909593647789,7.757739415366945,7.009382499991492,-0.01761057643976116,7.001669010225213,-0.1868486804950038,7.028128561658647,-0.15436771388831616
0,45.31943409005351,8.12400918379088,6.300695466584008,1.8233137172068723,6.284285751636559,1.8397234321543214,6.7104869814552774,1.4135222023356029
0,48.61527200083976,0.5567109510484407,7.114630249352002,-6.5579192983035615,7.1080493723896145,-6.551338421341174,7.093640336431814,-6.536929385383373
1,63.41477632626452,17.768281495242707,10.769491824542442,5.647513816128059,10.776755595012164,5.804990379388212,10.912911504381816,6.030880807052197
0,52.396479922058695,15.653130608702147,8.048431222356696,7.604699386345452,8.0500999238908,7.603030684811348,7.844002801243782,7.809127807458365
0,68.276277392704,9.203906497865132,11.970080239855267,-2.7661737419901353,11.971080821374938,-2.7671743235098063,12.16445228477047,-2.960545786905337
0,52.28222318813358,13.698761272793524,8.020214564734435,5.6785467080590895,8.021681377842768,5.677079894950756,7.817463167769125,5.881298105024399
0,74.16914200190291,11.26746826539323,13.42537252224342,-2.1579042568501894,13.411613115604528,-2.1441448502112976,13.124376401733112,-1.8569081363398823
1,63.91640333401039,8.478863158371254,10.893372816457724,-3.7850691489298924,10.900237698040527,-3.637241317585591,11.053590416691781,-3.388533981819858
1,55.50704061696525,15.438963279114423,8.816610244513598,5.5750677881744295,8.822640640132631,5.71258836540882,8.635387132732145,5.46650263455358
0,65.29087802980729,8.789887014027908,11.232810857170312,-2.4429238431424043,11.238291105124423,-2.4484040910965152,11.428087109144823,-2.6382000951169147
0,66.4601905032668,8.848908696172167,11.521582368341543,-2.672673672169376,11.525548225433665,-2.6766395292614984,11.730927340805115,-2.8820186446329483
0,50.190267656033924,10.205521185094504,7.503588620840962,2.701932564253542,7.500836983331441,2.7046842017630635,7.371636700926895,2.8338844841676094
1,48.82718559887967,0.3867245562341457,7.166964087682374,-7.570736581616913,7.16093110156134,-7.702198359187879,7.127818535722431,-7.753429664927591
0,57.975678344411925,5.118052588886038,9.42626101218222,-4.308208423296182,9.43419515389525,-4.316142565009211,9.331124986042285,-4.213072397156247
0,67.24670112803288,9.558864116654629,11.715817756076671,-2.156953639422042,11.718591003345322,-2.1597268866906933,11.924720941987099,-2.36585682533247
1,49.63624493374731,8.946997799958424,7.366768068277649,0.7586306760488544,7.3627334303272765,0.6720375929332452,7.267688258500465,0.5345309854006288
0,48.29630712832187,1.6955378121512377,7.035859201973178,-5.34032138982194,7.028434506393467,-5.332896694242229,7.044197487035636,-5.348659674884399
1,56.24744271556207,8.375332494978176,8.999458745439606,-1.6998741684412284,9.006204849942254,-1.5467544741711112,8.8394572540224,-1.7606710528632714
1,62.4058093220315,10.034819254686552,10.520318970281972,-1.7979886778774397,10.528212670029113,-1.6250483372852198,10.624975887887134,-1.4530463480090177
1,67.38356772300959,12.24013474912887,11.749618108298478,-1.0133282113224489,11.752169526161797,-0.9677947908436373,11.95754001815574,-0.6688755796168806
0,67.24408812737401,16.238830554270244,11.715172453673695,4.523658100596549,11.717949894794844,4.5208806594754005,11.924091667620067,4.3147388866501775
1,49.41808315621823,8.308899381579046,7.31289118967865,0.18279575082708277,7.308332280605654,0.08443743010519,7.228543926912431,-0.03191086039825919
0,74.26799848221091,15.108988148876232,13.449785958220161,1.659202190656071,13.435711947763263,1.6732762011129694,13.13306900698379,1.975919141892442
0,71.665115202355,12.784130186526944,12.806982126749405,-0.022851940222460954,12.800454411145022,-0.01632422461807792,12.815077425062675,-0.030947238535731003
0,64.5251289477974,15.14321454844434,11.0437027063475,4.09951184209684,11.050007086000816,4.093207462443523,11.221607118034132,3.921607430410207
1,55.43296640318229,14.443203840343724,8.798316996867278,4.600449171390366,8.804268964769143,4.736253017635988,8.615240119854363,4.487333853777926
1,47.36909850701638,4.105082952891888,6.80687726530298,-3.4362393145499164,6.796868956542495,-3.657116669275328,6.914702029566367,-3.4953734040586735
0,50.800167578934136,9.076076355211129,7.654208516203953,1.4218678390071755,7.652788986770369,1.4232873684407599,7.493268257450541,1.5828080977605872
0,71.20487144756777,10.83858218692286,12.693321075838167,-1.854738888915307,12.687968244613606,-1.8493860576907455,12.741006454968128,-1.9024242680452677
0,46.40785663159512,9.19213669706849,6.569490531417193,2.6226461656512967,6.556598458761748,2.635538238306742,6.804184865718128,2.387951831350362
1,57.469526548791606,9.98218338871779,9.301262585995183,-0.4418066832809089,9.3089187485799,-0.269145034563504,9.185322728701015,-0.4171794987217723
0,55.73190004262915,3.7514819405840703,8.872141163428667,-5.120659222844597,8.878402031096766,-5.126920090512695,8.696857331234705,-4.945375390650635
1,73.02818445334847,13.826658006041662,13.143603497319308,-1.0377817219597247,13.133315109214065,-1.2918627990968794,13.004047892089119,-1.567907257441556
1,47.064319875803776,8.780614362470361,6.731609629058944,1.3262760866059153,6.720709602337335,1.0853183457007756,6.8769604739264585,1.3016352403055071
1,63.028024584322885,17.03990796970356,10.673980241878684,5.029519453753119,10.681512691889267,5.193546149882394,10.803253899546156,5.399932406720717
0,57.14985516853128,4.884690138585923,9.222317060610635,-4.337626922024712,9.229767799874052,-4.345077661288129,9.093927433911702,-4.209237295325779
0,65.11800510988837,15.898347699805033,11.190118441363037,4.708229258441996,11.195796335125799,4.702551364679234,11.38199005500869,4.516357644796344
1,51.33510810212032,13.12031210632698,7.786316559839349,4.447088485290612,7.785996147114386,4.443686740618293,7.605804959629857,4.190403229372505
0,58.42397093300684,6.188219943415266,9.536970622482036,-3.34875067906677,9.545102571694153,-3.3568826282788873,9.461190715085799,-3.2729707716705327
0,49.96222759892847,8.181982727438497,7.447272218345838,0.7347105090926584,7.444000895960647,0.7379818314778497,7.328075478424073,0.8539072490144237
0,57.3922322439847,9.395358542920839,9.282174109894365,0.11318443302647374,9.28978272155119,0.1055758213696496,9.1631713184682,0.23218722445263928
0,58.102017039160906,9.088346920852524,9.45746141124589,-0.36911449039336475,9.465455900124221,-0.3771089792716964,9.367700733516248,-0.2793538126637234
1,61.36868011652288,16.050476570228568,10.264191224489212,4.513665892188843,10.272492414730607,4.697010976811271,10.323929053616201,4.80527671965112
0,48.692290981861206,2.295003845375408,7.13365073193749,-4.838646886562083,7.127270158396987,-4.832266313021579,7.105940878449584,-4.810937033074175
0,63.10247445179701,10.212118490640606,10.692366260351054,-0.4802477697104486,10.699849619281395,-0.4877311286407888,10.824437408349892,-0.6123189177092865
1,66.50304804238142,13.800732303760157,11.532166396662555,0.7985701519604493,11.536070872434149,0.8759752852242055,11.741705752942728,1.1835614767101674
1,57.63831389414474,13.918948697132416,9.342946034936764,3.4467866224964343,9.350701336374906,3.6215398717144947,9.233804510014245,3.4835981518003916
0,48.09090204570912,12.174591907201066,6.98513269605227,5.189459211148796,6.977152420630985,5.19743948657008,7.013657536324815,5.160934370876251
0,69.22099074618441,12.95573054770118,12.203385116780986,0.7523454309201938,12.20254818385297,0.7531823638482109,12.368740684976537,0.5869898627246428
1,68.41158358818697,19.75123684740829,12.003495238349934,6.2043775848533524,12.004245029861867,6.2076239373355975,12.194676023015756,6.473426197001718
0,65.63467740121604,10.237054393379143,11.317714992099873,-1.0806605987207298,11.322782082392497,-1.0857276890133534,11.518798310421019,-1.2817439170418758
0,63.94636920765241,3.054505216133248,10.900773139991067,-7.846267923857819,10.907612391244205,-7.853107175110957,11.061933788876098,-8.00742857274285
1,72.18170574542661,7.315148276105834,12.93455848906957,-7.307705955867366,12.926654973552173,-7.506347381649993,12.892190684687243,-7.6270020804767835
0,72.28983302835282,9.342856646102675,12.961261427418512,-3.618404781315837,12.953062303682474,-3.610205657579801,12.907499444314608,-3.564642798211933
1,57.35568992646744,14.209709046023915,9.273149678452238,3.8182080096181785,9.280735339015012,3.989375758535651,9.15271022893293,3.8346521307707846
0,70.71286719835035,11.180036563318987,12.571816504755612,-1.3917799414366243,12.567666642375007,-1.38763007905602,12.656465055073504,-1.4764284917545165
0,67.3410235254253,5.814302376005983,11.739111462293382,-5.924809086287398,11.741732288442778,-5.927429912436795,11.947368324706707,-6.1330659487007235
0,53.68415520608402,11.452224545127354,8.366433421175035,3.085791123952319,8.370173223434817,3.0820513216925374,8.156625520918176,3.295599024209178
1,45.288273510870894,6.732604937426196,6.293000100508836,-0.21484871390381421,6.276485732598543,-0.5823836813296639,6.708321061735934,0.02786621489666885
0,62.19962022468562,7.857649948221058,10.469398845354675,-2.6117488971336176,10.477392936055978,-2.61974298783492,10.565463840797168,-2.7078138925761106
0,45.30811565238827,5.555637257396878,6.297900283582991,-0.7422630261861132,6.281452581007261,-0.7258153236103828,6.709696845756276,-1.1540595883593978
0,53.429309591920166,4.49824208694708,8.30349716180227,-3.8052550748551894,8.306856840853584,-3.808614753906504,8.09288604101448,-3.5946439540674007
1,67.46969904400626,13.376293486100987,11.770888959578972,0.09824859852993129,11.773298605831606,0.14044894334015723,11.978049247759387,0.43758485195271035
1,53.473000367497946,17.08141909023641,8.314286964848252,7.798039822575376,8.317712855761425,7.8781047387344785,8.103751483810717,7.585354791700329
0,56.21700140346408,5.503572203388518,8.991941008396603,-3.4883688050080854,8.998660131330045,-3.495087927941527,8.83097631264934,-3.327404109260823
0,59.72897276668937,13.317856729763754,9.85925175789043,3.4586049718733243,9.867700738898481,3.450155990865273,9.843021846485309,3.4748348832784455
0,73.13521221722081,20.348653884008307,13.170034900226739,7.178618983781568,13.159433428864745,7.189220455143563,13.016857104698843,7.331796779309464
0,52.875892938603776,7.492129735251152,8.166826283048463,-0.6746965477973115,8.169309902031001,-0.6771801667798494,7.957571700806479,-0.46544196555532746
0,63.574503464274656,11.479590022527526,10.808937779379287,0.6706522431482398,10.816080713263334,0.6635093092641924,10.957906377307896,0.5216836452196301
0,46.14062603957221,4.4190212695890665,6.503495698007669,-2.084474428418602,6.489764791436865,-2.070743521847799,6.777994830605009,-2.358973561015943
0,66.16339128247337,10.611739428496517,11.448285314347592,-0.8365458858510753,11.452664850160385,-0.8409254216638686,11.65563057410221,-1.0438911456056932
0,47.63542136091117,5.68569622470836,6.872647925177237,-1.1869517004688772,6.86340161755426,-1.1777053928459003,6.949670150390614,-1.2639739256822544
1,70.59481256686843,12.625284929382492,12.542661924515022,-1.5446691030961297,12.538792564112603,-1.649369134512158,12.63538228871677,-1.5508687485462627
0,74.0816268755606,10.337257160592786,13.403759928640067,-3.0665027680472807,13.390277187936269,-3.053020027343482,13.116444539183481,-2.779187378590695
0,73.46339973244207,8.220455091481366,13.251083556483337,-5.030628465001971,13.239505898325111,-5.019050806843746,13.054205326318481,-4.833750234837115
0,60.09319403571919,9.815064666493694,9.94919925152083,-0.1341345850271356,9.957667949453812,-0.1426032829601187,9.949999429994794,-0.1349347635011
1,68.03862219447957,13.093799344836674,11.9113892977105,-0.34661652764248707,11.912820347686258,-0.32739641009408516,12.110621783264367,-0.046522240367991685
0,48.773758573676794,5.155866710816427,7.153769836226583,-1.997903125410156,7.1475996752311985,-1.991732964414771,7.119102956666325,-1.963236245849898
1,68.89406529414947,11.390681590667189,12.12264813760111,-2.293878220251967,12.122469935295177,-2.3123642541581813,12.299857407641326,-2.071545971597491
0,74.81777121659846,13.975646394962496,13.585556940667761,0.39008945429473485,13.569692983091269,0.40595341187122713,13.17615027623722,0.7994961187252763
0,70.8759739106946,13.445057059000035,12.61209707378646,0.8329599852135754,12.607554477065738,0.8375025819342969,12.685090883399099,0.7599661756009368
1,57.20896539804964,8.989520725859323,9.236914826982863,-1.3601050481853107,9.24440529300102,-1.1909617119179003,9.110783013274087,-1.3541586272671022
0,47.279659502522925,3.2707993367323294,6.784789553873019,-3.51399021714069,6.774521743879607,-3.5037224071472766,6.903372390924917,-3.632573054192588
0,57.098732100700325,13.976169562137148,9.209691790729114,4.766477771408034,9.217107533830355,4.7590620283067935,9.079366346846005,4.896803215291143
0,51.59187837061708,10.898854084508566,7.84972812872331,3.0491259557852555,7.849912296241403,3.048941788267163,7.661667910853925,3.2371861736546403
1,54.42009568352985,5.681960062056312,8.548180087380821,-3.8717207377853278,8.552935132111863,-3.762239576095819,8.345360413611779,-4.041840335489715
0,45.85600713698298,4.839038244881358,6.433206675634185,-1.594168430752827,6.418564588018612,-1.579526343137255,6.7523515515070445,-1.9133133066256862
0,46.02660326051107,5.621104529344033,6.475336817499011,-0.8542322881549778,6.461243077712917,-0.8401385483688832,6.767440428469691,-1.146335899125658
1,67.57344189815113,11.406223778997704,11.796509126510054,-1.9014293770902277,11.798745784680623,-1.863294599115937,12.002602076041743,-1.5685388319615914
0,54.3031743787261,11.400724416588314,8.519305391657786,2.881419024930528,8.523907327768557,2.8768170888197577,8.314933739062615,3.085790677525699
0,54.812887844409815,7.4522658922487555,8.645183402104674,-1.1929175098559188,8.65043016335639,-1.1981642711076343,8.448722025402951,-0.9964561331541955
0,58.959470560390045,4.603749033887132,9.669216741582751,-5.065467707695619,9.677525390822524,-5.073776356935392,9.61743485779344,-5.013685823906307
0,70.63322723210635,11.50278785374625,12.552148747912254,-1.0493608941660035,12.548188458941286,-1.0454006051950362,12.642275836918714,-1.1394879831724634
0,51.97868921679177,8.239457921883984,7.945254307672563,0.2942036142114208,7.946170441255259,0.2932874806287247,7.7479820131997315,0.4914759086842526
0,58.76168329772664,11.225570643634033,9.620371520116198,1.605199123517835,9.628622460073672,1.596948183560361,9.55963280645817,1.6659378371758624
1,50.703173570569454,9.831325220919966,7.6302550332763674,1.3384560681452502,7.628629282105136,1.3058537375855739,7.473438537079401,1.0859416543619442
0,63.225822726387946,7.375621579698031,10.722828150104617,-3.347206570406586,10.730227415508198,-3.354605835810167,10.859457705224708,-3.483836125526677
0,51.291396951466126,9.288115727998182,7.775521724997555,1.5125940030006273,7.775113929726052,1.5130017982721302,7.596412190936553,1.6917035370616293
0,68.95088795713525,11.77456210888144,12.136680970254158,-0.36211886137271776,12.136390010449526,-0.36182790156808586,12.311971226818319,-0.5374091179368783
1,66.35132882481264,17.495277592285344,11.494698064864613,4.536416189920136,11.498817967437809,4.618907809119985,11.70344114564083,4.926317982276693
1,58.31860381899767,12.153821751608092,9.510949330970318,1.4875045524539097,9.519038874236943,1.6691933679927562,9.430551887090301,1.5737575947995914
1,53.83974506548774,12.996819821657764,8.404857640400202,3.608771412350997,8.408822294750017,3.7007779175165734,8.195961713629455,3.4111630968673268
0,58.77529884128952,13.482565514693722,9.623733992662512,3.8588315220312097,9.631989188916398,3.8505763257773236,9.563608666623614,3.918956848070108
0,63.85987480349394,9.33625191930069,10.879412622282057,-1.5431607029813676,10.886325300666723,-1.5500733813660332,11.03783193749995,-1.7015800181992606
0,63.10673866922496,10.75546808548348,10.693419344568133,0.06204874091534762,10.70089985377514,0.05456823170834113,10.82564968437376,-0.07018159889027942
1,71.51399984651313,9.458251753364136,12.769662923663743,-4.974038842122592,12.763526250546251,-5.131565192046084,12.791304291898273,-5.149018534487544
1,69.31478023834211,18.350082559564687,12.226547217585598,4.5454504685892765,12.225516842700042,4.507031017873874,12.38813403875037,4.720762818385936
0,55.53467392706999,8.47877982007027,8.823434521940486,-0.3446547018702155,8.829493857049616,-0.3507140369793458,8.64291619055883,-0.1641363704885599
0,66.34947429277443,13.830068344860226,11.494240072641539,2.335828272218688,11.498362576259323,2.3317057686009033,11.702971566223942,2.127096778636284
0,48.45906914365224,4.094567141425418,7.076054645188771,-2.9814875037633533,7.0690634106432855,-2.974496269217867,7.0691236413519905,-2.974556499926573
0,66.79433923739816,14.41288489282432,11.604103197547772,2.808781695276547,11.607579471693224,2.805305421131095,11.814311652177052,2.5985732406472675
1,49.95321179678802,6.299529244522261,7.445045690477871,-1.979300399135954,7.441753580069061,-2.049238660790354,7.326375296356362,-2.2148139936508455
0,65.39221692908,6.620070727858763,11.257837347306719,-4.637766619447956,11.263198591316273,-4.643127863457511,11.4549609366288,-4.8348902087700365
0,56.16309060276748,8.056757810960288,8.978627284529834,-0.9218694735695454,8.985298109425898,-0.9285402984656095,8.815974837134444,-0.7592170261741558
1,64.18470466535355,8.077044971703554,10.959632077912444,-4.2634606854183925,10.966260243996995,-4.121328084876367,11.128033926905664,-3.8616898714504675
0,65.04930009143138,9.438673075782566,11.173151161482599,-1.734478085700033,11.178905728459432,-1.7402326526768643,11.36358293440125,-1.924909858618685
0,48.197584983764415,5.962554667164008,7.011478941335422,-1.048924274171414,7.003788413258655,-1.0412337460946475,7.02939070242742,-1.0668360352634112
0,57.856132937712914,4.432158197940553,9.396738272512884,-4.964580074572331,9.404611987241047,-4.972453789300494,9.296579200086457,-4.864421002145904
0,72.91922829036494,13.44812151802387,13.11669586009631,0.33142565792755896,13.10672353457175,0.34139798345212036,12.990694348809875,0.45742716921399484
0,53.27637671894904,7.394406968613165,8.265729107635387,-0.8713221390222223,8.268853621034712,-0.8744466524215468,8.055059721433347,-0.660652752820182
0,68.68754117467198,7.024330738603398,12.071645276151786,-5.047314537548388,12.071870743620245,-5.047540005016847,12.255338612015475,-5.231007873412077
1,56.81090745748266,2.919468985988358,9.138611083851522,-7.316550829489495,9.145818762874628,-7.1534607389747045,8.997693019336566,-7.338729921953069
1,70.71254522511992,14.723614278969713,12.571736990769043,0.5200592800684003,12.567587897695754,0.4088372139769838,12.656407968822352,0.4941038252934984
0,64.45740505739104,6.368089012067351,11.026977724258513,-4.658888712191162,11.03334860677817,-4.665259594710818,11.203073704965155,-4.8349846928978035
0,71.08749369934723,13.695077332276874,12.664333657589529,1.0307436746873453,12.659272793011484,1.0358045392653903,12.721331628901279,0.9737457033755952
0,48.367600435485095,6.299673248182582,7.053465681432863,-0.7537924332502808,7.046231588810787,-0.7465583406282059,7.055037249875486,-0.7553640016929037
1,51.91220941926873,8.884643699305643,7.92883656474343,0.04671504002431348,7.9296293066177785,0.06817480445134727,7.732966996964901,-0.20637055301388685
0,58.967870684111226,4.710229478597917,9.671291222507268,-4.961061743909351,9.679602126787138,-4.969372648189221,9.619891831929385,-4.909662353331468
0,71.90912343468733,11.889750355441883,12.867242003889311,-0.9774916484474279,12.860071961047487,-0.970321605605605,12.852311708076702,-0.9625613526348182
0,69.55109935929136,16.29322593700095,12.284908204254345,4.008317732746606,12.283381594718364,4.009844342282587,12.436253657384977,3.8569722796159738
0,60.17124284901452,8.685303912462423,9.968474059813715,-1.2831701473512922,9.97694307856352,-1.2916391661010973,9.97292620792736,-1.2876222954649368
0,68.47896319469655,17.424933723236947,12.020135196646393,5.404798526590554,12.020758555375561,5.404175167861386,12.209609987770015,5.2153237354669315
0,69.78831478403946,11.99600625599376,12.343490540654955,-0.34748428466119385,12.341453109048683,-0.34544685305492173,12.483460697192841,-0.48745444119908043
0,48.98194874380204,7.452278827184146,7.2051841428406185,0.24709468434352733,7.199544869615529,0.2527339575686165,7.153436548931493,0.2988422782526525
1,62.50522684777895,9.977280487011699,10.544870961130112,-1.883901262928699,10.552712819195678,-1.7122506626904208,10.653598784119705,-1.5345303043648304
0,70.48565525548165,13.770367541927213,12.515704612008733,1.2546629299184797,12.512091807966003,1.2582757339612094,12.615619972168702,1.154747569758511
1,69.80441759203424,8.425691415692665,12.347467263989648,-5.518683449505675,12.345394695055234,-5.581455170368095,12.486624783930488,-5.405785524691261
0,63.94754788118778,11.61531639197604,10.901064223294899,0.7142521686811403,10.907902462256104,0.7074139297199356,11.062261819997948,0.553054571978091
1,55.103391561221855,7.8498767880137565,8.716925728650185,-1.8988170369652808,8.722513704912274,-1.7709955693861579,8.526247121100937,-2.0315940774316017
1,56.6469255611898,14.936319084826124,9.09811438081276,4.747099794139745,9.105195139895807,4.907457753692404,8.951406630141394,4.713518535295787
1,52.680467562164125,4.257339435419032,8.118564349171438,-4.799850526943072,8.120722056809404,-4.747968527343463,7.91085361276771,-5.038223171158293
0,45.446495705962654,6.3593145755381455,6.332074397084411,0.027240178453734387,6.316089145309986,0.04322543022815939,6.719623125198292,-0.3603085496601466
0,51.47586221882784,8.16098013827708,7.821076968120079,0.3399031701570019,7.821034998866843,0.3399451394102382,7.636282961324296,0.5246971769527846
0,52.94887157723314,6.74707307010636,8.184848969232483,-1.4377758991261231,8.187452079336637,-1.440379009230277,7.975163611252103,-1.2280905411457432
1,55.65585815195321,4.427065845648426,8.85336198148952,-5.4793022528968125,8.859546189181124,-5.33841853150551,8.676017971024308,-5.578590035125758
0,46.84169548233359,9.967462709621994,6.676630670067971,3.290832039554023,6.665066011098484,3.302396698523511,6.850959394285377,3.116503315336617
0,63.965389684143695,13.549239785416178,10.905470406003577,2.6437693794126016,10.912293283327337,2.6369465020888416,11.067225934048542,2.482013851367636
0,55.62898683609116,13.790844191455369,8.846725884924428,4.944118306530941,8.85288269009537,4.9379615013599985,8.668666367561544,5.122177823893825
1,57.3784517124104,11.163024278666144,9.278770892176453,0.7650270158390509,9.28637088418797,0.9364988358032065,9.159225450864346,0.7831048493259818
1,68.18382071204559,14.87031609382174,11.947247288015955,1.3884604833309044,11.948416856138218,1.4015473829397447,12.143621976875263,1.676981346436687
0,71.90548875984946,13.315714407136223,12.866344390488813,0.4493700166474106,12.859184014384148,0.4565303927520752,12.851767638594708,0.46394676854151484
1,73.76057289295113,20.37501985289815,13.324472958022723,5.301556055170192,13.311990344688398,4.996515668106516,13.085466717402534,4.56253098172234
1,56.097077581107015,13.430036268157416,8.962324815810353,3.397743898095552,8.96893560501665,3.547925191229,8.797637586435062,3.3269397899867776
0,50.21155572353755,9.99254194244184,7.508845887450588,2.4836960549912517,7.5061421633863175,2.486399779055521,7.375757547565975,2.6167843948758645
0,57.54222223254103,7.007514537345651,9.319215394101162,-2.311700856755511,9.326915045293237,-2.319400507947586,9.206185428135436,-2.198670890789785
0,69.7309354905242,6.176327712989105,12.329320243429514,-6.152992530440409,12.327407540108535,-6.15107982711943,12.472144003782772,-6.295816290793667
0,48.91553580247389,1.2460663719755467,7.188782910608898,-5.942716538633352,7.182975348479777,-5.936908976504231,7.14237583102288,-5.896309459047334
0,73.07221124845165,14.246339185904908,13.154476283202072,1.091862902702836,13.144059419324346,1.102279766580562,13.009354173412172,1.2369850124927364
1,52.1039828205419,11.474913923118146,7.976196612758875,2.582253028001455,7.977342583336677,2.6115928723522117,7.7764800824423315,2.331822755220573
1,65.84032177629027,10.956735204330096,11.368500593298801,-1.8562845009719275,11.37330777239425,-1.7575372833124074,11.572416332810862,-1.4540604339362098
1,74.07470153174526,13.951968392835424,13.402049656968185,-1.2111478938559603,13.38858873572338,-1.5388958204896444,13.115807425298103,-2.047622739430773
1,47.48061214937294,2.606895785949784,6.834416493482285,-4.966252537304762,6.82472919940742,-5.179902912329099,6.929120489701642,-5.037226153794959
0,72.06068115856142,14.805950853676546,12.904670453466444,1.9012804002101014,12.897094669184591,1.9088561844919543,12.874710658431205,1.9312401952453406
0,53.758775580964674,10.381150009707689,8.384861547879865,1.9962884618278238,8.388709871839797,1.9924401378678915,8.17545182165113,2.2056981880565587
0,59.23160330442136,10.466398122786783,9.736422202498257,0.7299759202885259,9.744795788896509,0.7216023338902744,9.697106809986368,0.7692913128004157
1,59.211731409671785,7.42098746550287,9.731514671614152,-3.5002288468719858,9.739884083115358,-3.313070573394066,9.691284112131703,-3.3495178758111432
0,71.26306515096687,8.202162450704918,12.707692498407097,-4.5055300477021785,12.702193759916835,-4.500031309211916,12.750644097180727,-4.548481646475809
0,74.21093419589441,13.985782618863809,13.435693454661408,0.5500891642024008,13.421801317038252,0.5639813018255566,13.12808594375382,0.8576966751099881
0,59.834735271663355,3.746460372779175,9.885370694513277,-6.138910321734102,9.893828492736123,-6.147368119956948,9.874080766102505,-6.12762039332333
0,66.71916985133109,6.866286539148812,11.585539487931145,-4.719252948782333,11.58912809950855,-4.722841560359737,11.795685555561263,-4.929399016412451
0,56.80907376349127,5.154607194682408,9.138158237758681,-3.9835510430762726,9.145364531155769,-3.9907573364733606,8.997174417579744,-3.842567222897336
0,48.669608594142815,12.55585684854114,7.128049126269989,5.427807722271151,7.1216097020002165,5.434247146540924,7.1023038578727355,5.453552990668404
1,57.97494833756312,16.70635408908887,9.426080730875317,6.138116356279438,9.43401451340002,6.316600926776594,9.330913840919283,6.1993569501032155
0,58.56717398631064,4.594210317205905,9.572335816171048,-4.978125498965143,9.580521372573068,-4.986311055367164,9.502891369068312,-4.908681051862407
0,63.84425666090297,16.661108063141384,10.875555591129094,5.78555247201229,10.88248134773732,5.778626715404064,11.03347365619503,5.627634406946354
0,70.84623438396422,15.784051428266228,12.604752648519156,3.1792987797470715,12.600282108339698,3.1837693199265296,12.679915293878576,3.1041361343876517
1,72.89936778320451,14.08132765759622,13.111791141472745,-0.7463477207975675,13.101876138401048,-0.99175282395354,12.988226388277967,-1.2423128951360596
1,56.42580943161308,7.04178745369652,9.043507900225675,-3.084325170107748,9.050407886936503,-2.927871586555737,8.889294724896844,-3.133076678820755
1,68.52944043809626,13.930922360879304,12.032600974774258,0.3504266875331776,12.033128943852736,0.3484756131814155,12.220746323997718,0.6087570732347043
0,45.26177849509631,7.134142942643632,6.286456934402777,0.8476860082408555,6.269853410066731,0.8642895325769011,6.706502656525844,0.42764028611778837
0,45.8229130808527,8.49412484967404,6.425033821229192,2.0690910284448485,6.410284596802009,2.0838402528720312,6.7495226686674865,1.7446021810065542
1,57.938005508259664,11.226867012068478,9.416957389692323,0.6691727833760872,9.42487283766604,0.8472765188138798,9.320231618209545,0.7277268194239568
1,48.70515983610106,8.799636395264272,7.136828803300135,0.8770014782657878,7.130481566977906,0.7384784415344186,7.108009697107729,0.7021571740705443
0,70.6391425480704,13.838675530995213,12.553609584744807,1.2850659462504055,12.54963526439868,1.2890402665965333,12.643334500796033,1.1953410301991791
0,53.61794520647992,1.9155755857004584,8.3500823071022,-6.434506721401742,8.3537247643599,-6.438149178659441,8.139982323855637,-6.224406738155179
0,65.96274337058314,12.8359272927398,11.398733631589543,1.437193661150257,11.403381540997529,1.4325457517422713,11.604098407456515,1.231828885283285
0,55.45973966013604,6.210082781766383,8.80492887696348,-2.594846095197097,8.810909334884354,-2.6008265531179706,8.622516025469892,-2.412433243703509
0,56.086499925476616,3.555619815732915,8.959712575138703,-5.4040927594057875,8.966313652838585,-5.410693837105669,8.794702595929113,-5.239082780196198
1,50.723812205001735,10.131213182660712,7.635351916948435,1.6324537520916387,7.633770224411235,1.6008377401997205,7.477642838893253,1.3796614300026473
0,55.74606057230181,6.915529260490311,8.875638224860381,-1.96010896437007,8.881913223684535,-1.9663839631942235,8.70074376578805,-1.7852145052977395
0,52.90418543350012,5.8146649656642735,8.173813351681922,-2.3591483860176483,8.17634343820528,-2.361678472541006,7.964382455082079,-2.1497174894178057
1,72.02321032528965,16.869604630044538,12.895416717280154,2.291985079503535,12.887941731239309,2.1033120903327784,12.869225215513312,2.0086591069569675
0,51.02960931547365,11.094324810432957,7.71087107517781,3.383453735255147,7.70993089687421,3.384393913558746,7.540886586616996,3.5534382238159603
0,61.740046713371605,12.710061697911112,10.355903316684074,2.3541583812270375,10.364086561010923,2.345975136900188,10.432174685948628,2.277887011962484
1,66.59380884138088,9.324875370949686,11.554580536319031,-3.703189963577474,11.558353651191833,-3.628884588333557,11.764451134285318,-3.321418730366494
0,60.944910407136895,13.434219454556768,10.159537744649102,3.274681709907666,10.167935411959947,3.266284042596821,10.199965425265756,3.2342540292910122
1,65.94476648989567,17.392055097119282,11.394294090303452,4.549226812218336,11.398965599884031,4.6447614186192645,11.599457368971738,4.949448829385464
0,67.30911946793148,7.479373706112866,11.73123248802081,-4.251858781907944,11.733905095058262,-4.254531388945396,11.939722767265451,-4.460349061152585
0,54.347996665641766,3.07855395520097,8.530374630907835,-5.451820675706864,8.535035627391734,-5.456481672190764,8.326578947740945,-5.248024992539975
0,68.7664704006174,7.702870711045437,12.09113750972422,-4.388266798678783,12.091209842095495,-4.388339131050058,12.272442989889337,-4.5695722788439
1,74.03816146933988,14.883247197909164,13.39302578244483,-0.26944053456285033,13.379679807164184,-0.5945208310606063,13.112422978415882,-1.094332320320179
0,55.90322272022573,10.0203187369385,8.914450733907373,1.1058680030311265,8.92087952340757,1.0994392135309283,8.743996203716481,1.276322533222018
0,51.36512307736998,9.671981653695225,7.793729009426043,1.8782526442691818,7.793468349059398,1.8785133046358276,7.61227454707673,2.059707106618495
0,52.28536283840291,6.7590202251645115,8.020989927670692,-1.261969702506181,8.022462327912114,-1.2634421027476028,7.818189667727697,-1.059169442563186
0,61.332933440453125,7.0215794789695645,10.255363283367988,-3.2337838043984233,10.263674180697027,-3.2420947017274626,10.31348854803734,-3.291909069067775
1,70.42964606361258,12.707793957565851,12.501872672862767,-1.4150214626324153,12.498390462902137,-1.5106926651986132,12.605380582344242,-1.394401782674434
1,53.37363398009627,14.322914039390133,8.28974760304301,5.06789399419306,8.293022281884811,5.144603599438412,8.079077900924641,4.851454987253492
0,69.11023701439197,12.709282555294507,12.176033554881595,0.533249000412912,12.175422490533876,0.5338600647606313,12.345626523849617,0.36365603144489
1,68.92088075998566,10.916527425063247,12.129270441534437,-2.7756855347829124,12.129039118288452,-2.795414752031011,12.30558142401194,-2.5561727793181586
0,62.56352252300604,9.606207676787555,10.55926756649623,-0.9530598897086744,10.567077986131045,-0.9608703093434894,10.670359571108206,-1.0641518943206503
1,61.66176652549079,8.799705131243233,10.336571368498975,-2.82075257161471,10.34478206959533,-2.6397835707470154,10.409393481046655,-2.5128460300065587
0,50.868374380457965,13.491513442725536,7.671052757238959,5.820460685486577,7.669776969765187,5.821736472960348,7.507320174454685,5.98419326827085
1,72.16083087356223,20.01213830211695,12.929403264584579,5.395241770233172,12.921556514106788,5.197920685164027,12.889201584223311,5.080745091289959
0,58.84591365225793,12.496530799830005,9.641172911802824,2.8553578880271804,9.64944950989603,2.847081289933975,9.584236630223407,2.9122941696065983
1,56.57484540610032,14.40077494165958,9.08031358266591,4.232127367494968,9.0873366280431,4.391240361214711,8.931120284360622,4.193573737334686
1,72.81590615839498,9.972737232707004,13.091179594030898,-4.831118151349973,13.081504506969246,-5.070947844516866,12.977741482950067,-5.30535422005714
0,59.197609444178674,16.936502757526526,9.728027133929647,7.208475623596879,9.736393524241196,7.20010923328533,9.68714663413006,7.249356123396465
0,55.611643009328205,2.7057695764370795,8.84244268160837,-6.13667310517129,8.848581713354143,-6.142812136917064,8.663924847738707,-5.958155271301628
0,69.43747607820913,13.222684509810176,12.256847983118353,0.9658365266918221,12.255561542243942,0.9671229675662332,12.41325176460954,0.8094327452006347
0,63.84281015790785,17.195807985201345,10.87519836509645,6.320609620104895,10.882125330176452,6.313682655024893,11.03306991006172,6.162738075139625
1,70.55566833493435,12.783147681244127,12.53299492851027,-1.3756345655771192,12.529217880188726,-1.4781820132782872,12.628324964988236,-1.3753838727542966
0,68.21026657425675,12.961310815346751,11.953778315237747,1.0075325001090043,11.954899744701704,1.006411070645047,12.149594812335343,0.8117160030114086
0,64.16827639995003,13.84706927907726,10.955574980144162,2.8914942989330985,10.962218108492886,2.8848511705843745,11.123492802177038,2.723576476900222
1,51.68778937962083,10.911143117510012,7.8734141558859445,2.137264062890454,7.873782972525263,2.149260608417471,7.6828311179199025,1.8819784267878656
0,49.87243608176748,8.519742402941358,7.425097450959476,1.0946449519818815,7.421618273033847,1.0981241299075108,7.311218413295112,1.2085239896462454
0,51.29522320548659,9.46196454664209,7.77646665048214,1.6854978961599496,7.776066521500033,1.6858980251420572,7.5972330112952315,1.8647315353468583
0,70.77276222048171,9.521726356053296,12.586608082238175,-3.064881726184879,12.582314701635333,-3.060588345582037,12.667044973910457,-3.1453186178571606
0,63.63325162483588,12.435226969802684,10.823446129789337,1.6117808400133473,10.83054316784884,1.6046838019538452,10.974409841465771,1.4608171283369131
0,49.02181637472371,8.264804186979676,7.215029788285591,1.049774398694085,7.209491059489829,1.055313127489847,7.16012464361787,1.1046795433618062
0,49.468888982732395,9.721934986413872,7.325438114159317,2.3964968722545557,7.321002259807767,2.4009327266061042,7.237567555173628,2.484367431240244
0,46.21401821300034,2.0499338341913784,6.521620510074608,-4.471686675883229,6.508121589826791,-4.4581877556354135,6.784985529919201,-4.735051695727822
1,46.37186955264909,12.67937377296383,6.560603220791711,5.422661206084902,6.54759912634221,5.1342945822622355,6.800540151609203,5.488400379960844
0,73.95218826468894,12.218775528658965,13.371793979320525,-1.1530184506615608,13.35871726305241,-1.139941734393446,13.104308788510597,-0.8855332598516323
1,49.317286551025006,9.336591643000757,7.287998623608213,1.2392554196692895,7.283193850791588,1.1353780578778476,7.210809090882906,1.0293225082700914
0,54.36537020829372,15.737273605395242,8.534665172811625,7.202608432583617,8.539348939435644,7.197924665959597,8.331099110237485,7.406174495157757
0,64.85757187318514,11.869341330641191,11.125802271794173,0.7435390588470181,11.131765155312804,0.7375761753283872,11.311962514286876,0.5573788163543156
0,74.0455423311018,11.710062137299603,13.394848548089696,-1.6847864107900925,13.381479378793436,-1.6714172414938329,13.113109709680739,-1.4030475723811353
0,49.1877297036286,8.032256343405571,7.256003474788365,0.7762528686172061,7.250879310494541,0.7813770329110294,7.188344299711591,0.8439120436939795
1,45.60031575290675,9.522948609672534,6.370061546296169,2.4864379281792344,6.354585260319416,2.142323940417338,6.731332641375312,2.673561184676543
0,50.78081441065038,9.380622370451874,7.649429089166185,1.7311932812856892,7.647968582362233,1.7326537880896424,7.4892972579982615,1.8913251124536128
0,73.72604978971526,15.262083053672177,13.315947188463241,1.9461358652089356,13.303570730886243,1.9585123227859338,13.081961643551859,2.180121410120318
0,57.87989532720423,8.139282990179694,9.402606593665865,-1.263323603486171,9.410492577078363,-1.271209586898669,9.303440894672676,-1.1641579044929813
0,71.15828858066898,9.545548112790478,12.681817046612126,-3.1362689338216487,12.676580459109756,-3.1310323463192784,12.733235819544099,-3.1876877067536213
0,58.067781331918326,1.7191514370935836,9.449006616534597,-7.729855179441013,9.456985108975593,-7.737833671882009,9.357782749745178,-7.638631312651595
0,69.05615081372139,10.177116461363992,12.162676514521849,-1.9855600531578563,12.162174743895518,-1.9850582825315257,12.334255758351958,-2.1571392969879657
1,60.87813100375218,11.8674165186875,10.143046011542497,0.47060883142097687,10.151455176877063,0.6569362206290439,10.18039727183371,0.7330890773054559
0,45.76217324155225,6.381232933261848,6.410033609069311,-0.028800675807462817,6.395087104296906,-0.01385417103505926,6.744414182116268,-0.3631812488544197
1,45.631285051066406,7.647161556112676,6.377709673920274,0.6018122196271989,6.362335213080152,0.25999521135178494,6.733775571356167,0.7836264222072353
1,65.55844815673387,18.1537543618887,11.298889541568734,5.4211815450441225,11.304050546652556,5.528317152624675,11.498799039547867,5.827528712879786
0,60.033338421508994,8.805312942494952,9.934417406154532,-1.12910446365958,9.942884924424897,-1.1375719819299448,9.932416650474742,-1.1271037079797903
1,53.43277132833078,14.017082218784903,8.304352066609376,4.745184341371472,8.30771700755429,4.823896996641739,8.093745990075492,4.530961994464544
0,66.63509432854671,16.51983392543482,11.564776333241515,4.955057592193306,11.568489077742026,4.951344847692795,11.774761133073214,4.745072792361606
0,60.3307786910683,8.209474322743793,10.007872772511567,-1.7983984497677739,10.016338159888788,-1.806863837144995,10.019784772237903,-1.8103104494941107
0,50.27203556795125,12.008671510290377,7.523781891695093,4.484889618595283,7.5212137313784675,4.487457778911908,7.387515031488114,4.621156478802263
1,56.81649053255404,14.693000537931342,9.139989871012304,4.455387309709778,9.147201764187734,4.618567971325431,8.999272152501051,4.433598510057362
1,58.00562369737958,12.4110685778561,9.433656267963118,1.8340760802218146,9.441605039914736,2.01287150904961,9.339788265583682,1.8975481183527485
0,57.887247596805565,14.921664522989444,9.404422298237145,5.517242224752298,9.41231205180194,5.509352471187503,9.30556447350553,5.616100049483913
1,71.39945595675611,19.614284616662264,12.741375350503164,5.214684911288865,12.735531641762993,5.063979950515257,12.77292605273624,5.062589160808141
1,68.75208915734146,11.34558378101053,12.08758594121916,-2.2984559611650948,12.087686280456847,-2.3104218899322646,12.269334769634519,-2.061591386662588
0,57.816811835447886,3.057925842726468,9.387027596898182,-6.329101754171714,9.39488072930788,-6.336954886581412,9.28523039063273,-6.227304547906262
0,67.3597701383253,13.852161530778137,11.743741095397747,2.10842043538039,11.746331388041567,2.10583014273657,11.951853709349553,1.9003078214285836
0,51.27957301456991,10.51818945856168,7.772601704726659,2.7455877538350215,7.772170198063889,2.746019260497791,7.593877353001686,2.924312105559995
0,47.1815923345676,6.1661899859345,6.76057104519419,-0.5943810592596899,6.750016620093279,-0.583826634158779,6.891191709999836,-0.7250017240653355
0,71.4952226552341,10.342426999145305,12.765025738972508,-2.422598739827203,12.758937294927648,-2.416510295782343,12.788312622967656,-2.4458856238223508
0,68.68718637504995,16.97587415954686,12.07155765541281,4.904316504134048,12.071783808066568,4.904090351480292,12.255261475069833,4.720612684477025
0,55.69461724451294,16.066161712187103,8.862933864099295,7.203227848087808,8.869157309371706,7.197004402815397,8.686633437199617,7.379528274987486
0,45.362624713943696,9.004230066810607,6.311361752980744,2.6928683138298624,6.295096730743311,2.7091333360672962,6.713537789189912,2.2906922776206944
0,65.1940529827205,4.754818281457471,11.20889910064577,-6.454080819188299,11.214490881635724,-6.459672600178253,11.402307279161185,-6.647488997703714
1,65.43525908102328,15.513227790613254,11.268466967312351,2.8158132047817883,11.273776963308912,2.9264857354100293,11.466341304327903,3.2233888782917273
1,62.40271229213092,11.50585649519261,10.519554132802826,-0.32606754330795873,10.527449411598536,-0.15308784652549612,10.624083461835948,0.01873473684068827
0,62.60683399661362,8.312676795836914,10.569963697743088,-2.2572869019061734,10.577750262059501,-2.265073466222587,10.682800942666468,-2.3701241468295535
0,56.60555535791537,11.543612243969736,9.087897662537555,2.455714581432181,9.09494544070096,2.448666803268777,8.939758815908355,2.603853428061381
1,73.28567723212214,15.109826983553193,13.20719349616894,0.17189867267128456,13.196147494420908,-0.09978226007957325,13.034343874988684,-0.4288011747172824
0,51.3145068836448,4.854548699702954,7.781228916351255,-2.9266802166483012,7.780867373775502,-2.926318674072548,7.60137382744101,-2.746825127738056
1,69.10481928942336,17.45292938315339,12.174695602313907,3.7082202642697553,12.174095515560184,3.679863227956357,12.344489978647498,3.907745855699167
1,70.68553684595531,20.80835294268261,12.565067045273144,6.61250615027998,12.560982401228808,6.502786607022907,12.651611279142024,6.591130072996872
1,69.86358403475403,6.328335426261272,12.362078912682891,-7.632925574735775,12.359876735178226,-7.698723972739464,12.498205927145747,-7.528146177820049
0,72.3371102808459,11.517939993835796,12.97293694098424,-1.4549969471484445,12.964607735376344,-1.4466677415405478,12.914100839105533,-1.396160845269737
0,47.54077908354354,7.086900629639911,6.849275221920871,0.23762540771904028,6.839759962253581,0.24714066738633012,6.937033854854822,0.1498667747850888
0,49.86592841516137,8.777110403119606,7.4234903281734805,1.3536200749461251,7.419996014973983,1.3571143881456234,7.310003246938747,1.4671071561808589
0,58.514064821591354,10.932574655486452,9.559220063024537,1.373354592461915,9.567386279531947,1.3651883759545047,9.487418286748891,1.4451563687375604
0,53.6370021735674,6.043375441077769,8.354788584773141,-2.311413143695372,8.35845916210237,-2.3150837210246014,8.144766733982646,-2.101391292904877
0,62.421288863518754,6.971771543182929,10.524141772731248,-3.552370229548319,10.532027547570047,-3.560256004387118,10.62943571054719,-3.6576641673642607
0,46.208951390142055,11.73822296058832,6.520369215722727,5.217853744865593,6.506854318842279,5.231368641746041,6.7844979661386935,4.953724994449627
1,68.70991171163594,20.072541866730415,12.077169867662969,6.440539591116689,12.077352075884468,6.43049052054563,12.260197679588847,6.6815939532161295
0,53.086173501448165,0.9486967048588804,8.21875682965664,-7.270060124797759,8.221581484587817,-7.272884779728937,8.008471827981984,-7.059775123123103
0,51.95405843164343,11.439322203600756,7.939171528937144,3.5001506746636126,7.940042062442606,3.4992801411581516,7.742410335337764,3.6969118682629922
0,70.63098670935041,10.722519621769488,12.551595432047819,-1.829075810278331,12.547640455623041,-1.8251208338535534,12.64187465214913,-1.9193550303796432
1,46.66093055759099,8.815507206452988,6.631989257554652,1.4762964673131922,6.619876687724176,1.208022221317826,6.83083816599753,1.5022358527027322
0,65.49258727013687,6.776172777063849,11.282624643877677,-4.506451866813828,11.287865731407212,-4.5116929543433635,11.481467139458664,-4.705294362394815
0,72.94039410901166,15.131425870141896,13.121922936326591,2.0095029338153054,13.111889422672244,2.019536447469653,12.99331304036504,2.1381128297768566
1,51.00771170268994,8.574106952249398,7.705463276254836,-0.005677553527458912,7.704477863361254,-0.02394973436453185,7.536299310949255,-0.2613071209567952
0,54.03524265465385,9.398970890935727,8.453137407814985,0.945833483120742,8.457376823948675,0.9415940669870526,8.245826237952992,1.1531446529827356
0,69.49961410623212,8.428877505292212,12.272193489696512,-3.843315984404301,12.270776067811457,-3.841898562519246,12.425861991084439,-3.996984485792227
0,57.327708207686925,5.9908395278808655,9.266239358584093,-3.2753998307032273,9.273807240484242,-3.2829677126033765,9.144704846249553,-3.1538653183686876
1,51.53046167770689,12.438948392366518,7.834560761894198,3.7099707517460967,7.834625596291504,3.7151777920130282,7.648200170136494,3.4537439711164097
0,70.04881756221423,13.122518177790544,12.407823884072792,0.7146942937177521,12.405210818017089,0.7173073597734554,12.53400540599882,0.5885127717917236
0,47.35406278662748,3.7781479935026434,6.803164068192027,-3.0250160746893835,6.7931122608379955,-3.014964267335352,6.9127827354111115,-3.134634741908468
0,49.96860535313416,9.244806756092004,7.448847258176215,1.7959594979157885,7.4455906300786046,1.7992161260133992,7.329279203289456,1.9155275528025477
0,49.86722406410863,4.428868008823691,7.423810299535234,-2.9949422907115437,7.420319000468673,-2.9914509916449825,7.310245110582045,-2.8813771017583543
1,45.083423156586335,7.510660439519444,6.242410589395781,0.6216711937181705,6.225202762140914,0.2384867871392906,6.694820075757624,0.9029868915316879
0,54.84724717247092,4.480759163674229,8.65366872601273,-4.172909562338502,8.658956839923107,-4.178197676248878,8.45784469918819,-3.977085535513961
1,47.128080762072784,6.368237076498498,6.7473559140763655,-1.1042985919197568,6.736644176431326,-1.3410156751474522,6.884652555587609,-1.1364168937578025
1,70.06976276055576,16.467598873800444,12.412996476270472,2.447494349301717,12.410336460726475,2.371007263236491,12.53800935037911,2.5229902367737562
1,55.5773000112521,17.924805175408782,8.833961390526914,8.040857614097048,8.840065027840062,8.179980272337636,8.654544181568253,7.936650262116693
1,58.42506100311641,13.635338556935857,9.537239824427596,2.938638417974211,9.545372199222628,3.1211958578642527,9.461507888214827,3.0326354920056247
0,57.178733106868165,8.892225864737357,9.229448709406254,-0.3372228446688972,9.236918955678828,-0.3446930909414707,9.10215952711457,-0.20993366237721212
0,72.19024373588918,9.806941299402908,12.936667017340842,-3.1297257179379336,12.928740256061477,-3.1217989566585693,12.893410124432538,-3.0864688250296304
0,51.39642805699403,2.53627765687406,7.801460036399934,-5.265182379525874,7.801261479346649,-5.26498382247259,7.619039373394733,-5.082761716520673
1,69.41088979358543,20.083695271353022,12.250282277405404,6.2516334596307,12.249051611068888,6.208531829981782,12.407833623305681,6.415357377360493
1,65.06885026222027,16.310491703830056,11.177979239939386,3.717650399536817,11.183712098071627,3.838378853824203,11.368825671444357,4.126889872944808
1,69.39880514574179,14.406256041606088,12.247297872381951,0.5776431951280276,12.246092505193646,0.5351329217781462,12.405366346625406,0.7428418020157697
1,55.08959069917644,7.306224257652747,8.713517490152114,-2.4385307935902762,8.719089688355242,-2.311055847503514,8.522544256877827,-2.572109372433612
0,50.190282715731485,13.606184012103416,7.503592339959437,6.102591672143979,7.500840736381289,6.105343275722127,7.37163961286144,6.234544399241976
0,54.57715394886004,7.130458259488181,8.586966941751019,-1.4565086822628377,8.591922787415497,-1.4614645279273155,8.386481471277074,-1.256023211788893
0,55.15741133884213,10.969268704379678,8.730266365281205,2.239002339098473,8.735915686142127,2.233353018237551,8.540759655834204,2.4285090485454734
0,51.67337279286895,10.40672094171347,7.869853859013412,2.5368670827000575,7.870195053539136,2.5365258881743333,7.679639858886851,2.7270810828266185
0,70.59483838719461,11.530203692185417,12.542668301060882,-1.0124646088754652,12.538798879653156,-1.0085951874677388,12.635386932938632,-1.105183240753215
0,48.810774577560124,9.636560068801277,7.1629112484850905,2.4736488203161864,7.156836195472983,2.479723873328295,7.125134358802456,2.5114257099988206
1,65.03335628104004,13.857717351397284,11.169213703938071,1.2750060491574828,11.174985911186608,1.396671709888647,11.359304411342663,1.6842522965835904
0,56.220194549704736,14.114644913237386,8.992729582611139,5.121915330626248,8.999451545621719,5.115193367615667,8.831865578511941,5.282779334725445
1,69.96967733015597,10.183181011161516,12.388279540773102,-3.808359075599977,12.385842974770295,-3.879630072928631,12.518795619460725,-3.718454506860878
1,58.142023196670976,12.75985807207439,9.467341266992367,2.14393708115856,9.475354112573953,2.324055792557278,9.379296407744642,2.2173363068381704
0,60.26086778975514,12.72214285391084,9.990607689757582,2.731535164153259,9.999075377158183,2.7230674767526573,9.999251856001605,2.7228909979092357
0,73.12659359141503,10.955162249171792,13.16790645838194,-2.2127442092101486,13.157330294610666,-2.2021680454388743,13.015836977687695,-2.0606747285159024
0,53.86921113570802,8.639790068228288,8.41213453329147,0.22765553493681878,8.416141154038803,0.22364891418948574,8.20344649516395,0.43634357306433813
1,53.70594750248427,11.112632900664758,8.37181521133483,1.7627703905696919,8.37558683672201,1.850500951649817,8.162116071642002,1.559444357249701
0,73.58691448765818,15.83837948549934,13.281586560021967,2.5567929254773727,13.269635199372265,2.5687442861270746,13.067497055319842,2.7708824301794976
0,73.24615889446281,15.99706471945866,13.197434111621286,2.799630607837374,13.186505357854015,2.8105593616046445,13.0298104196474,2.967254299811259
0,63.08779690281308,16.199775466753906,10.688741516669122,5.511033950084784,10.69623465297646,5.503540813777446,10.820263856591747,5.379511610162158
1,65.82777932937279,12.44712881961068,11.365403130958876,-0.3623112643357089,11.370226436229302,-0.26318205051576093,11.569160306030218,0.04013577136039892
0,68.048658827708,7.381063229872611,11.913867928367598,-4.532804698494987,11.915281057234244,-4.534217827361633,12.112914059822536,-4.731850829949925
1,71.59614574775662,18.308532159229195,12.789949542148555,3.8527970776462794,12.783600940202653,3.690336918317371,12.804294422984507,3.661073093420562
0,57.12214215578357,9.320102326533709,9.21547309994836,0.10462922658534879,9.222904941721383,0.09719738481232554,9.086032130782131,0.23407019575157761
0,63.690512024172925,10.066302242144456,10.837587065101442,-0.7712848229569857,10.844638618282163,-0.7783363761377071,10.99047103599661,-0.9241687938521537
0,65.44113992708316,12.442388390861638,11.2699192915133,1.172469099348337,11.275222252955643,1.167166137905994,11.467894619754006,0.9744937711076318
0,68.71091860654826,12.783718045473188,12.077418528796773,0.706299516676415,12.077598787262893,0.7061192582102951,12.260416176644448,0.5233018688287405
0,54.15441231323212,6.93144308964877,8.482567353338096,-1.551124263689326,8.486970014894572,-1.5555269252458022,8.276455930868767,-1.3450128412199973
1,57.406010279966026,6.798004392687355,9.285576711304685,-3.607858100712516,9.293193898098641,-3.43602171837542,9.167117517446114,-3.5878005497437826
0,64.12135934370372,4.443671061560499,10.943988420059098,-6.500317358498599,10.950673942596865,-6.507002881036366,11.110511431367685,-6.666840369807186
1,63.01194479393693,10.940832729469047,10.670009202935319,-1.064966605324127,10.677552091058473,-0.9006843372996567,10.798674199064177,-0.6951420303280553
0,63.87557525409181,13.100501427354407,10.883289980086856,2.2172114472675517,10.890189455708688,2.2103119716457194,11.042211271247318,2.0582901561070894
0,50.26908517850456,3.3444054674818102,7.52305326830451,-4.1786478008227,7.520478513977101,-4.17607304649529,7.386939751899244,-4.0425342844174335
0,48.28466547703314,10.139110780110029,7.032984198660136,3.1061265814498924,7.025528269871416,3.1135825102386114,7.042439107450838,3.0966716726591903
0,60.28946745432954,9.42162382821322,9.997670616516334,-0.5760467883031151,10.006137496641434,-0.5845136684282153,10.007651882601275,-0.5860280543880556
1,55.70144337909766,6.001009206169674,8.864619635220556,-3.9183689416634975,8.870849955701742,-3.776477963974309,8.688504404898257,-4.014779822216757
0,49.90637443788437,2.6684540931187506,7.433478812319237,-4.765024719200486,7.4300784116220635,-4.761624318503314,7.317570052058272,-4.649115958939522
1,60.22137604957088,16.92446076939477,9.980854873679215,5.715091312871676,9.98932337165203,5.903461850950187,9.987652195693695,5.935492906121937
0,58.324642168409184,10.752015239351572,9.512440551943428,1.239574687408144,9.52053259323798,1.2314826461135908,9.432306670630647,1.319708568720925
0,64.28259935530212,12.209007952141308,10.98380799170258,1.2251999604387276,10.99034573302504,1.2186622191162684,11.155046462796998,1.05396148934431
0,47.40697397785249,14.076094430631322,6.816230930125612,7.25986350050571,6.806331969071986,7.269762461559337,6.919562954568455,7.156531476062867
0,55.17126123602238,5.313261873489285,8.733686713416613,-3.4204248399273283,8.73935165583438,-3.4260897823450946,8.544485224343745,-3.23122335085446
0,61.97490097960134,8.31122243894013,10.4139025452081,-2.10268010626797,10.421995096395536,-2.1107726574554064,10.500392124402385,-2.1891696854622555
0,56.48055490062936,11.00318507531852,9.057027752426375,1.9461573228921445,9.063973526204636,1.9392115491138835,8.904639542510012,2.098545532808508
0,67.51435715111589,7.780749297069331,11.78191765325051,-4.001168356181179,11.784253131902277,-4.003503834832946,11.988638694289117,-4.207889397219786
0,53.1611423161122,7.169776927753,8.23727100648501,-1.0674940787320093,8.240214828105739,-1.0704379003527382,8.026773233484132,-0.8569963057311316
0,61.53323927129362,8.141616357695645,10.304830486345038,-2.1632141286493933,10.313083261927048,-2.171466904231403,10.371946285721167,-2.2303299280255224
0,60.64660829297663,17.51650734941778,10.085869538547804,7.430637810869975,10.094310755660718,7.422196593757061,10.112501497811198,7.4040058516065805
0,58.64675110347283,8.973136636064995,9.591988051907135,-0.6188514158421405,9.600201392327325,-0.6270647562623299,9.526091986161967,-0.5529553500969726
1,45.71292967400765,11.186084037506337,6.3978724975289145,4.1174332800321185,6.382765439213137,3.7816480287381813,6.740352252135126,4.285429420180262
0,51.8398578726815,10.04421414425237,7.910968744192644,2.1332454000597263,7.911626059807396,2.132588084444974,7.716710090973693,2.327504053278677
0,65.92204099366391,8.407591045074092,11.388681838627436,-2.981090793553344,11.393383077773505,-2.985792032699413,11.593584808902136,-3.1859937638280442
1,74.86710900913945,16.317037427672055,13.597741321860381,0.9277676043457141,13.581713387246543,0.5404698960176013,13.179573312445394,-0.17630081062605285
1,63.6466499540665,6.280850116400902,10.826754959436599,-5.906094425597775,10.83384142098519,-5.75291608300836,10.978170158467819,-5.516110586314948
0,50.62386257889945,6.672727534847525,7.610668519460026,-0.9379409846125011,7.608872561347342,-0.9361450264998181,7.457358595895791,-0.7846310610482661
1,58.58047576552893,5.609869891588762,9.575620801983922,-5.131185707369873,9.583811102359796,-4.9474654841961385,9.50676815227037,-5.02589962666009
0,52.5955046226491,9.47537150472397,8.09758203948589,1.3777894652380809,8.099595359723125,1.3757761450008452,7.890722650518017,1.5846488542059536
0,65.16859705485706,13.320036334615573,11.202612546004268,2.1174237886113048,11.2082332976691,2.1118030369464726,11.395513121406518,1.9245232132090546
0,50.89533963065744,12.863908918671584,7.677712051675607,5.186196866995976,7.676492801663147,5.187416117008437,7.512899858465268,5.351009060206316
0,61.54054255921615,12.820744127654166,10.306634094480398,2.5141100331737682,10.314884579406971,2.5058595482471944,10.374075515393121,2.4466686122610444
0,64.09453093776426,11.011006090706434,10.937362920458867,0.07364317024756772,10.944072461328329,0.06693362937810576,11.10308008830246,-0.0920739975960263
1,67.38269800479578,9.494366490237907,11.749403324099562,-3.7588482521494253,11.751956164955146,-3.713281371440459,11.957332353300947,-3.414345037682301
0,56.12100908541098,9.429879318784167,8.968234901283068,0.4616444175010983,8.974867568956816,0.45501174982735115,8.804281251010659,0.6255980677735078
1,63.98316205976808,6.4061480954679775,10.909859443051108,-5.876837189451442,10.916666946922609,-5.730391632283129,11.072168196654056,-5.4788776170791875
0,68.74432881866133,10.68325092728921,12.085669460570294,-1.4024185332810841,12.085784893306363,-1.4025339660171525,12.267655992211882,-1.584405064922672
1,66.53464772032753,6.9346647474998715,11.539970201855896,-6.076515970035155,11.543829153891787,-6.000185225029089,11.74963732811485,-5.692621586209983
0,55.33095365630664,5.940274124231856,8.773124094420206,-2.8328499701883496,8.778966022302571,-2.8386918980707145,8.587580114029702,-2.6473059897978457
0,65.3469681635133,10.175809762360608,11.246662785580996,-1.0708530232203888,11.252077453031475,-1.0762676906708677,11.442975281675036,-1.2671655193144282
0,72.15927324849392,13.654598005006902,12.929018596025042,0.7255794089818597,12.921176077245006,0.7334219277618956,12.888978111203762,0.7656198938031391
0,71.07608316449264,12.468751055640006,12.661515730416065,-0.1927646747760594,12.656483082306366,-0.18773202666636024,12.719402297147255,-0.25065124150724927
0,52.95283062014974,4.425050024568511,8.185826688047399,-3.7607766634788877,8.188436246013477,-3.763386221444966,7.9761201988178145,-3.551070174249303
0,62.04070679199606,10.86979890947099,10.43015384186352,0.43964506760747035,10.438218743119892,0.4315801663510985,10.519468959385907,0.35032995008508294
0,63.190977988754014,2.7885404267939418,10.71422295023606,-7.925682523442118,10.721646320086808,-7.933105893292867,10.84957463515332,-8.061034208359379
1,48.49132852684253,2.6080490408975847,7.084021370118806,-5.2535583010064215,7.077115335832818,-5.404640923659587,7.074139402031216,-5.413592767607318
0,63.36311089599575,17.994020336558613,10.756732613713293,7.23728772284532,10.764034234729875,7.229986101828738,10.898319479252176,7.095700857306436
1,68.68017096448932,16.76448019515676,12.069825141003651,3.1409659453899046,12.070064835896263,3.1322629823158668,12.2537357974572,3.3849398238286206
0,46.62647556812707,7.68839067066491,6.623480309261774,1.064910361403136,6.611262465263285,1.0771282054016256,6.827104812406645,0.861285858258265
1,45.16901457212576,2.9666641480592326,6.263548106500579,-3.946752935542723,6.246631177822505,-4.323372218140875,6.700304810163445,-3.6817708411551435
0,74.61564410507178,9.979119179288276,13.535639957167579,-3.556520777879303,13.520442031853607,-3.5413228525653313,13.16135866797471,-3.1822394886864345
0,45.43572171962582,10.697114065196708,6.329413670900056,4.3677003942966515,6.3133925691604125,4.383721496036295,6.718829539615041,3.9782845255816666
0,52.4835848787309,8.29299276504828,8.06994252112384,0.2230502439244404,8.071763150801095,0.22122961424718568,7.864374184926536,0.4286185801217446
0,53.56441439335024,4.250385468630375,8.336862424348409,-4.086476955718034,8.34042545313188,-4.090039984501505,8.12656879854963,-3.8761833299192556
1,65.22712326555782,19.617410724125524,11.217066084036905,6.979398216278865,11.222620009752085,7.095868175069867,11.411123498110005,7.3882788395341965
1,56.08466774622603,13.603230151174706,8.95926010312379,3.5744795549191917,8.965859496100325,3.724413111294881,8.79419431279173,3.5028559065825355
0,66.3877028953821,9.973144414333134,11.503680946313501,-1.530536531980367,11.507749675729938,-1.5346052613968038,11.712642297093673,-1.7394978827605385
0,74.67869964648952,9.86465915708117,13.551212051364992,-3.686552894283821,13.535807342597696,-3.6711481855165253,13.16610500999195,-3.3014458529107795
0,73.32428576001473,17.43726797568626,13.216728195572816,4.2205397801134446,13.2055673040093,4.231700671676961,13.038731970919276,4.398536004766985
0,55.09346366063307,5.044564587747997,8.714473950429348,-3.6699093626813504,8.720050580807383,-3.675485993059386,8.523583201787927,-3.47901861403993
0,73.7256913845571,12.655075989866832,13.315858677306913,-0.6607826874400811,13.303483320382824,-0.6484073305159921,13.081925079573997,-0.42684908970716506
0,65.47480375732307,17.10922455238419,11.278232856407918,5.830991695976273,11.283495399256797,5.825729153127394,11.476778926532969,5.632445625851222
1,68.89100573955486,12.951590412179858,12.121892554962722,-0.7320962001491296,12.12172040323915,-0.7504406275115159,12.299203486550878,-0.5094437724320517
0,49.331013907763776,6.89700922223473,7.291388709355022,-0.39437948712029236,7.286617555586807,-0.38960833335207656,7.213211204530213,-0.3162019822954827
0,54.18141053000258,10.772324785118975,8.489234789145623,2.283089995973352,8.493673988053098,2.278650797065877,8.283419307264998,2.4889054778539776
1,67.5489794072792,19.76724919382365,11.790467909456071,6.466577646293702,11.792745577452655,6.505676100034702,11.996827413649507,6.80101612987799
1,62.43097430124356,14.135626044844184,10.526533672716607,2.295636013157571,10.534414461429188,2.4682547240286077,10.632225600918533,2.641711664849783
1,60.201627847883664,7.202026267748055,9.975977889833093,-4.001707040983462,9.984446660817564,-3.8133096338107837,9.981851491909508,-3.7826172639668023
0,61.49246329216034,8.969414111858276,10.29476051669957,-1.3253464048412944,10.303025859806546,-1.3336117479482699,10.360055368911393,-1.390641257053117
1,47.99455705740072,6.343481076794447,6.961339494064713,-1.376347410267023,6.953095336367865,-1.5575217536691817,6.999689876149596,-1.4966332554132045
0,74.93687246044355,13.622722495225013,13.614969990599374,0.007752504625639034,13.59870925327802,0.02401324194699228,13.18428699350757,0.43843550171744283
0,49.62469502677029,5.346459822225871,7.363915721990969,-2.017455899765098,7.359853598025634,-2.013393775799763,7.265590087663952,-1.9191302654380813
1,68.20953331208193,11.116808147214144,11.953597230000812,-2.3723858536884315,11.954719996333793,-2.3603964306266523,12.149429361662003,-2.0859821973123793
0,58.73443556989392,6.63658362889303,9.613642465461579,-2.977058836568549,9.62188476168696,-2.9853011327939303,9.551677731249384,-2.9150941023563544
0,46.29348067641512,13.421198913555632,6.54124443110727,6.879954482448362,6.527995311019543,6.893203602536087,6.792727483552972,6.6284714300026595
0,50.88789720486884,12.631259387848264,7.675874082278604,4.95538530556966,7.674639244325918,4.956620143522346,7.511358489544289,5.119900898303975
0,52.60398920033685,5.231169323829091,8.099677377024957,-2.8685080531958658,8.10170518948531,-2.8705358656562208,7.892728003356612,-2.661558679527521
1,65.79959906616271,19.48889965812059,11.358443778880556,6.687502237033996,11.363303186504577,6.7874867473304885,11.561837905463673,7.0904366740076945
1,49.024887047084086,11.199621720050368,7.215788116549373,3.1857364784587556,7.210257116942458,3.0655515298123106,7.160641271735082,2.9912392258902702
0,57.7001429113555,11.128151844927752,9.358215228706124,1.769936616221628,9.36600523323245,1.762146611695302,9.251600214728832,1.8765516301989198
0,45.821008672788366,13.288012479277617,6.424563511703632,6.8634489675739845,6.409808114515536,6.878204364762082,6.749360855535882,6.5386516237417345
0,68.11130630478766,10.913825072817454,11.929339247658186,-1.0155141748407317,11.930640000050488,-1.0168149272330336,12.12718474207531,-1.213359669257855
0,65.43937863975086,11.163433302337738,11.2694843268515,-0.10605102451376247,11.274789395932334,-0.11135609359459586,11.467429448716342,-0.30399614637860317
0,49.11472360357216,4.432873634110855,7.2379740067748735,-2.8051003726640182,7.232668190701464,-2.7997945565906086,7.175850465442684,-2.742976831331829
0,62.11591554346951,10.722031605206915,10.448727273097035,0.2733043321098805,10.456759373982647,0.2652722312242677,10.541250152591374,0.18078145261554113
0,69.29304551207116,8.302171052210246,12.221179644851523,-3.9190085926412763,12.220194275237146,-3.9180232230269,12.383654657926854,-4.081483605716608
1,67.46733891452855,14.030425882896948,11.770306105832598,0.7530545775970428,11.772719659206011,0.7953467653201205,11.977488761834106,1.0925338589469487
0,57.75975098899376,4.947245673683561,9.372935942842258,-4.425690269158697,9.380758585156082,-4.433512911472521,9.26877433936395,-4.32152866568039
0,56.45133162429728,7.844511237403724,9.049810819519791,-1.2052995821160675,9.056732236400444,-1.2122209989967203,8.896445663000687,-1.0519344255969632
0,57.617707451266845,8.268169968479995,9.337857101238736,-1.069687132758741,9.345600644657802,-1.0774306761778067,9.22787776345543,-0.9597077949754347
0,72.86563276882454,18.40800353709657,13.1034599970584,5.3045435400381695,13.093642157277497,5.314361379819072,12.984010473394125,5.423993063702444
1,71.16235519492699,14.859238552210336,12.682821331070977,0.5273075366918469,12.67757461522234,0.3905068224024042,12.733916158581483,0.42088121649296184
0,70.31694460907265,9.908403982775388,12.474040104513946,-2.5656361217385584,12.47081852478642,-2.562414542011032,12.584574759880848,-2.67617077710546
0,71.15306374033206,11.183001970335985,12.680526728520114,-1.4975247581841291,12.675303148561408,-1.4923011782254232,12.732361157388285,-1.5493591870522998
0,52.2349133787072,12.845754655745278,8.008531010961285,4.837223644783993,8.00991336441413,4.835841291331148,7.80653505817847,5.039219597566808
0,51.185302193543926,3.890449494151565,7.749320735725716,-3.858871241574151,7.748699049744571,-3.8582495555930074,7.573758098023835,-3.68330860387227
0,55.189879325592784,11.288241443809165,8.738284606608037,2.549956837201128,8.743970480343119,2.5442709634660456,8.549496462835274,2.738744980973891
0,71.68126010288492,15.470413205353898,12.810969245188279,2.6594439601656195,12.80439944585282,2.6660137595010784,12.817585234670666,2.652827970683232
0,70.04669646611073,12.905317142296148,12.407300061620669,0.49801708067547956,12.40469174455168,0.5006253977444679,12.533599428852554,0.3717177134435943
0,61.01461315173852,12.466456566219252,10.17675142135935,2.2897051448599015,10.185136011297162,2.2813205549220896,10.22038163760897,2.246074928610282
0,70.12411740860802,11.39214003667249,12.426419811960026,-1.0342797752875352,12.423637495391558,-1.0314974587190697,12.548357811689943,-1.1562177750174527
0,71.14427000442166,9.632702514720826,12.678355041768004,-3.045652527047178,12.673153340382518,-3.040450825661692,12.730887641116437,-3.0981851263956113
0,53.64989015513199,11.25115717397168,8.357971379788866,2.8931857941828145,8.361660927793574,2.8894962461781066,8.148005093787782,3.1031520801838983
1,65.33040649158421,16.099791140691934,11.242572741953621,3.4323015424501317,11.24800684733367,3.5459226641348174,11.438582802832874,3.840654365680118
0,47.700162951377294,3.648926420295473,6.88863640331193,-3.2397099830164566,6.8795729095846365,-3.2306464892891635,6.958446273936741,-3.309519853641268
0,57.426803257144805,5.037720987463628,9.290711711210998,-4.252990723747369,9.29834175777694,-4.260620770313312,9.173074850099885,-4.135353862636257
0,48.67174580135326,8.214974386767395,7.128576927494943,1.086397459272452,7.122143053295816,1.0928313334715796,7.102646035166255,1.11232835160114
1,46.47788114710273,3.800885685577083,6.586783672148291,-3.4860826495700117,6.574108734525908,-3.7670302904729054,6.811381050395587,-3.435290355918398
0,62.74643580607918,13.473927591005635,10.604439534097025,2.86948805690861,10.612146319604197,2.861781271401439,10.722834620000155,2.7510929710054803
0,74.2598169294195,11.5972944151034,13.447765455217816,-1.8504710401144155,13.433717565889115,-1.8364231507857145,13.132360393461994,-1.5350659783585936
0,45.50689475068744,5.756084373908226,6.346990447168844,-0.5909060732606184,6.33120568433268,-0.5751213104244544,6.724136546652574,-0.9680521727443487
0,58.16969364001298,7.264384673157751,9.474174714783281,-2.2097900416255305,9.482200045053771,-2.2178153718960205,9.38732033185886,-2.122935658701109
0,48.71407060511888,5.910318438400792,7.139029392358559,-1.2287109539577665,7.132705217744899,-1.2223867793441077,7.10944447586866,-1.1991260374678676
0,69.49562929863076,10.575217602401572,12.271209408076853,-1.6959918056752805,12.269800411994806,-1.6945828095932338,12.4250555598971,-1.8498379574955273
1,68.08882706516904,13.61636634394954,11.923787811115783,0.16162197333446748,11.925128988694032,0.17873376562190124,12.122071558725505,0.45778774370555375
1,64.11119441822126,7.831827151617945,10.941478106555104,-4.487698639914461,10.948172748477141,-4.3439685882833885,11.107696497852114,-4.087231874935052
0,65.24288646330123,13.150049963565266,11.220958937774956,1.92909102579031,11.226494732423317,1.9235552311419486,11.415321737983763,1.7347282255815024
1,51.5766054265805,9.586224150062753,7.845956347245234,0.8440770577409431,7.8461109190246106,0.8512887143536378,7.6583126245468405,0.5880740701725813
0,73.85645555666665,12.751626766697033,13.348151985078967,-0.5965252183819345,13.33537312603378,-0.5837463593367467,13.095025246690378,-0.34339847999334516
1,53.702724148192345,6.743424354031033,8.371019176988968,-2.605518208948764,8.374786102105949,-2.5178918036003903,8.1613035579631,-2.808978961608444
1,46.98441205543016,4.43181587150458,6.711875723394346,-2.9997166677939875,6.700738426393368,-3.2460186831227746,6.867474046741789,-3.0147889472409917
0,68.26682262996302,14.727803284599604,11.96774530698963,2.760057977609975,11.9687632581024,2.7590400264972033,12.162328739483517,2.5654745451160874
0,57.02514946047555,3.337453105553124,9.191519941291116,-5.854066835737992,9.198884275695695,-5.861431170142572,9.058436347340255,-5.720983241787131
1,57.68650674419267,16.542879470624033,9.35484766298903,6.056963129667016,9.362630088204476,6.232286524894771,9.247673816928978,6.097263019943014
1,59.25504778966604,8.83394295421384,9.742212014534305,-2.0996358772050527,9.750590411533109,-1.9123172909893214,9.70397719405111,-1.9458455783272068
0,54.96603052951737,6.049389693694861,8.683003271136336,-2.6336135774414746,8.688432287477038,-2.639042593782177,8.489479810927218,-2.440090117232357
0,45.965893229252245,0.3205670354405283,6.460343966684725,-6.139776931244197,6.446055840953149,-6.12548880551262,6.761973875507372,-6.441406840066843
0,50.23434251915632,13.276400987126133,7.514473277523759,5.761927709602373,7.511820726523142,5.76458026060299,7.380178693157228,5.896222293968904
1,64.53876271620706,8.590924427460974,11.047069679672404,-3.850629595128085,11.05336054590658,-3.716582722248077,11.225333093976454,-3.4440054436663026
0,60.80562439438623,4.088092060260449,10.125139896939476,-6.037047836679028,10.133560404114446,-6.045468343853997,10.159142531635299,-6.07105047137485
0,69.81217524820903,17.123610264985484,12.349383082171347,4.774227182814137,12.347293564612556,4.776316700372927,12.488147255794882,4.635463009190602
1,72.96683394961441,16.956612791226693,13.128452476461739,2.109682531257361,13.11834238567459,1.8597442016141663,12.996567588485608,1.5959209264552783
0,68.60140362953663,16.042450749734655,12.050372887768106,3.99207786196655,12.05076386739426,3.991686882340396,12.23654620568079,3.805904544053865
0,47.4797211926903,6.627458492730638,6.834196464265568,-0.20673797153492934,6.824506616538661,-0.19704812380802306,6.929004011178837,-0.301545518448199
0,49.85139243106676,5.744103635454528,7.419900545126916,-1.6757969096723881,7.41637239011151,-1.672268754656982,7.3072921763632905,-1.5631885409087625
0,67.04118567880533,7.60606918601687,11.665063994195648,-4.058994808178778,11.668162376163153,-4.062093190146283,11.874923081644425,-4.268853895627555
1,66.20537164258596,11.924903572922666,11.458652715965535,-0.992301568112973,11.462974949510459,-0.9050290568266419,11.666349082598602,-0.5982249598952976
0,67.88517440879399,12.852232330867114,11.873494081535128,0.978738249331986,11.875196285793857,0.9770360450732571,12.07537138730986,0.7768609435572547
0,70.32814755917089,10.780468113824448,12.4768067668928,-1.6963386530683522,12.473559408148493,-1.693091294324045,12.586654965872205,-1.806186852047757
0,74.81557202504717,17.61179426233392,13.585013831890567,4.0267804304433525,13.569157170636183,4.0426370916977366,13.175995976655638,4.435798285678281
0,63.83921708882574,15.967152993105003,10.874311026585886,5.092841966519117,10.88124099142462,5.0859120016803825,11.032066946829191,4.935086046275812
1,71.10734571449493,11.59939752937936,12.669236279039406,-2.716833749699143,12.664126253335086,-2.8504501321100957,12.72468124213147,-2.8129884948432213
0,58.164910388968906,8.020107716874525,9.472993450866525,-1.4528857339919998,9.481016635353784,-1.4609089184792605,9.385933060996951,-1.3658253441224257
0,73.95975812080653,13.309439824506924,13.373663418704814,-0.06422359419788926,13.36056306157491,-0.05112323706798527,13.105031725790559,0.20440809871636567
0,64.71077232431621,9.643418122841041,11.089548893395913,-1.4461307705548716,11.095665656606442,-1.4522475337654015,11.272193202933998,-1.6287750800929572
1,61.793105974566046,9.297574146079896,10.36900674573706,-2.3603679089016953,10.377170591312677,-2.180607923657803,10.44760416291494,-2.0454542624239664
0,71.31335650002295,17.280539786217027,12.720112368369485,4.560427417847542,12.714486918843283,4.566052867373742,12.758910228977756,4.521629557239271
0,51.61551723123906,7.975401352596371,7.855565943387151,0.11983540920922042,7.855795813983143,0.11960553861322776,7.666869108336646,0.3085322442597258
0,71.64162859207788,13.553211837879749,12.801181911583697,0.7520299262960517,12.794715311526627,0.758496526353122,12.811418122410021,0.7417937154697274
0,51.952754976726034,13.685346825115523,7.938849629825671,5.7464971952898525,7.9397177463630895,5.745629078752433,7.742115765442498,5.943231059673026
0,58.05038367100816,10.426325079288368,9.444710118424892,0.9816149608634763,9.452680380304544,0.9736446989838239,9.352744543805722,1.0735805354826464
0,68.13034877466694,14.6627147849746,11.93404194512211,2.728672839852491,11.935308363357837,2.727406421616763,12.131509652936618,2.5312051320379823
0,48.07790723511056,5.30598183140506,6.98192351871165,-1.6759416873065893,6.973907773909552,-1.6679259425044908,7.011760223539076,-1.7057783921340155
0,62.521375510291755,7.829083753299299,10.548859008622173,-2.7197752553228742,10.5566922348152,-2.727608481515901,10.658243461806876,-2.829159708507577
0,55.66588793467557,4.961275371909904,8.855838920356756,-3.894563548446852,8.86203331424237,-3.900757942332465,8.678763657060518,-3.7174882851506137
0,53.342854774487854,4.771858697506561,8.282146420366923,-3.5102877228603617,8.285373807475782,-3.5135151099692212,8.071462636515982,-3.2996039390094207
0,72.16979752872349,11.665136464034983,12.931617655194309,-1.2664811911593254,12.923746533768155,-1.2586100697331712,12.890486859976468,-1.2253503959414846
1,50.43957518383368,6.498526925272328,7.565157203391102,-1.9191111006992916,7.562960257110973,-1.96450463706684,7.420468836346781,-2.1671999930157977
0,66.95480952116469,10.333431938889522,11.643732678454821,-1.3103007395652995,11.646964859678093,-1.313532920788571,11.853811780806566,-1.5203798419170447
0,52.698742333755085,7.71617041491406,8.12307745711171,-0.40690704219765017,8.125266007800109,-0.40909559288604846,7.915197984829268,-0.19902756991520754
0,60.246096841298574,4.111122913551925,9.986959880293432,-5.875836966741507,9.995427912170442,-5.884304998618517,9.994913342761173,-5.883790429209248
0,69.33021325262439,12.95735587426496,12.230358529751829,0.7269973445131317,12.229296133430925,0.7280597408340359,12.3913092279081,0.5660466463568614
1,51.170944745091525,5.077110416313291,7.745775043551667,-3.549260890936212,7.745124216850418,-3.560049646717472,7.57070814312347,-3.8057073672490986
1,69.10302410904804,17.530665679409246,12.174252267481195,3.7864689060074,12.173655816723544,3.758196920441133,12.344113260482583,3.986195058846004
0,46.958523674013904,5.88961452016558,6.705482370725122,-0.8158678505595418,6.69426789356807,-0.8046533734024894,6.864437459558852,-0.9748229393932721
0,52.2411895346339,7.8266829745804385,8.010080960245531,-0.1833979856650929,8.011474547310577,-0.18479157273013858,7.807982719168674,0.018700255411764566
1,63.93046248104391,10.811496884578352,10.896844840597378,-1.4564479111386746,10.903697722443487,-1.3089092647123763,11.05750578048415,-1.0596061664351968
0,46.85500870955807,7.83515128923491,6.679918483061879,1.1552328061730313,6.668393885147897,1.1667574040870141,6.85247660893736,0.9826746802975501
0,65.75002746689873,9.644927140464079,11.346201657158991,-1.7012745166949124,11.351124136098708,-1.7061969956346292,11.548934472473858,-1.9040073320097797
0,52.32759398633837,5.652283383398734,8.031419263442455,-2.3791358800437212,8.032966598978236,-2.380683215579502,7.827977066674059,-2.175693683275325
0,68.1371306902819,16.056681270543507,11.935716795998344,4.120964474545163,11.936970966422962,4.119710304120545,12.133048505568526,3.9236327649749807
0,49.88195639003676,6.868961054805574,7.427448570842429,-0.5584875160368554,7.42399151761442,-0.5550304628088458,7.312997725624358,-0.4440366708187842
1,65.78185999655553,13.715428081134426,11.35406296703299,0.9190934004216,11.358945008434912,1.0196141999075472,11.55722375846142,1.3223250469498034
1,68.77542455693174,16.405510716439345,12.093348813638995,2.754811038187036,12.093403684533802,2.7417806189963017,12.274376385061872,2.989332560067961
0,73.88644697071301,18.01294919507232,13.355558616029125,4.657390579043195,13.342686666440002,4.670262528632318,13.097961656060676,4.914987539011644
0,57.91214243633791,6.10359382678909,9.410570287414796,-3.306976460625706,9.418472715942215,-3.3148788891531256,9.312756725153664,-3.209162898364574
1,64.5604771943958,11.842878401861537,11.05243225197295,-0.6048729449308681,11.05870150859132,-0.47134308447246553,11.231263920559002,-0.19802997262149447
0,48.03004351880571,8.279977488795977,6.970103172994539,1.309874315801438,6.961956454539811,1.3180210342561658,7.0048078206306155,1.2751696681653613
0,74.83064006477287,10.668242253685166,13.588735010532492,-2.9204927568473256,13.57282833566969,-2.904586081984524,13.177050238594989,-2.508807984909822
0,49.10491646937989,6.945729668723052,7.2355520528273685,-0.2898223841043164,7.2302217430498,-0.2844920743267485,7.174181262902388,-0.2284515941793357
1,60.84879481007566,7.909811469749789,10.135801192751744,-3.4786236514561892,10.144215090243462,-3.2921573739684096,10.171798605119454,-3.2179527333585245
0,58.281645375962526,15.873375769910004,9.501822133845481,6.371553636064522,9.509896207893751,6.363479562016252,9.41981440408485,6.453561365825154
0,65.17490647118483,14.648295758528702,11.204170709223195,3.444125049305507,11.209784293982668,3.4385114645460337,11.397197731897132,3.2510980266315705
1,58.160808381892295,6.189804390757225,9.47198042585462,-4.431477902512937,9.480001766044618,-4.251184489000594,9.38474344055619,-4.356711131452351
0,66.10416013038048,11.41803702707297,11.43365768513256,-0.015620658059591008,11.438117392100239,-0.020080365027268954,11.640470037494783,-0.2224330104218133
0,62.38090046497172,9.004975590160841,10.51416751935849,-1.509191929197648,10.522073857658489,-1.5170982674976479,10.617796965707912,-1.612821375547071
1,67.98147377330415,15.733561534406896,11.897276016343499,2.3094558532505474,11.898808674535815,2.331060012601215,12.097538202932817,2.6139284729024794
0,65.94699783935145,11.687281400642448,11.394845140744565,0.29243625989788313,11.399513724968122,0.28776767567432593,11.60003364236095,0.08724775828149767
1,53.045929384184205,7.509948065168707,8.208818207755444,-1.6515449053208453,8.211578368206093,-1.5862630375484876,7.9986806724318145,-1.8793070428484704
1,62.21095372083633,4.558605806393173,10.47219774717483,-7.218590228756204,10.480186569520994,-7.043270396859162,10.568740009190611,-6.8826997200297555
0,52.446796360151765,13.022153868453737,8.060857288266948,4.961296580186788,8.062613960915552,4.9595399075381845,7.85575587057563,5.166397997878107
1,74.43737037010656,17.372952841722146,13.491613764839592,2.106330665999508,13.476995601716924,1.7517312667633558,13.147297805759647,1.1513077557503166
0,68.69802446892139,15.515270289699403,12.074234213489895,3.4410360762095085,12.074439422879637,3.4408308668197662,12.25761677671266,3.257653512986744
0,61.2660337007527,6.83069105721926,10.238841832200109,-3.4081507749808484,10.247170119588592,-3.4164790623693317,10.293940352319906,-3.4632492951006455
0,57.70203826562811,8.118047043196935,9.358683302321971,-1.2406362591250364,9.366474357002328,-1.2484273138053936,9.2521460349026,-1.134098991705665
0,67.09846627602951,10.09716845767791,11.679209917545187,-1.582041459867277,11.68221863941997,-1.5850501817420604,11.88886420361332,-1.7916957459354101
1,69.09628459354128,7.777145334513246,12.172587887666886,-5.965127977398723,12.172005080759714,-5.993080811939569,12.342698440660627,-5.7646498429215605
0,65.23054580569634,10.597796797798148,11.217911308996252,-0.6201145111981035,11.223461302831602,-0.6256645050334537,11.412035253398214,-0.8142384556000657
0,64.61905027804976,11.511236191568342,11.066897365674055,0.4443388258942864,11.073107800157839,0.43812839141050297,11.247240085347027,0.263996106221315
0,61.59995741534425,5.434486150815184,10.321307090945893,-4.8868209401307094,10.329538492209089,-4.895052341393905,10.391391498380935,-4.956905347565751
0,62.96409448319813,11.202816818353291,10.658192167835049,0.5446246505182426,10.665765771735414,0.5370510466178775,10.785036688343949,0.41778013000934244
0,69.87791654373646,8.877003779716102,12.365618445845904,-3.488614666129802,12.363384752745626,-3.486380973029524,12.501000757465002,-3.6239969777489005
0,50.479630227229045,4.1819890935612,7.575049131916492,-3.3930600383552916,7.572939994249666,-3.3909509006884644,7.428430086528991,-3.2464409929677904
0,64.82346042823667,16.534937491184067,11.117378164697412,5.417559326486655,11.12337723963569,5.4115602515483765,11.302740100561605,5.232197390622462
0,46.09320741217489,5.59995572787862,6.4917852707249795,-0.8918295428463594,6.477903830011261,-0.877948102132641,6.773560156957087,-1.173604429078467
0,64.38408972920588,7.7733835817242465,11.008871889768093,-3.2354883080438466,11.015313596213094,-3.2419300144888474,11.18296351007102,-3.4095799283467727
0,55.227439817239215,12.656182259887265,8.747560484681058,3.908621775206207,8.753288346990582,3.9028939128966833,8.559616809336118,4.096565450551147
0,53.21190735179893,12.513175280072508,8.24980785732912,4.2633674227433875,8.252831650568089,4.260343629504419,8.039211413508578,4.473963866563929
0,54.8709182687774,12.357780557261137,8.659514501548912,3.6982660557122244,8.664830949086234,3.692949608174903,8.464136946634788,3.8936436106263486
0,51.84245287008176,2.328899549932423,7.9116096005400856,-5.582710050607663,7.912271793896479,-5.583372243964057,7.717291641902696,-5.388392091970273
1,53.154410667134286,4.886923856386796,8.235608569375898,-4.305529732847214,8.238541742658793,-4.2364033653891,8.025126624877561,-4.529727094779352
0,68.8513314231074,15.92910954643292,12.112094650146636,3.8170148962862847,12.112000766678163,3.817108779754758,12.290708506725617,3.638401039707304
0,73.81461283275213,8.048535974760302,13.337818573873179,-5.289282599112877,13.325169250758353,-5.276633275998051,13.090885898739568,-5.042349923979266
0,73.75082201264014,13.56655656662716,13.322064896442464,0.2444916701846953,13.309612293599647,0.25694427302751244,13.08448012327583,0.48207644335133004
1,45.50922558279021,13.243503925791478,6.34756606568304,6.232990429726413,6.331789023286687,5.8820915554223445,6.724312914729403,6.435945945917692
1,56.69828153176917,9.527284897494868,9.110797167979129,-0.6765914158789279,9.117918330156684,-0.5153628399273753,8.965882696452528,-0.706614823480022
0,53.254899429855385,0.7626769735994694,8.260425111168912,-7.497748137569443,8.263516175148128,-7.500839201548659,8.049773546208886,-7.287096572609417
1,62.07753809960152,13.506144166894533,10.439249641828924,1.7670250245627557,10.44729863993008,1.9438607500616953,10.530138585115171,2.0964434997843533
0,58.19036616451219,11.68007281067998,9.479279967891289,2.2007928427886903,9.487314512407867,2.1927582982721123,9.39331694343612,2.2867558672438584
0,48.93295196001053,7.420736545611786,7.193083976615464,0.22765256899632202,7.187320643157545,0.23341590245424193,7.1452666338690705,0.2754699117427153
1,50.9544410738489,6.702640756480338,7.692307648190802,-1.8619402820718198,7.691211739566347,-1.8826844982713942,7.525177144001475,-2.117175932102165
0,69.62935649192882,12.198350898929313,12.304234458753955,-0.10588355982464215,12.302540736537857,-0.10418983760854417,12.451949826193488,-0.253598927264175
0,64.91743458996869,16.732057757141508,11.140585871200463,5.591471885941045,11.146484605530658,5.585573151610848,11.328119335535785,5.403938421605723
1,68.60383035949978,15.294290486897678,12.0509721890623,1.6925638884336731,12.051358528735847,1.6872952534377674,12.237077427238042,1.9439004720503696
0,56.3677959096672,12.846674998690853,9.029180974976077,3.817494023714776,9.036031701444879,3.8106432972459743,8.873058420189341,3.9736165785015114
0,46.09597934045833,6.67414961953332,6.4924698216362495,0.18167979789707012,6.478597194623634,0.19555242490968539,6.773817615858087,-0.09966799632476775
0,68.47168523794414,16.704581063572235,12.018337844255708,4.686243219316527,12.018974909000484,4.685606154571751,12.208000677704007,4.496580385868228
1,61.41866782392184,10.082039641548556,10.27653610760063,-1.4690375561026734,10.284823238831029,-1.2860662852435158,10.33852318710821,-1.174585339435465
1,51.93926398795562,10.868872769756925,7.9355179171288075,2.0232227214614547,7.936360995044516,2.04580570428611,7.739068582025242,1.770469018044503
0,50.691745394822895,12.503524822438845,7.627432749536846,4.876092072901999,7.625782560446332,4.877742261992512,7.471114029358308,5.032410793080537
0,62.20050286208848,6.620410632807785,10.469616820055558,-3.8492061872477725,10.477610501507801,-3.8571998687000155,10.565719004604906,-3.945308371797121
1,68.74902147677216,7.680904908915611,12.086828351803247,-5.9622593155121315,12.086934659165438,-5.974085515530929,12.2686712733309,-5.725088047539849
0,60.69585390983553,11.723288881928545,10.098031156183534,1.6252577257450103,10.106466571072353,1.6168223108561914,10.126949321654731,1.5963395602738135
1,58.64204542641844,8.042136751696034,9.590825945537006,-2.716490862869227,9.59903768283978,-2.5323445542875884,9.524719525229857,-2.6067400855492853
0,58.55240906140428,10.80513620592458,9.568689494273082,1.2364467116514977,9.57686973800996,1.2282664679146205,9.49858879535294,1.306547410571639
1,50.14090464157584,8.281293614950696,7.491398010884621,-0.05110367144282968,7.488534876662486,-0.11142481457913433,7.3621167037081,-0.2921641930934129
1,57.04426036188636,9.60968836332576,9.196239538495034,-0.6929305014044811,9.203617342524174,-0.5261923802084052,9.063869064463919,-0.6986905894953335
1,50.68433633092104,8.645103700845032,7.625603019137262,0.15761070678721545,7.6239369707779945,0.12410622202918731,7.469608360797109,-0.09464145437651617
1,64.01698157516441,12.763835466374635,10.918211455699348,0.4711980728717471,10.92498950767788,0.616934578267939,11.0815659277478,0.8698487733688776
1,71.45661881754268,12.936851327684613,12.755492197853101,-1.4790626900846835,12.749502656923719,-1.6331633623167843,12.782136073405894,-1.6425112680565235
1,45.78806502156821,3.2910307726290933,6.416427801051203,-3.799063655004569,6.401565493703783,-4.1293285217706215,6.74657854482996,-3.6435566839049107
1,65.42046858283835,19.45170952417135,11.264814329879005,6.758516154782859,11.2701419834018,6.8696080600330305,11.462432985469025,7.166216316005306
0,60.11394383040238,5.747610741796174,9.954323587148096,-4.206712845351922,9.962792504850558,-4.215181763054384,9.956094733335096,-4.208483991538922
0,68.29522382184808,18.221130444897156,11.974759219255057,6.246371225642099,11.97572493292863,6.245405511968526,12.168703121885597,6.052427323011559
0,46.74422143260442,8.697285298523658,6.6525586369039065,2.0447266616197517,6.640699445701858,2.056585852821799,6.839998183414455,1.8572871151092034
0,64.71193461366829,9.399818625864356,11.089835930488423,-1.6900173046240674,11.095951494498362,-1.696132868634006,11.27250889372798,-1.872690267863625
0,47.320414423530174,12.043182689272813,6.794854323037851,5.248328366234962,6.784704985114247,5.258477704158567,6.908508989249788,5.134673700023025
1,64.64513118378211,11.112980650032814,11.073338263836002,-1.3589309926125903,11.07952225679444,-1.2274400057496386,11.254343509862261,-0.951324081716777
0,56.49653019819945,9.137369500109747,9.060972985993478,0.07639651411626858,9.06793199312746,0.0694375069822879,8.909121506334547,0.22824799377520044
0,55.5213105806345,13.804496217566635,8.820134331587548,4.984361885979087,8.82617969325633,4.978316524310305,8.639274279288536,5.1652219382780995
0,52.16476615350544,12.502691697457395,7.991207566043222,4.511484131414173,7.99246375750797,4.510227939949425,7.790398182787744,4.712293514669652
1,55.21709176206269,15.045564034855785,8.745004945764956,5.264420109051326,8.75072127191658,5.395058929685613,8.556827209041357,5.13831492290759
0,58.831249993750575,7.7973735038226,9.637551598490447,-1.8401780946678468,9.645823845141079,-1.848450341318479,9.579952031970931,-1.7825785281483313
0,74.69028459311686,15.451363460991608,13.554073050986862,1.8972904100047465,13.53863025290434,1.9127332080872677,13.166964062941442,2.284399398050166
1,71.98491755364945,16.552496797458353,12.885959996528035,1.9858060253312857,12.878587691632772,1.7995219303356595,12.863583790278366,1.711008705056404
0,71.60600861041885,9.779354658886977,12.79238525870858,-3.0130305998216027,12.786011108847596,-3.0066564499606194,12.805843353051422,-3.0264886941644455
1,53.90847505519642,7.800334521986195,8.421831087140438,-1.6073294647714773,8.425893323422443,-1.5131624812681563,8.213437264505687,-1.8019067181266992
0,69.85292369259254,17.42206127435884,12.359446251879687,5.062615022479152,12.357267485148132,5.064793789210707,12.496124483791625,4.925936790567214
0,73.06297434872432,16.42485031411677,13.152195153432793,3.2726551606839784,13.141805280347224,3.2830450337695467,13.008245196567012,3.416605117549759
0,73.10209641358446,16.4835493812973,13.161856675092933,3.3216927062043684,13.151352352673104,3.332197028624197,13.012926529738063,3.470622851559238
0,68.86217070987168,18.7257345164878,12.114771502818598,6.610963013669203,12.114656271294827,6.611078245192974,12.293032219059203,6.432702297428598
1,46.840548483064815,8.77927068932718,6.676347408989624,1.3887968939344049,6.664779296689401,1.132789916598444,6.85082890442954,1.3915101778524068
0,71.19996054059375,11.12600780397417,12.692108286220082,-1.5661004822459113,12.686767732908027,-1.560759928933857,12.740189590460124,-1.614181786485954
1,57.70158686265072,14.666485316580127,9.358571824575101,4.176265101392422,9.366362629221504,4.351764433303252,9.252016039225461,4.217657288448308
0,59.758476429506416,16.762794574460578,9.866537934588399,6.896256639872179,9.874989629741547,6.887804944719031,9.851685400976484,6.911109173484094
0,73.46037201645886,13.758019722316364,13.250335836656761,0.5076838856596027,13.238767295728692,0.5192524265876717,13.05387421408018,0.7041455082361843
0,45.5582643374605,1.1984888543086338,6.359676596968317,-5.161187742659683,6.344061701228577,-5.1455728469199435,6.728061232468777,-5.529572378160143
0,67.87196726560938,10.08812310833294,11.870232466883582,-1.7821093585506418,11.871957760247746,-1.7838346519148054,12.072319618384897,-1.984196510051957
0,68.33863633040524,15.147830120779217,11.98548030192913,3.162349818850087,11.986365815685197,3.16146430509402,12.178420272178721,2.9694098486004954
0,67.03017943246242,8.62250260085871,11.662345909457047,-3.0398433085983374,11.665461434256917,-3.042958833398206,11.872238949782105,-3.2497363489233955
0,61.46344048825702,8.865651659749586,10.287593092138716,-1.4219414323891293,10.295867151207947,-1.4302154914583607,10.351588893659063,-1.4859372339094765
0,71.0849407549423,16.999893930077835,12.663703186581579,4.336190743496257,12.658648637593513,4.341245292484322,12.720900224504042,4.278993705573793
1,50.45939220437698,6.774900568380343,7.5700511826302606,-1.6483932463228177,7.567897724558967,-1.6928126548603748,7.424403658775205,-1.8968719894756143
0,70.07018244435756,9.783929222669183,12.413100120701204,-2.6291708980320205,12.410439163405233,-2.6265099407360495,12.538089486212737,-2.754160263543554
0,54.44899197212039,6.582530489611534,8.55531626792531,-1.972785778313776,8.560108675800912,-1.977578186189378,8.352904767100982,-1.7703742774894486
0,63.5165756803313,18.326262880673774,10.794632027847676,7.531630852826098,10.801819452185764,7.524443428488009,10.941609020691047,7.384653859982727
1,71.59150566466847,12.526897137495125,12.7888036347579,-1.927513661782788,12.782467044474442,-2.089694200052172,12.80356491556615,-2.118284384120683
0,53.20021970235939,3.9137577171422526,8.24692149438739,-4.3331637772451375,8.249926927395343,-4.33616921025309,8.036344536366599,-4.122586819224346
1,53.65653614566294,6.349942191290055,8.359612662826901,-2.9858182899702728,8.363311978822294,-2.8996902551809347,8.149675887609568,-3.1911935984234274
1,68.15598606683407,13.856016378820168,11.940373289197776,0.3821047916192981,11.941593353049427,0.396375885389709,12.137322878954764,0.6728945359436622
0,60.08887100549025,13.851270061134338,9.948131642989845,3.9031384181444935,9.95660028287609,3.8946697782582476,9.94872952612725,3.9025405350070876
0,58.40580610998094,8.400222456153891,9.532484667260992,-1.1322622111071006,9.540609485039901,-1.1403870288860105,9.455905967136257,-1.055683510982366
0,72.10426022008339,10.153082223193747,12.915432667790466,-2.762350444596718,12.907739254352485,-2.7546570311587377,12.881046744087563,-2.7279645208938152
0,71.77803668670026,5.149301380047348,12.834869033301942,-7.685567653254594,12.828045737470568,-7.67874435742322,12.832486900950649,-7.683185520903301
1,48.971924903110775,6.7033673760438965,7.2027086714077395,-1.2954024400765665,7.197044061927406,-1.4185884985661943,7.151760671960761,-1.4868470404362188
0,67.10437551072293,12.93464070753304,11.680669252557012,1.2539714549760284,11.683668682598528,1.2509720249345122,11.890299718905421,1.044340988627619
0,64.80410205069208,6.349357052724935,11.11259745118904,-4.763240398464106,11.118616947822394,-4.769259895097459,11.297501281206454,-4.948144228481519
1,46.1444719083778,9.555406099151469,6.504445467527763,2.3635929469569223,6.4907267476685435,2.059116242256378,6.778357330231394,2.462783228573133
1,55.146897431480646,14.759868079391897,8.727669867778609,4.998757654741485,8.733307300834257,5.12766504661629,8.537932749638424,4.868519218095365
0,61.10892354003174,12.939824296232487,10.200042161828408,2.739782134404079,10.208407308036561,2.7314169881959263,10.247990387801986,2.6918339084305014
0,69.0090454396719,18.17011098354116,12.151043447777667,6.019067535763494,12.150636325347191,6.019474658193969,12.324308547489823,5.845802436051338
0,56.88499277732922,9.415894793705334,9.15690707423329,0.258987719472044,9.164170099461854,0.2517246942434799,9.01866440144314,0.3972303922621947
0,73.45142472431894,8.964993987405826,13.248126227907363,-4.283132240501537,13.236584617454271,-4.271590630048447,13.052894259615217,-4.0879002722093905
1,73.82016503863511,8.121367107759276,13.339189737629278,-6.969104321631139,13.326523248888504,-7.278413222578726,13.091438009127266,-7.726247788375844
1,63.27946737024874,6.471891182828275,10.736076144311069,-5.6102592446647925,10.743437763190112,-5.4504030219773565,10.874657593083832,-5.231158118986482
1,72.59584618142222,18.150616333888195,13.036833939177221,3.4095661901702616,13.027783874428797,3.18426413997798,12.949224097964937,2.99111520432521
0,69.75636481235998,18.236430882833425,12.335600227489591,5.900830655343833,12.333632339055784,5.9027985437776405,12.477167423039226,5.759263459794198
0,61.254467173602414,11.523590715991244,10.235985381422406,1.2876053345688376,10.244316572784118,1.2792741432071253,10.29055946472636,1.233031251264883
0,55.58391257411529,8.854417948327438,8.835594418322358,0.018823530005079192,8.84170489138695,0.012713056940487633,8.656349534512623,0.19806841381481455
0,70.3688369535864,7.2838542886934,12.486855353716855,-5.2030010650234555,12.483514126117486,-5.199659837424086,12.594188033705295,-5.310333745011896
0,64.04775215894111,14.850542749772872,10.925810509141863,3.924732240631009,10.932561539606601,3.917981210166271,11.090108362453847,3.760434387319025
1,47.99764437398007,2.8238730600494084,6.9621019327578075,-4.8968365488881815,6.953866263573475,-5.077819935773709,7.000133895664009,-5.017393045289703
0,50.89942176984174,10.444510016629962,7.6787201701450645,2.765789846484898,7.6775094647310125,2.767000551898951,7.513745736771648,2.9307642798583142
1,48.08154392963101,10.642289217022114,6.982821630889681,2.8976346280409775,6.974815816307289,2.721821708012577,7.012290781129571,2.7698376888187184
1,48.18199036992311,0.2932918293618675,7.0076277208043,-7.480030229781405,6.999894998937761,-7.649700861099505,7.027073468901909,-7.616206473293294
1,65.52830037947376,11.926480927259746,11.291444295413017,-0.7974876971162335,11.296642079962782,-0.689479248890537,11.490871413778764,-0.39080809640049274
0,46.260327514040746,8.694551320321587,6.533056979920138,2.1614943404014486,6.5197038123871005,2.1748475079344862,6.789475590917592,1.905075729403995
0,61.27342445298749,9.050776663814634,10.240667040380108,-1.189890376565474,10.248993456347316,-1.1982167925326817,10.296100491928136,-1.2453238281135022
0,65.74286592990052,4.961453616267328,11.344433055601904,-6.382979439334576,11.349364600407934,-6.387910984140606,11.547067953630894,-6.585614337363565
0,70.94472635356416,11.924433166583103,12.629076065522877,-0.7046428989397739,12.624366121110533,-0.69993295452743,12.696980587562079,-0.7725474209789756
1,49.05536284520932,-0.1878967266111049,7.22331437020571,-8.210479778009436,7.217859965588864,-8.328944389193097,7.165780303934955,-8.406697562255381
0,48.898463984110634,-0.3978348033512029,7.18456688204588,-7.582401685397083,7.178715899107092,-7.576550702458294,7.139548936941431,-7.537383740292634
1,46.995366997553134,4.338180501175316,6.714581138126034,-3.096478584723858,6.703476455071557,-3.3420459736574024,6.868764444316858,-3.112875711494106
0,61.1950087166376,12.521613204745195,10.22130161736502,2.3003115873801754,10.229647259126445,2.2919659456187507,10.273174730477802,2.2484384742673935
0,60.599417066595485,4.577499708576288,10.074215269851098,-5.496715561274811,10.082661532386853,-5.505161823810565,10.098653700257529,-5.521153991681241
1,54.69727828248002,8.934780378055093,8.616632652273417,-0.6980084903428807,8.621738312317802,-0.5807962277808407,8.418121000335908,-0.8535790649204422
0,71.87069497700129,14.516511135760908,12.85775177433147,1.6587593614294374,12.850683784117473,1.6658273516434363,12.846543147696238,1.6699679880646698
1,57.82398750607853,16.05154571435254,9.388799688874203,5.526392287165594,9.396656603421576,5.703276102293801,9.28730089307976,5.5766618709197395
0,59.56335143632792,9.705449217016781,9.818350182874159,-0.11290096585737786,9.826780272521878,-0.12133105550509704,9.7944011187154,-0.08895190169861955
1,58.982369214993454,13.918222982687675,9.674871756169273,3.0624667687806397,9.683186515074874,3.2486143567945707,9.62413292103387,3.196778906229948
1,74.67010130078046,17.972530196541832,13.549088617859976,2.639486483216686,13.533712159347942,2.267297492624852,13.165464813989518,1.6049143972757633
1,73.35140092702508,14.504912129284085,13.22342451322183,-0.4517737608320527,13.212182731787276,-0.7280019296706861,13.041789495308425,-1.0709815173984545
0,50.677137022143576,2.5939592777352267,7.623825089522857,-5.02986581178763,7.6221436189848975,-5.028184341249671,7.468146333782597,-4.87418705604737
1,62.124524433914665,9.869419863320946,10.450853310712967,-1.8831092050672762,10.458881575435834,-1.7067968397502185,10.543741870973202,-1.551386558618841
1,55.977298755101046,8.761582376577412,8.932744431287707,-1.2365250496417808,8.939243770290185,-1.0887681692015185,8.764456496226542,-1.3151969589232362
0,54.78796473319216,4.796445084957452,8.639028430997493,-3.8425833460400414,8.64424502929264,-3.8477999443351854,8.44211272609607,-3.645667641138618
1,59.266882337433344,11.695423324374154,9.745134655248709,0.7584669064124707,9.753515433368193,0.9458276031982731,9.707445648990676,0.9130974409982251
0,52.683663990847904,4.833569848755518,8.119353734012801,-3.285783885257283,8.121516841840533,-3.287946993085013,7.911613118189108,-3.07804326943359
0,50.94632401320816,10.554493963618004,7.690303072065346,2.864190891552658,7.6891902704005775,2.8653036932174274,7.523487078169383,3.0310068854486207
0,53.576059072657294,3.413812505220004,8.339738175455942,-4.925925670235937,8.343318537663919,-4.929506032443914,8.129483420576141,-4.715670915356137
0,59.303454950406646,6.122059389172849,9.754166568407502,-3.6321071792346533,9.76255450472399,-3.6404951155511416,9.718165755096596,-3.596106365923747
0,69.07107072538045,15.97804748062616,12.166361111696785,3.811686368929374,12.165829258021313,3.8122182226048444,12.337397846081213,3.640649634544946
0,54.045891744872485,13.050204414589992,8.45576728985664,4.594437124733352,8.46002142443595,4.590182990154041,8.24855620898071,4.801648205609281
0,57.308865987508064,8.947595003194763,9.261586114461268,-0.31399111126650503,9.26914192484433,-0.321546921649567,9.139316699139851,-0.1917216959450876
1,73.96905841024265,21.907142239091925,13.375960203093724,6.774176558282679,13.362830783166565,6.4541222851047415,13.105917682206801,5.971011253105926
0,48.214006151068965,4.484985470996908,7.015534286168699,-2.530548815171791,7.007888128793221,-2.5229026577963127,7.031837174049745,-2.5468517030528366
0,74.79268879296819,12.827759822592183,13.579362626025654,-0.751602803433471,13.563581820219516,-0.7358219976273332,13.174381745848692,-0.3466219232565084
0,73.79282819573515,13.68590083026703,13.332438675262248,0.35346215500478273,13.319856635845548,0.36604419442148206,13.088711225126218,0.5971896051408123
0,67.31638117351108,9.864305170435546,11.733025827048227,-1.8687206566126804,11.735686668440389,-1.8713814980048422,11.94146431242562,-2.077159141990073
0,70.04343295736884,13.230524534571078,12.406494110796995,0.824030423774083,12.403893098509593,0.8266314360614846,12.532974614019267,0.6975499205518112
0,56.39116399427468,10.492805917973932,9.034951919234725,1.457853998739207,9.04182257950252,1.4509833384714117,8.87959540987428,1.6132105080996517
0,68.257670448766,10.802346014290729,11.965485099171138,-1.1631390848804095,11.966519844734986,-1.1641738304442573,12.160271718950973,-1.3579257046602446
0,66.79329347718125,14.495499792871332,11.603844938301409,2.891654854569923,11.607322784058349,2.888177008812985,11.81405305889473,2.6814467339766015
0,74.71192754358471,11.858997995013455,13.559417958917514,-1.700419963904059,13.543903921189091,-1.6849059261756363,13.16855812853899,-1.309560133525535
1,66.02959622234255,6.1351190800650794,11.415243503387588,-6.731919657856512,11.419803006467758,-6.639035869930089,11.621323158033737,-6.333516334494377
1,74.45231301490195,19.46047273887428,13.49530397615299,4.1895859239810616,13.480637494257584,3.83386559358407,13.14851258381983,3.2295377469445548
0,70.17999543438299,10.161242175326962,12.440219358540219,-2.2789771832132573,12.43731061656711,-2.276068441240149,12.558932625821008,-2.3976904504940464
0,52.87743827631556,8.253556592707312,8.167207917142369,0.08634867556494363,8.169694078859793,0.08386251384751908,7.957943399200969,0.29561319350634285
1,47.58092227608684,5.750633726178753,6.859188919616807,-1.851143163266574,6.8497879853173975,-2.058347613874517,6.942365540607401,-1.9324150023948121
1,55.4876375796964,14.05464081871059,8.811818501912185,4.196282965444386,8.817828474117869,4.333356605981075,8.630104801404885,4.086521500103828
0,45.50773775461495,9.669612405757425,6.3471986340509625,3.3224137717064623,6.331416663647483,3.338195742109942,6.724200315810972,2.945412089946453
1,51.60301615957026,4.268652940139585,7.852478699011506,-4.4810317901287995,7.852684415940085,-4.472677733824851,7.6641173174438375,-4.736887091960238
0,57.96572562223281,4.831363897897609,9.42380310406171,-4.592439206164101,9.431732338312965,-4.600368440415356,9.328246486854402,-4.496882588956793
1,56.11233575615,11.50678092995644,8.966092949961734,1.470133868215095,8.972717703342676,1.6206186670328506,8.80187289467321,1.4003387640360305
0,49.22455531235963,2.7547381934151307,7.265097867368988,-4.510359673953857,7.260064874070419,-4.505326680655288,7.194691733217615,-4.4399535398024845
1,57.671722860528455,7.812119771157742,9.351196659066986,-2.6695772411442027,9.35897081951997,-2.494427468845516,9.243417976070841,-2.630347852475915
0,58.971397213149984,8.96225392477855,9.67216212839669,-0.7099082036181414,9.680473974627308,-0.7182200498487585,9.62092336340522,-0.6586694386266707
0,64.06016387445445,17.459928300615207,10.92887568626634,6.531052614348868,10.935615756629995,6.5243125439852125,11.093551876313914,6.3663764243012935
1,68.24556530751715,17.620323229140592,11.962495633129585,4.120845676615703,11.963552562785159,4.131291409717466,12.157548832759982,4.404247894979024
0,49.88680691613367,5.091241289615939,7.428646448897075,-2.3374051592811353,7.4252006601533065,-2.333959370537367,7.313905002458876,-2.2226637128429365
0,68.28840439184238,15.123104218781489,11.973075103885751,3.1500291148957373,11.97405337697392,3.1490508418075684,12.167173807377889,2.9559304114035996
0,47.8687394483604,8.817354496469942,6.930267781482164,1.8870867149877784,6.92167585646166,1.895678640008283,6.981796812089822,1.8355576843801202
0,50.46169641450652,9.570272921975288,7.570620226625142,1.9996526953501466,7.5684718193494485,2.0018011026258398,7.424861681590932,2.145411240384356
0,50.15426565676507,6.9781776992166735,7.494697625516766,-0.5165199263000924,7.49186472435463,-0.5136870251379575,7.364688565930081,-0.3865108667134072
0,48.24763616281939,14.566404534937178,7.023839499304025,7.542565035633152,7.016284021283903,7.550120513653274,7.036867980925333,7.529536554011845
0,53.4227822295674,10.496695931720463,8.301885174986639,2.1948107567338244,8.305234924969993,2.1914610067504707,8.091264988270812,2.4054309434496517
0,61.96102712091557,15.6817368131254,10.410476279578166,5.271260533547235,10.418574535172482,5.263162277952919,10.496367965756217,5.185368847369183
1,58.39681051341858,15.405458799484173,9.530263129329805,4.716821366061152,9.538384387840434,4.899154016108708,9.453289268111245,4.808764088847141
0,51.55156658722114,9.392888363065236,7.839772796103952,1.5531155669612842,7.839878733736704,1.5530096293285318,7.652820705938348,1.7400676571268878
1,51.99647637835843,9.010019769152617,7.949646996232409,0.1480412726811089,7.950595974646139,0.17298705515074175,7.752011889742133,-0.10396410823624258
0,74.61955497932465,19.178005146893305,13.536605780327458,5.641399366565848,13.521395055910176,5.656610090983129,13.161656513732261,6.016348633161044
0,63.94708039263576,18.537468469141253,10.900948773080618,7.636519696060635,10.907787413577278,7.6296810555639745,11.062131716769478,7.475336752371774
0,71.05377564960577,14.144053168490077,12.656006702734782,1.4880464657552945,12.65102913254551,1.4930240359445666,12.7156219579853,1.428431210504776
0,45.04652760703778,5.838580728771767,6.233298924344345,-0.3947181955725778,6.215965189444637,-0.3773844606728698,6.692525368294681,-0.853944639522914
0,62.027769133023575,10.306843576744964,10.426958778595743,-0.12011520185077984,10.435029193292158,-0.12818561654719396,10.515719752069957,-0.2088761753249937
0,68.51716440008356,11.52181700533754,12.029569304345195,-0.5077522990076542,12.030120525177367,-0.508303519839826,12.218042042011252,-0.6962250366737113
1,72.52721791124836,20.74584987550553,13.019885612928258,6.0243862784264515,13.011028227774297,5.8035635808816295,12.940074419263517,5.62288925782004
1,62.486960768670414,17.33925599307773,10.540359999871194,5.4832873923171395,10.548211550520723,5.655178793177958,10.648343522084105,5.831854497775101
0,73.26519425238352,6.6392261858048975,13.202135052727462,-6.562908866922564,13.191149866563823,-6.551923680758925,13.03199940364707,-6.392773217842173
1,46.0359764556498,8.764703361507092,6.477651606561944,1.603854872119534,6.463587804276563,1.291597469167737,6.76829392386639,1.7196815443753035
0,52.819418673330006,10.055150687861264,8.15287949012908,1.9022711977321833,8.155269814422864,1.8998808734384003,7.944012312412209,2.1111383754490554
0,48.74030286544191,4.250409496219895,7.145507668804638,-2.895098172584743,7.139251280888386,-2.8888417846684913,7.113679057288195,-2.8632695610683
0,74.58364224744327,18.193111948669248,13.52773683033243,4.665375118336819,13.512643507384952,4.680468441284296,13.158904281007207,5.0342076676620415
0,54.49397365963453,7.754475236706481,8.566424872488518,-0.811949635782037,8.571275066191555,-0.816799829485074,8.364667951715505,-0.6101927150090241
0,50.873630176204045,6.088543724348262,7.672350720028591,-1.5838069956803293,7.671085965174552,-1.5825422408262906,7.50840663191941,-1.4198629075711482
0,62.89564679846697,10.551936983479685,10.641288438674005,-0.0893514551943202,10.64890507971942,-0.09696809623973479,10.765505226189314,-0.21356824270962882
0,57.6325467766347,11.379141781323144,9.341521796953952,2.037619984369192,9.34927381735941,2.029867963963733,9.23214557879566,2.1469962025274842
0,51.28712580737754,10.37671825496672,7.774466930183607,2.602251324783113,7.774050573328336,2.6026676816383834,7.595496243574338,2.781222011392382
0,56.412408303738246,8.85887348086791,9.040198379429778,-0.1813248985618685,9.047087054643008,-0.18821357377509784,8.88554188163318,-0.02666840076527066
1,57.7854512520736,5.600337877852086,9.379282838112353,-4.913817280918037,9.387119304358004,-4.737360990317681,9.276184268810626,-4.86634468606151
0,73.50405475575462,18.02875664565961,13.261123655075576,4.767632990584033,13.249423373334517,4.779333272325092,13.058626895755031,4.970129749904578
1,51.16591614532988,8.54041687975254,7.7445331887137145,-0.08451926231634488,7.743872144644993,-0.0955364960390277,7.569640808812728,-0.3409492684081421
0,59.503011961852394,5.837506139372295,9.803448844161828,-3.9659427047895326,9.811870509127482,-3.974364369755187,9.77669414962139,-3.9391880102490946
1,65.40487588181784,10.800562719813424,11.260963581735004,-1.8881804839947556,11.266309796902604,-1.776647684002917,11.458310082352199,-1.4803543874459688
1,61.62952702554947,12.18829886388082,10.328609553903842,0.5770423323129936,10.336831159989366,0.7582944613755593,10.400005213985429,0.8832002034042805
0,65.2658400057593,5.615319351237604,11.226627507377005,-5.611308156139401,11.232136799999084,-5.616817448761481,11.421430266361574,-5.80611091512397
0,57.46451112384722,8.89012677178551,9.300023984788721,-0.4098972130032106,9.307677102920774,-0.4175503311352635,9.183884401718537,-0.293757629933026
0,67.26861302344399,15.747735464298684,11.721229082214132,4.026506382084552,11.723967100221937,4.023768364076746,11.929993892610039,3.8177415716886447
0,47.55434133930739,1.5195678725658168,6.8526245345987995,-5.333056662032982,6.843147940184982,-5.323580067619165,6.9388305102929095,-5.419262637727092
0,67.9940620675626,14.141248222849754,11.900384801068359,2.2408634217813947,11.90189514108872,2.239353081761033,12.10042474792261,2.0408234749271443
1,52.14294779337976,15.818099180540903,7.985819339228083,6.914317660413017,7.987036062732493,6.945235335351406,7.785395302873181,6.66451212766267
0,46.274621069325214,7.9511057382621315,6.536586893141104,1.4145188451210275,6.523278614802941,1.4278271234591893,6.790873778171834,1.1602319600902975
0,52.21629239475744,13.538875533980075,8.003932402978633,5.534943131001443,8.005281374529941,5.533594159450136,7.8022436712636365,5.736631862716439
0,67.16047499267813,15.069124904484749,11.694523489596147,3.374601414888602,11.697434313901454,3.3716905905832952,11.903902603449385,3.1652223010353637
0,73.31306544937712,14.599515355629917,13.213957245863329,1.3855581097665883,13.202829778039572,1.396685577590345,13.037460896690046,1.5620544589398708
0,60.97772681314064,6.511126354365969,10.167642031029349,-3.6565156766633793,10.176033678360456,-3.6649073239944867,10.209578611985991,-3.698452257620022
0,54.256453487859645,4.278578951239079,8.507767276256644,-4.229188325017565,8.512307166528823,-4.2337282152897435,8.302820627444811,-4.024241676205732
0,53.63438099763797,9.479151037779076,8.354141263418612,1.1250097743604641,8.35780797786695,1.1213430599121263,8.144108380604393,1.3350426571746823
0,60.955557188926555,13.717921520551222,10.162167056604881,3.555754463946341,10.170562797522548,3.5473587230286743,10.203084492518848,3.5148370280323746
1,45.791347880497725,6.752177765207895,6.4172385305658155,-0.3388535921978404,6.402386887907449,-0.6688779250855026,6.746854375185251,-0.18388736091144953
0,54.898548054007456,8.251944318695694,8.666337908478468,-0.4143935897827742,8.671687267758392,-0.41974294906269805,8.471489069829936,-0.21954475113424188
0,69.71755599394447,14.031231148573672,12.326016064663158,1.705215083910515,12.324132337952934,1.7070988106207388,12.469495799590211,1.5617353489834613
1,53.050332336968005,12.026216681623424,8.209905553830897,2.863467105950175,8.212672788221646,2.928906196930834,7.999750747195433,2.6358460392366023
0,50.70693116741645,13.100427529469558,7.631183003296792,5.469244526172766,7.6295652808863625,5.470862248583195,7.474203387630551,5.626224141839007
0,60.63807340656409,9.39132786166099,10.08376177684769,-0.6924339151866992,10.092203943780305,-0.700876082119315,10.10999720897851,-0.7186693473175207
1,47.1078428413679,8.11996260001111,6.7423579900162345,0.6532028454656,6.731586588408786,0.4151420421934313,6.882199314330868,0.6234428158561816
0,51.40703745727357,9.586696429771965,7.804080116678627,1.7826163130933388,7.803902556423988,1.782793873347977,7.62133597374272,1.965360456029245
1,64.50842350315189,11.73327735524362,11.039577156843356,-0.6996178389940066,11.045898037151249,-0.5648526886659173,11.217039362064567,-0.2933149432612048
0,49.982158741911846,12.49078077326742,7.452194381077628,5.038586392189793,7.448968949310065,5.041811823957356,7.3318400490358115,5.158940724231609
0,68.42691317023643,5.426175931361185,12.007281007059774,-6.581105075698589,12.008002124008605,-6.58182619264742,12.198080525984155,-6.77190459462297
0,71.68146314034327,5.09525143506042,12.811019386989553,-7.715767951929133,12.804449058035775,-7.709197622975355,12.817616733147954,-7.722365298087534
0,70.04710314475724,15.3371503502099,12.407400494319354,2.9297498558905453,12.404791266804008,2.932359083405892,12.533677274174044,2.8034730760358553
0,55.17879066320309,9.50382585282896,8.735546168536247,0.7682796842927129,8.741219585327737,0.7626062675012228,8.546511422411186,0.9573144304177745
0,58.88016857210746,9.657271277954024,9.649632451228356,0.0076388267256675135,9.657919024939254,-0.0006477469852299578,9.594247730838656,0.0630235471153675
0,61.13224474638794,11.106570910286305,10.205801529110186,0.9007693811761186,10.214161556956684,0.8924093533296205,10.254814657497572,0.8517562527887321
0,51.885879776634894,13.96304942343738,7.922334238919884,6.040715184517495,7.923077834522756,6.039971588914623,7.727040695979145,6.236008727458234
0,72.63457946631168,9.924684726280056,13.04639944836662,-3.1217147220865638,13.037240166336076,-3.1125554400560205,12.954334592108172,-3.029649865828116
0,58.066104422809474,10.194871818303788,9.448592489781952,0.7462793285218368,9.456570191885236,0.7383016264185525,9.357297077489136,0.8375747408146523
0,50.22776545740744,3.746566297997479,7.512849017025904,-3.766282719028425,7.5101817077579485,-3.76361540976047,7.378901517284996,-3.632335219287517
0,72.64368883790682,9.846065960109833,13.048649083995295,-3.2025831238854625,13.039464066731316,-3.1933981066214834,12.95553086232705,-3.1094649022172174
0,63.103719606527264,15.897768972794182,10.692673761742906,5.205095211051276,10.70015628897706,5.1976126838171215,10.824791405595963,5.072977567198219
0,53.0262570551748,2.97337823240338,8.203959961302727,-5.230581728899347,8.206688461922305,-5.233310229518924,7.993903017860069,-5.02052478545669
0,52.92981551915475,2.955103455361712,8.180142916048954,-5.225039460687242,8.182714941058213,-5.227611485696501,7.970562483438718,-5.0154590280770055
0,65.8032088551158,13.794091466556477,11.359335246503328,2.434756220053149,11.364190039579478,2.4299014269769987,11.562776401720388,2.231315064836089
0,61.92604087371351,3.745628419410711,10.401836132736273,-6.656207713325562,10.409948580005192,-6.664320160594482,10.486216778974303,-6.740588359563592
0,51.91124148891495,7.475655987263168,7.928597526233783,-0.45294153897061484,7.929388464169443,-0.45373247690627405,7.7327489280935175,-0.2570929408303497
0,74.8976782824233,10.399133370561191,13.605290659990217,-3.206157289429026,13.589160850322349,-3.190027479761156,13.181657046107173,-2.7825236755459812
0,46.8324942360348,9.200651865714503,6.674358345211553,2.52629352050295,6.662765975185925,2.5378858905285773,6.849913611037561,2.3507382546769424
1,56.62526047618456,9.49559816833226,9.092764006572667,-0.6874378949929323,9.099827542226103,-0.5274513079141006,8.945305295497112,-0.7225163417306355
1,72.24698800421646,16.981218980621055,12.950680489776225,2.339733155526858,12.942598816034785,2.1369480580509936,12.90146840596099,2.0053057359627076
1,71.09048755469667,13.914537467435,12.665073015248929,-0.396882483421221,12.660004742457055,-0.5295261329164465,12.72183735165966,-0.48991365650573115
0,52.24660659219908,6.450445658692717,8.011418747992353,-1.5609730892996367,8.012822023815755,-1.562376365123038,7.809232730167123,-1.3587870714744064
0,50.651074615037246,0.3149848919357003,7.617388759751578,-7.302403867815878,7.615651360928251,-7.300666468992549,7.4628619909296585,-7.147877098993958
0,48.7974166354826,9.00754482136548,7.159612392783627,1.8479324285818528,7.153503053957848,1.854041767407633,7.122954145768258,1.884590675597222
0,67.40671724929409,9.366689270522082,11.755335077748308,-2.3886458072262258,11.757848556547884,-2.391159286025802,11.963063304670527,-2.596374034148445
1,68.17740419019461,15.005155003043097,11.9456626741908,1.5251306714723771,11.946843898277042,1.538490910486395,12.142171035746802,1.8141766872911855
0,71.06048836250709,9.754984056641916,12.657664463421142,-2.9026804067792256,12.652670331183723,-2.8976862745418064,12.716760710031487,-2.9617766533895704
0,66.38521649473117,13.313535321831576,11.503066908843069,1.8104684129885076,11.507139145802702,1.8063961760288727,11.712013885653382,1.601521436178194
0,63.22782290900611,8.401722000188132,10.723322111958591,-2.3216001117704597,10.730719985365784,-2.3289979851776526,10.860024782048486,-2.458302781860354
0,72.07350275062873,19.78537041136496,12.907836853039644,6.8775335583253145,12.900226505158695,6.885143906206263,12.87657969650626,6.908790714858698
0,73.98581608433706,17.531506596755072,13.380098651097823,4.151407945657249,13.366916815142568,4.164589781612506,13.107507795931928,4.423998800823144
0,62.88265694111748,12.376859579950974,10.63808048457974,1.7387790953712337,10.645705173471844,1.7311544064791313,10.761795493680244,1.6150640862707295
0,68.25549790695032,12.614170536308295,11.964948571769407,0.6492219645388886,11.965987301211795,0.6481832350965,12.159783216899042,0.45438731940925337
0,68.37994563696317,9.634883580595025,11.995681981250035,-2.3607984006550105,11.996490784673876,-2.361607204078849,12.187636904669336,-2.5527533240743114
1,71.32435552764967,12.390760931315253,12.722828670385647,-1.9874050696450123,12.717175432126284,-2.133674453695402,12.760710298494685,-2.1247884885591297
0,64.89002452646037,9.110268720429092,11.133816726390794,-2.023548005961702,11.139744934095244,-2.029476213666152,11.320725823589008,-2.210457103159916
1,73.61013543835477,11.25603883931792,13.287321168328718,-3.7744900248437787,13.2752991656804,-4.0688365102189366,13.069948679058598,-4.468535989915939
1,63.7936025724746,13.495480835293844,10.863046139639891,1.2665959339234352,10.870013932958265,1.4169061890963182,11.019325522611327,1.6603051376419948
0,60.39682310718948,9.424067934406969,10.024182994356126,-0.6001150599491574,10.032645193313638,-0.6085772589066689,10.039179710642143,-0.6151117762351745
0,58.06454331705874,12.167553116484813,9.448206961638732,2.7193461548460807,9.456183927411406,2.711369189073407,9.356844955026443,2.81070816145837
0,60.469121267139286,10.274554133074108,10.042037630629556,0.23251650244455213,10.050495207965856,0.22405892510825254,10.060407782919878,0.21414635015423045
1,57.779651058675306,11.826733170067731,9.377850431761846,1.3142333897330882,9.385683791192895,1.4906246671087953,9.274511677842135,1.3612851556306609
0,46.952482232291594,12.259247959618548,6.703990386079955,5.555257573538594,6.692757875958337,5.566490083660211,6.863731426190199,5.395516533428349
0,74.6962069111904,19.118253315631275,13.555535617049014,5.5627176985822615,13.540073335674226,5.578179979957049,13.167401659229867,5.950851656401408
0,62.57470241685192,15.792086158284285,10.56202853494041,5.230057623343875,10.569832837486516,5.222253320797769,10.67357196197065,5.118514196313635
0,59.64243837150916,3.9410386741553527,9.83788136406358,-5.896842689908228,9.846321248726957,-5.905282574571604,9.81761532474535,-5.876576650589998
0,50.987199384704645,6.146908273084193,7.7003975874875605,-1.5534893144033672,7.6993697032561546,-1.5524614301719613,7.532010344482817,-1.3851020713986237
1,71.5366043501052,18.382074788550195,12.775245295193779,3.943332855112903,12.769050456779098,3.7844523262788403,12.794894737663606,3.763773378906624
0,49.89577070725754,6.87221288148157,7.430860132208776,-0.5586472507272067,7.427435146269838,-0.5552222647882683,7.315582950221781,-0.44337006874021156
0,58.798666114375806,13.86268586343332,9.629504736509205,4.233181126924116,9.637767139759676,4.224918723673644,9.570433267368712,4.292252596064609
0,74.48973605788161,21.183244923599975,13.504545910126286,7.67869901347369,13.4897581948321,7.6934867287678745,13.15152593355527,8.031718990044705
0,63.36118000685781,6.551660272495605,10.756255764464761,-4.204595491969156,10.763558788362323,-4.21189851586672,10.897773780235502,-4.346113507739897
1,66.13773476028567,13.698723017873226,11.441949221257246,0.8008214808235987,11.446363581380021,0.8902720882156796,11.649069018806752,1.1966528283993227
1,70.28210444208776,16.76151654117686,12.46543603340546,2.6808095821688163,12.462294442659859,2.5930843675103077,12.578088617934169,2.724512226040808
0,50.74776754381956,11.474179120539814,7.641267888554021,3.8329112319857934,7.639737214206724,3.8344419063330903,7.482533054317425,3.9916460662223887
1,66.26927541890558,16.075065085657698,11.474434288878006,3.1396217711679952,11.478668529845052,3.2248146531320376,11.682622387326516,3.5319361819901367
0,59.6387854136007,15.1724898215649,9.836979235505634,5.335510586059266,9.845418698913157,5.327071122651743,9.816542951158201,5.355946870406699
0,59.40532051414469,4.272835895932894,9.779323122745724,-5.506487226812831,9.787729401712383,-5.514893505779489,9.748035242349184,-5.47519934641629
0,72.29361047931708,14.8037337324686,12.962194300579522,1.8415394318890783,12.953984801891698,1.8497489305769026,12.908028963056701,1.8957047694118998
1,70.61855355066187,10.785849321914323,12.548524959351589,-3.390880400599098,12.544599442790892,-3.4968898373228683,12.63964640822347,-3.401020830473641
1,65.3807428835043,16.175152452868467,11.255003735628618,3.4932968202580774,11.260378570426084,3.605509517436875,11.451923763373086,3.901307121376828
1,51.298451050202914,11.042548537671662,7.777263793775926,2.3797868597267406,7.77687012953386,2.3747477172011937,7.597925664443701,2.1231049417464884
0,57.46599761756868,11.025026552934614,9.300391086866256,1.7246354660683583,9.308045107919922,1.7169814450146923,9.184310685352068,1.8407158675825457
0,48.73509496916725,9.97839133510528,7.1442215351907485,2.834169799914532,7.137951701951336,2.840439633153945,7.112837087983262,2.8655542471220183
1,54.29704774968919,13.205128099300756,8.517792369291628,3.686565248503717,8.522386197304536,3.79248696741997,8.313343836352507,3.5102696068712174
0,58.776884278446985,14.677851173177352,9.62412552965046,5.053725643526892,9.632381218795116,5.045469954382236,9.564071660626158,5.113779512551194
1,58.15871906179391,10.26336608875045,9.47146445075316,-0.3573199113966776,9.479484850103956,-0.17704583829246268,9.384137543575644,-0.282705242545072
0,47.39798024416986,3.630690636512568,6.814009852248182,-3.183319215735614,6.804084955375277,-3.173394318862709,6.918405314976809,-3.287714678464241
1,51.40698235219247,7.4393014297604045,7.804066508017211,-1.2544351423907782,7.803888838771267,-1.254646590142797,7.621324040047912,-1.511044478000394
0,48.91634272211862,4.851506561249462,7.188982186175089,-2.337475624925627,7.183176674750021,-2.331670113500559,7.142509613083371,-2.2910030518339095
1,57.52136161652954,3.5275786443237744,9.31406369021847,-6.911205184958986,9.321750984306266,-6.737885514376629,9.200195860793459,-6.8828421411948835
0,52.683536720912734,5.83638424433857,8.119322303636114,-2.2829380592975443,8.1214851964925,-2.2851009521539307,7.91158287453235,-2.07519863019378
0,61.81902695476927,6.058426655869075,10.375408148949822,-4.316981493080746,10.383562286117154,-4.325135630248079,10.455138301345576,-4.3967116454765005
0,65.76180795192593,14.40666053989564,11.34911094662682,3.0575495932688206,11.354018487285007,3.052642052610633,11.552003529061693,2.8546570108339466
0,53.3594046342021,8.94551148403878,8.286233546868887,0.6592779371698931,8.289486389195561,0.6560250948432191,8.075555709217628,0.8699557748211522
1,59.93331290178604,8.284475071222642,9.909715266100703,-2.842681002029545,9.918179004186129,-2.654118514988566,9.903034671830104,-2.6416462062014023
1,50.73539605539703,15.498239230859886,7.638212645846618,6.996173762918019,7.636655639889074,6.965110376520061,7.480006177108319,6.743229766594187
0,60.215530932172925,10.747197127756015,9.979411372970644,0.7677857547853719,9.987879960941754,0.7593171668142613,9.985935302119753,0.7612618256362627
0,71.69848224670912,13.414898202495408,12.81522239788322,0.599675804612188,12.808607641848022,0.6062905606473876,12.820253512961528,0.5946446895338795
0,66.82144090126168,10.020211080368686,11.610796180481556,-1.59058510011287,11.614231638848233,-1.5940205584795475,11.821008011021071,-1.8007969306523854
0,64.84777541914977,16.883180443236164,11.12338295540089,5.759797487835273,11.129356259663021,5.753824183573144,11.309315101351617,5.573865341884547
0,59.775254225290624,11.920079467775269,9.870681351812364,2.049398115962905,9.879134502585636,2.0409449651896328,9.856612342153964,2.0634671256213046
0,72.2713524018705,15.474613830405495,12.95669748188828,2.5179163485172147,12.948549069560839,2.5260647608446547,12.90490368491073,2.5697101454947653
0,53.0812520246405,6.932261743704811,8.217541429729588,-1.2852796860247766,8.220358217255281,-1.2880964735504703,8.007273210479033,-1.0750114667742219
0,73.57634667607806,16.374251517644677,13.278976750421002,3.0952747672236747,13.26705749842619,3.107194019218486,13.066376361519081,3.3078751561255952
0,56.86056216544912,11.5858804634126,9.150873729963402,2.435006733449198,9.158118641260316,2.4277618221522843,9.011744796061224,2.574135667351376
0,62.72704727318207,6.867060516003841,10.599651373471726,-3.732590857467885,10.607369502648034,-3.7403089866441928,10.717280846494685,-3.850220330490844
1,71.34164791103757,17.925260954592595,12.727099169329271,3.5421596977550376,12.721402187015808,3.394871578543489,12.76353465829465,3.4014090334806184
0,45.75847172789901,6.299256359983117,6.409119489263418,-0.10986312928030095,6.394160935156769,-0.09490457517365236,6.744106373698065,-0.44485001371494803
0,47.903561840265176,2.3418529593716677,6.938867462885705,-4.597014503514037,6.930372147419032,-4.588519188047364,6.986709468861935,-4.644856509490268
0,61.048441023718695,15.45104967255241,10.185105497735975,5.265944174816434,10.193483344885705,5.257566327666705,10.23028660129184,5.220763071260569
0,74.64180943744894,19.7719926898047,13.54210170519674,6.229890984607961,13.526818082837027,6.245174606967675,13.163342661587805,6.608650028216896
0,49.132499988279655,12.017538941254465,7.242364033899066,4.775174907355399,7.237102559586529,4.780436381667936,7.178881580483042,4.838657360771423
0,46.3090543665146,2.6187504008049496,6.545090484345061,-3.9263400835401114,6.531890154687589,-3.9131397538826382,6.794265815191077,-4.175515414386127
0,51.007244165113626,9.49456477714266,7.705347813933595,1.789216963209065,7.704361434050171,1.7902033430924895,7.536201465059818,1.9583633120828416
1,51.89648960417684,7.889990674412472,7.92495442471461,-0.9434515408615791,7.925717843228451,-0.922646152224651,7.729427364339493,-1.1967234589074423
1,71.22228454263248,15.179364604631768,12.697621385541634,0.8303297198055439,12.692224975323892,0.6900420548253763,12.743898441032787,0.7125748499527056
1,51.99861797379774,14.600428260940776,7.950175881167244,5.737838551934734,7.951128809310405,5.762872450706384,7.752497446282856,5.485862402170925
0,58.53936075477954,15.087106728485749,9.565467105640636,5.521639622845113,9.573642613331705,5.5134641151540436,9.494787019403384,5.592319709082364
0,61.19728193423886,14.059917905642628,10.221863007495404,3.838054898147224,10.230208111492026,3.8297097941506024,10.273839537185246,3.7860783684573818
0,60.76623217801074,6.3131755694051375,10.115411659099442,-3.802236089694304,10.123837829627814,-3.810662260222676,10.147591634566496,-3.834416065161358
0,72.8087295082579,6.353787538414126,13.089407260157557,-6.735619721743431,13.079752729281644,-6.725965190867518,12.97683137088315,-6.623043832469024
0,60.74950769339699,14.401888042975491,10.111281407515634,4.2906066354598575,10.119709876341474,4.282178166634017,10.142686870753232,4.259201172222259
0,74.9027005110956,11.990516828013558,13.606530941434286,-1.6160141134207286,13.590384374486787,-1.5998675464732273,13.181996659166256,-1.191479831152698
0,69.05865804836667,9.23746534465326,12.163295697121718,-2.9258303524684575,12.162788874672989,-2.9253235300197282,12.334784062029598,-3.0973187173763375
0,69.34739712393932,4.8659921556651184,12.234602230729978,-7.3686100750648595,12.233504116785232,-7.367511961120112,12.39483930154934,-7.528847145884221
0,69.89411995129537,15.163308139697229,12.369620013085722,2.7936881266115066,12.3673506345277,2.795957505169529,12.504155421797725,2.659152717899504
1,74.27600836968534,14.51821057923722,13.45176406703436,-0.7023587914390106,13.437664468853624,-1.044927135595417,13.133760859015373,-1.6038282221546645
1,51.13727648781496,8.231371731700206,7.737460385363262,-0.38539063611769286,7.7367410407028165,-0.3977116275814616,7.5635707994167465,-0.6417163632164193
0,62.953119235511856,12.575413092296811,10.655481738474395,1.9199313538224168,10.663062314513308,1.9123507777835034,10.781906774373493,1.7935063179233186
1,74.73597680237629,16.843288873842447,13.565357124847425,1.4914442555681315,13.549763802611263,1.1142255581152831,13.17031288079352,0.4338554452800132
0,51.45029026299917,3.4331326475116857,7.814761759400547,-4.381629111888861,7.814669536186257,-4.381536888674571,7.630719571187696,-4.197586923676011
1,51.61508154626718,11.394215682400825,7.855458347333418,2.6410874840302085,7.855687376724959,2.649962229053493,7.666773157713655,2.3853043775830347
0,50.27813467238785,10.193325481950748,7.525288116630621,2.668037365320126,7.522733581342958,2.670591900607789,7.388704817131755,2.8046206648189926
1,73.57415867423238,19.976847073507887,13.278436405035347,4.956585997920973,13.26652379778767,4.664779581352414,13.066143940921453,4.27313623902711
1,51.0842879253218,4.5515713873529045,7.7243744159468335,-4.050068015133524,7.723546715383909,-4.064812386447608,7.552379952897669,-4.306153624695847
0,63.298416668234616,7.058532590648587,10.740755832195374,-3.6822232415467866,10.748103997320564,-3.689571406671977,10.880022240762099,-3.821489650113511
0,66.09702139126797,9.881197509910717,11.431894713704335,-1.550697203793618,11.436364029581233,-1.5551665196705162,11.638639890369557,-1.7574423804588406
0,58.90510041083464,6.4981310685512605,9.65578957766713,-3.15765850911587,9.66408324505011,-3.165952176498849,9.601535945458371,-3.1034048769071108
0,50.02621457810794,10.699562677152032,7.463074338901578,3.236488338250455,7.459950024992472,3.2396126521595603,7.340190485691453,3.3593721914605794
0,62.24044157780564,11.844374410829566,10.479480020486287,1.364894390343279,10.487454999304395,1.3569194115251708,10.577261393774961,1.267113017054605
0,59.27109811219981,13.252919212117506,9.746175776144707,3.5067434359727994,9.754557394828161,3.4983618172893447,9.708681259287987,3.544237952829519
0,66.00605484009864,12.107338592055008,11.409429761825832,0.697908830229176,11.41402051139657,0.6933180806584378,11.615263896881137,0.49207469517387104
0,62.20879898049664,15.310137791602264,10.471665615996725,4.838472175605538,10.479655442207049,4.830482349395215,10.568117182845842,4.742020608756421
0,52.570454249192096,8.5971538810606,8.091395639902567,0.5057582411580324,8.093366077418164,0.5037878036424353,7.8848083896627,0.7123454913978993
0,63.873278073925256,16.62782622596661,10.882722672200225,5.745103553766386,10.889624083040557,5.738202142926054,11.041570638018557,5.586255587948054
0,70.90789719607022,6.349819092639901,12.619980796545525,-6.270161703905623,12.615360629558042,-6.265541536918141,12.690624640754626,-6.340805548114725
0,65.7782944878131,15.833099843825789,11.353182434779196,4.4799174090465925,11.358069016922197,4.475030826903591,11.556295879965148,4.27680396386064
1,47.862763182778025,9.2586769097495,6.928791892630763,1.5764624681167305,6.920183359770866,1.3870904228782504,6.980956752401584,1.4680116833965986
1,59.0535252279556,18.366305497839548,9.692444329675828,7.49024131809005,9.700777316975476,7.6767315826855675,9.644954078900454,7.6296566232503995
0,51.5320713573252,6.951927716150693,7.834958285760942,-0.8830305696102494,7.835026258667357,-0.8830985425166649,7.6485523048327675,-0.6966245886820746
0,59.73966876243171,7.08461446504886,9.861893223644113,-2.777278758595253,9.870343211367647,-2.785728746318787,9.846162586557199,-2.761548121508339
1,54.132774605345645,9.251525687936496,8.477223740106833,-0.220153515712731,8.481596999790078,-0.1191058965830738,8.270881537063964,-0.4044097894775689
0,60.51761822865956,5.9692297060245325,10.054014361557593,-4.084784655533061,10.06246817614639,-4.093238470121858,10.074645034314859,-4.105415328290326
0,65.21323085556939,12.661369653786563,11.213635237007368,1.4477344167791948,11.219205095382325,1.4421645584042384,11.407421323722799,1.2539483300637642
0,63.483370958042734,11.916176123411992,10.786431843507795,1.1297442799041963,10.793644427904614,1.1225316955073783,10.932256483319225,0.9839196400927666
0,71.37605269372513,8.064291508181627,12.735595718638123,-4.671304210456496,12.729811502340997,-4.66551999415937,12.769133356751878,-4.704841848570251
0,61.96216961545019,13.344253850322058,10.410758428174677,2.933495422147381,10.41885621566358,2.925397634658479,10.49669937842301,2.8475544718990484
0,49.11241231321211,7.311427183356723,7.2374032142577525,0.07402396909897035,7.23209162760517,0.07933555575155182,7.1754568818872455,0.1359703014694773
0,67.38563997970074,7.188749808431617,11.750129869448573,-4.561380061016956,11.752677896092854,-4.563928087661236,11.958034770369526,-4.769284961937909
0,61.7965940555512,8.070286858828249,10.36986815655755,-2.2995812977293006,10.378030704562509,-2.30774384573426,10.448618140664673,-2.3783312818364237
0,57.9240241536717,9.287332434219408,9.413504577048803,-0.12617214282939493,9.421413005611333,-0.13408057139192486,9.316190388565243,-0.028857954345834713
0,54.441992983025486,5.41022109638351,8.553587808934681,-3.1433667125511713,8.558371184393142,-3.148150088009632,8.351076556357999,-2.9408554599744887
1,74.1597419873476,12.352643596680275,13.423051109900884,-2.8347432835380157,13.409321503049817,-3.168726393802432,13.12353505981275,-3.6984300525464153
0,60.11344960339687,5.671691080950488,9.954201533648726,-4.282510452698238,9.96267044724893,-4.290979366298442,9.955949553302741,-4.284258472352253
1,55.21065792491776,16.30732300230443,8.743416055782903,6.528015297214649,8.749125197189684,6.658496480829932,8.555093331680094,6.401529370421981
0,59.00696981213574,14.220917037501492,9.680947079723698,4.539969957777794,9.689268270228967,4.531648767272525,9.63133012529029,4.589586912211201
0,70.42997924705034,8.972471255260604,12.501954955303948,-3.529483700043343,12.498471970572846,-3.5260007153122412,12.605441691643087,-3.6329704363824824
0,53.8790267752632,7.504026227852851,8.414558587709596,-0.9105323598567452,8.418579144552659,-0.9145529166998081,8.205942262341512,-0.7019160344886615
0,50.18072543873668,5.467365566829011,7.501232090340011,-2.0338665235109996,7.498458942711458,-2.0310933758824463,7.369792550142238,-1.9024269833132266
0,52.418519145696955,10.90952249726177,8.053873993266537,2.8556485039952335,8.055581297728738,2.8539411995330344,7.849145888476922,3.060376608784848
0,49.8541619811292,5.740685268133102,7.420584508716589,-1.6798992405834863,7.417062805289262,-1.67637753715616,7.307808376048058,-1.5671231079149557
1,45.61137472002719,6.853534675161766,6.372792650872446,-0.18613224172451837,6.357352751000343,-0.5294254209491331,6.732201724984618,-0.0009090994598945912
0,69.51952362048075,12.312279847981452,12.277110311031066,0.03516953695038616,12.275650737033272,0.03662911094817822,12.429886592725035,-0.11760674474358268
0,68.93851535549615,13.158783580456673,12.133625452628598,1.0251581278280746,12.133359106916043,1.02542447354063,12.309338565219742,0.8494450152369311
0,73.4375583831719,16.386808708790088,13.2447018187966,3.1421068899934887,13.233201908894724,3.153606799895364,13.05137119293314,3.335437515856949
0,60.01679740814081,16.457069698459428,9.930332464331837,6.526737234127591,9.938799513672874,6.518270184786553,9.927557704722167,6.529511993737261
0,61.481099713118965,7.646156649848094,10.29195418565755,-2.6457975358094563,10.300222964106986,-2.654066314258892,10.356740698533146,-2.7105840486850523
0,67.10113606670257,11.519348626689697,11.679869244717919,-0.16052061802822237,11.682873769523113,-0.16352514283341613,11.889512831567371,-0.37016420487767476
1,57.971279992957605,11.660517055149016,9.42517480244363,1.0933262699388973,9.433106778192446,1.2717733401475488,9.32985285406054,1.1543000527027942
0,54.331978317376894,6.034447323794552,8.526418765611,-2.491971441816448,8.531058707602602,-2.49661138380805,8.322414520620669,-2.2879671968261164
0,54.62990831689599,13.35456906443393,8.59999507488429,4.754573989549639,8.605017115727714,4.749551948706216,8.400356567935665,4.954212496498265
0,62.83094882601074,9.12458527515682,10.625310732372263,-1.5007254572154434,10.632967078559192,-1.5083818034023722,10.747018707678157,-1.622433432521337
1,74.5649469770704,21.904193639402305,13.523119876695262,6.601161028796291,13.508087554545245,6.236954216745506,13.157456295753615,5.60287127759646
0,59.9782163669752,9.36389311023262,9.920804553005455,-0.5569114427728348,9.929270268051946,-0.5653771578193254,9.916224604724334,-0.5523314944917139
0,53.18289654994194,5.383959768112358,8.242643396774152,-2.8586836286617947,8.24562155984696,-2.861661791734602,8.032098871879377,-2.6481391037670194
1,56.2933167377783,12.65510959616855,9.01078771953298,2.566810461186428,9.017574088366349,2.720803322532488,8.85225149082099,2.5090940388694545
0,53.48337753739175,3.908049698963045,8.316849693887693,-4.408799994924649,8.320291247582137,-4.412241548619092,8.106335991565523,-4.198286292602478
0,61.46519054011207,11.307253162272737,10.288025282105282,1.0192278801674544,10.296298821007435,1.0109543412653021,10.3520994841865,0.9551536780862371
0,64.02877389366952,5.9022739187039805,10.92112366754368,-5.0188497488397,10.927891389286092,-5.0256174705821115,11.08484058626444,-5.182566667560459
0,58.534903616348586,16.47580275346523,9.564366377965683,6.911436375499548,9.572540259057595,6.903262494407636,9.49348850292553,6.982314250539702
1,57.294882037224426,13.506336743346589,9.258132660788956,3.1321903124940924,9.265679460248917,3.3025325901405296,9.135319132634663,3.144276578430045
1,59.3596567026163,11.570858050297026,9.768046061942739,0.6074237766944748,9.776444408630411,0.7950894792540897,9.734643603712557,0.7686244599713064
0,58.55768248949397,16.60900754505216,9.569991811517681,7.03901573353448,9.578173958382878,7.030833586669283,9.500125421121565,7.108882123930597
0,70.02238609938843,7.515672964974389,12.401296412899848,-4.885623447925459,12.39874245237375,-4.883069487399361,12.528939845496977,-5.013266880522588
0,50.85746304672267,12.920597818949076,7.6683581119639355,5.252239706985141,7.66705940018545,5.253538418763625,7.505066296088095,5.415531522860982
0,46.46393402625058,9.550716541198115,6.583339313812621,2.9673772273854944,6.570621216820644,2.980095324377471,6.809936796506458,2.7407797446916575
0,74.06183007741599,13.37745642830202,13.398870943491676,-0.021414515189656314,13.38545054710456,-0.007994118802539418,13.114619615621198,0.26283681268082226
1,66.3994052569126,8.938466335076704,11.506570942529343,-4.034116107862165,11.510623144748278,-3.953223389985343,11.715598866013833,-3.6457068548259084
0,56.202573832913146,10.044084013753713,8.988377998982877,1.055706014770836,8.995084260860821,1.0489997528928914,8.826959357372775,1.2171246563809373
1,66.26746076021173,8.658166124658353,11.47398614371136,-4.276759285226577,11.478222896124318,-4.19150705705175,11.682160994180204,-3.884393428103241
0,57.40146598860999,6.211703375439723,9.284454460484763,-3.0727510850450406,9.292068823760914,-3.0803654483211913,9.165815861249103,-2.9541124858093797
0,59.93341181431633,15.240790028638008,9.909739693378693,5.331050335259315,9.918203436320193,5.3225865923178155,9.903063725813338,5.33772630282467
0,61.36486476946824,5.045579564181171,10.26324899257121,-5.217669428390039,10.271551232658167,-5.225971668476996,10.322814868904336,-5.277235304723165
1,70.74141585260585,18.098624918961736,12.578866834088775,3.886830226850707,12.574648665705066,3.773997863659174,12.661517739147234,3.8559483728726214
0,45.87393923745336,7.5286026541876705,6.437635158070522,1.0909674961171483,6.4230510193212975,1.105551634866373,6.753897768978375,0.7747048852092959
0,73.69056825374619,7.232151223859938,13.30718472591108,-6.075033502051142,13.2949170902505,-6.062765866390563,13.078324384564151,-5.846173160704214
0,49.057741730390745,9.757144621142295,7.22390185583024,2.533242765312055,7.218453421238337,2.5386911999039583,7.1661823335015145,2.5909622876407807
0,69.8967274919305,13.448966876043858,12.370263967090098,1.07870290895376,12.367988840285815,1.0809780357580436,12.504662592329355,0.9443042837145033
0,71.06485810634544,7.949854371301533,12.65874360826931,-4.708889236967777,12.653738689234086,-4.703884317932553,12.717501450988,-4.7676470796864665
1,56.918317046925765,7.599419382218467,9.165136781782378,-2.667255190078376,9.172424297401252,-2.5024509528190437,9.028109302103243,-2.681903111569281
0,62.367934282589744,13.838507792161009,10.510965411995787,3.3275423801652213,10.51887827368556,3.3196295184754483,10.614058844762893,3.224448947398116
0,46.139626216161226,7.779151196874064,6.503248783240361,1.2759024136337036,6.48951470790129,1.289636488972775,6.777900659758572,1.0012505371154923
1,70.55446680448344,22.099615085086945,12.532698200499661,7.941175755727485,12.52892398021025,7.838694256058263,12.628107817467011,7.9416235126247585
1,65.83607875419584,13.504101584762568,11.3674527434469,0.692292840336167,11.372265381897625,0.7911693757405622,11.571315050431851,1.0945927529627806
1,61.52731941555578,11.261121222786697,10.303368528377316,-0.3209651998024885,10.311623151851258,-0.13885103558762957,10.370220269643678,-0.020423858552154783
0,57.66606268214308,10.171187992945177,9.349798830596887,0.8213891623482894,9.3575698137029,0.8136181792422761,9.241788864026661,0.9293991289185151
0,59.32024234015993,12.06713829875856,9.758312354942502,2.308825943816057,9.766703475662327,2.300434823096232,9.723087161184031,2.344051137574528
1,58.81799637620077,12.748268140448902,9.634278506605076,1.9394240265411469,9.64254677839269,2.124679849422094,9.576079907418316,2.061901579797331
0,65.76557208070811,17.839353027209697,11.350040529763358,6.489312497446338,11.354943290687935,6.484409736521762,11.552983819123456,6.28636920808624
0,45.06723038785992,8.236663780548556,6.238411649504771,1.9982521310437846,6.221148601649898,2.0155151788986565,6.693807798675006,1.5428559818735499
1,59.74211571562588,10.555885808758028,9.862497519234628,-0.5167024807738869,9.870947733629757,-0.3282496835659465,9.8468811135948,-0.32877493262341595
1,72.3346331831292,12.52572603561712,12.972325200951351,-2.140773772491597,12.964002823551857,-2.3491566669970627,12.91375635605489,-2.4958075765981
0,67.4617918535831,14.79553151217131,11.76893621266192,3.02659529950939,11.771358944060731,3.024172568110579,11.976171106660393,2.819360405510917
0,54.632750589054886,10.42566033002974,8.600696997804906,1.8249633322248329,8.605722587204133,1.8199377428256067,8.401105009976147,2.024555320053592
0,57.676030742912246,15.119842813534584,9.35226052671071,5.767582286823874,9.36003710054094,5.759805712993645,9.244657976365874,5.87518483716871
1,48.22189033063272,4.098715029546253,7.017481350361245,-3.6859945006690316,7.009856474704,-3.8532397428287046,7.033014118304737,-3.825412437262738
0,60.38925200557374,5.502912281427103,10.022313247385634,-4.519400965958531,10.030775861925935,-4.527863580498832,10.036956479663965,-4.534044198236862
1,50.55229973740499,8.972835310060994,7.592995476239231,0.5230256335396071,7.591044718042144,0.48314610094738875,7.442954417414677,0.27284386203702304
0,52.21235948929285,6.44488504564,8.002961139026453,-1.558076093386453,8.004303050011815,-1.5594180043718149,7.801338010954254,-1.3564529653142534
0,63.589278481996395,12.348640334538652,10.81258659378256,1.536053740756092,10.819718058466053,1.5289222760725991,10.962059314962461,1.386581019576191
0,74.71779779444209,12.105996760752983,13.560867666544446,-1.4548709057914628,13.545334288109018,-1.4393375273560345,13.168988058675652,-1.062991297922668
0,56.2758288152413,10.82295711050988,9.006468930558366,1.816488179951513,9.013240006122802,1.8097171043870777,8.847372180699175,1.9755849298107044
0,61.85031598303573,12.289713979787969,10.383135236602321,1.9065787431856478,10.391277452352687,1.8984365274352815,10.464229484610119,1.8254844951778502
0,74.35394080527577,16.337569405442643,13.471010134878073,2.8665592705645704,13.456660822627645,2.880908582814998,13.140394258192341,3.1971751472503023
0,54.4923348966092,16.217949011921757,8.566020166230768,7.651928845690989,8.570868262727027,7.64708074919473,8.364238989455195,7.8537100224665615
1,72.5251274512745,10.988194537400584,13.019369356325,-3.732672441234362,13.010517823590641,-3.9533590774088356,12.939793817357593,-4.1336563188541255
0,70.1313288521005,12.63745272467056,12.428200738343962,0.20925198632659736,12.425402145403359,0.21205057926720094,12.549726199877032,0.08772652479352772
0,73.01766803253619,15.45609236358518,13.141006379098982,2.3150859844861973,13.130748614365256,2.3253437492199236,13.002772762689908,2.453319600895272
0,55.066595916342656,8.188696882421223,8.707838735893793,-0.5191418534725702,8.713384549238143,-0.52468766681692,8.516378938659232,-0.32768205623800917
1,56.349908389723865,9.036890095976515,9.024763502074363,-1.067560328079244,9.031598886390045,-0.9125053036978983,8.868057372909027,-1.121459690287681
0,66.30755953582268,10.671932327649683,11.48388887227375,-0.8119565446240671,11.488069955266791,-0.816137627617108,11.69234666139279,-1.0204143337431066
0,56.28944097278787,9.58558323995762,9.009830566899588,0.575752673058032,9.01661355232586,0.5689696876317623,8.851169907221719,0.734413332735901
0,60.7565705040622,5.74251283121827,10.113025627777713,-4.370512796559443,10.12145313374246,-4.37894030252419,10.14475821851196,-4.40224538729369
0,54.03011302147068,3.400665200464158,8.451870601927185,-5.051205401463027,8.45610291907722,-5.055437718613061,8.244511721729124,-4.8438465212649655
0,66.4034376729066,11.192095036985837,11.507566781440403,-0.31547174445456605,11.511613281518093,-0.3195182445322562,11.716617231905243,-0.5245221949194061
1,56.35585836342312,11.756264706810732,9.026232897924968,1.6501161569379423,9.03307339357596,1.8052818929484697,8.869720613460398,1.5966191795250797
1,58.64919171075277,12.183991433308002,9.592590780320968,1.4233242652022806,9.60080495022795,1.607518758198733,9.526803840879714,1.5335929161977209
0,74.82612648530089,21.92734603855793,13.587620344269627,8.339725694288301,13.571728656199452,8.355617382358474,13.17673516077401,8.750610877783918
0,52.340815603423366,6.721308948391344,8.034684452544958,-1.3133755041536146,8.036255165698732,-1.3149462173073863,7.831047125244004,-1.1097381768526606
0,65.41494837491882,14.625546629778157,11.263451068288042,3.362095561490115,11.268785299388473,3.356761330389684,11.460973679641866,3.164572950136291
1,46.2766988572495,12.078181510740189,6.53710002027556,4.84863071348439,6.523798263424249,4.5535542423993345,6.791077508910686,4.928137916416096
1,51.693073079357966,6.2289777170012,7.874719009799932,-2.5464093084744626,7.875097938210139,-2.5341869670124595,7.684001616589033,-2.801654639852506
1,68.68716339674774,8.586075103661713,12.07155198072858,-5.039434790177207,12.071778177756809,-5.048453828871768,12.255256479282837,-4.796144741558184
1,57.53910853627492,6.759584254851211,9.318446440723427,-3.6842645552391424,9.326144253720143,-3.5107227909426655,9.205291269472617,-3.6546211719600823
0,47.73306241472769,2.2446906391996406,6.896761201399741,-4.6520705622001,6.887790244106364,-4.643099604906723,6.962946899831123,-4.718256260631483
1,59.22331307883672,8.276784354492374,9.734374861839223,-2.647737372730912,9.742746717399493,-2.460535284832762,9.694677593007768,-2.4962024737729394
0,64.51237535566884,11.985724988779037,11.040553099928841,0.9451718888501954,11.046870082530157,0.9388549062488796,11.21812014417975,0.7676048445992869
0,47.51369269079558,8.55414495484045,6.842586010317008,1.711558944523441,6.832993404283271,1.7211515505571793,6.933459785682064,1.620685169158385
0,59.711799104034256,14.312252025112665,9.855010578026343,4.4572414470863215,9.863457888499921,4.448794136612744,9.837979193168275,4.47427283194439
0,59.21452708984872,7.961149195177233,9.732205088254503,-1.7710558930772695,9.740575092501363,-1.7794258973241295,9.69210323734657,-1.730954042169337
1,49.71010783567597,0.6561991969010538,7.385009130691297,-7.553248440473911,7.3811495551976805,-7.63591398407197,7.28117384844521,-7.780241637067468
0,69.41659705337293,9.110152688008176,12.251691733022179,-3.141539045014003,12.250449107081337,-3.1402964190731613,12.408997877839113,-3.2988451898309368
0,68.26028334344538,8.588279674910675,11.966130375401589,-3.3778507004909137,11.967160328179611,-3.3788806532689364,12.160859130300164,-3.572579455389489
0,60.319369006885424,9.288859250109196,10.005055055418609,-0.7161958053094128,10.013520893664003,-0.724661643554807,10.016433893880803,-0.7275746437716073
0,45.27376766742904,1.5514860476051022,6.289417760948972,-4.737931713343869,6.272854600164375,-4.721368552559273,6.70732285091259,-5.155836803307487
0,70.7831679932872,14.096829392040656,12.589177875006275,1.5076515170343807,12.584859477736128,1.5119699143045278,12.6688750224331,1.427954369607555
0,47.05959965842075,8.584513166069694,6.730443931832847,1.8540692342368477,6.719529929512463,1.864983236557232,6.876395346133178,1.7081178199365166
