x,y,z,estimated_untreated_mean_change,observed_minus_estimated_untreated
1,59.128120584791326,8.462545042372001,10.045907792599836,-1.5833627502278347
0,50.9794890434106,7.849338564175322,7.878353262464898,-0.02901469828957648
0,55.594731446534254,12.857334202015576,9.322085066420986,3.53524913559459
0,57.24850973914968,13.636844907846331,9.672446841811896,3.964398066034436
1,64.51724947786433,19.292407580019297,11.434688180291799,7.8577193997274986
0,52.745873168583,10.640825939249616,8.469021839771669,2.1718040994779475
0,57.28478951019144,15.175602268038965,9.67951566449967,5.496086603539295
1,66.87773209001496,15.64883794166608,11.675650677103496,3.9731872645625845
0,62.36110218249014,9.739874705140634,10.9059283307821,-1.1660536256414655
0,74.1913756421824,16.162829353877882,13.727144430504671,2.435684923373211
1,69.8724744256603,9.445282456780445,11.976542128595309,-2.5312596718148637
0,50.60437606391477,5.261277766578734,7.7608498244396715,-2.499572057860938
0,65.56776070532494,12.780050906971052,11.583451786467794,1.196599120503258
1,65.21624536844874,12.111002605763913,11.543659194634738,0.5673434111291744
0,55.64415385765086,9.182354684211987,9.333801162814819,-0.151446478602832
1,73.62854044725394,10.450357155341774,13.436457812827216,-2.9861006574854425
0,66.88614447463318,9.026849561574958,11.676087240116836,-2.649237678541878
1,58.277673361798485,14.527931610552788,9.872115205308718,4.655816405244069
0,53.4963744810893,14.254084177032496,8.719416728911275,5.534667448121221
0,57.82889065881854,14.589870844765407,9.78477739958177,4.805093445183637
0,72.90609919886674,12.042918102696111,13.079368462658325,-1.0364503599622132
0,62.39867723016853,6.897868435166206,10.916614590729463,-4.018746155563257
0,46.38888958802685,7.258029057377333,6.818974473586616,0.4390545837907167
0,60.39788374150801,11.646151852612192,10.348863806184552,1.2972880464276404
0,56.34034462695588,12.749178410992014,9.489063692859974,3.2601147181320407
1,64.81673812225817,10.43906303398676,11.486417487591924,-1.0473544536051644
1,70.2445682296503,13.860952517913306,12.063736093108224,1.7972164248050824
0,54.10021931822797,9.023278801685183,8.911655832697981,0.11162296898720214
1,61.166478843824365,16.16351532111232,10.561490176263094,5.602025144849227
0,63.64774988710393,18.13597477478736,11.24851940256009,6.8874553722272704
0,54.74660533251985,10.71235790464782,9.102632921763599,1.609724982884222
0,50.308161537013774,12.830961535154652,7.671730363355629,5.159231171799022
0,61.882054291532654,6.23165300604591,10.7680910247172,-4.536438018671291
0,47.016119232873145,9.025671817825495,6.925468041372804,2.100203776452691
0,64.11298987240505,16.53538293155674,11.35418605978079,5.181196871775949
0,47.91982876065303,8.812664005438197,7.093482423815125,1.7191815816230722
0,57.910318489080765,7.288770958279212,9.800525076816541,-2.511754118537329
0,52.49329558336212,7.6418088235469055,8.38332698470783,-0.7415181611609247
0,46.95454430448013,5.395961915445051,6.91470278056455,-1.518740865119499
0,53.5293155189492,6.691848665334248,8.730167778255755,-2.0383191129215064
0,66.09330772714256,10.156350657298626,11.628521660309563,-1.4721710030109367
0,48.64391068484325,10.716960208739025,7.244964244083242,3.4719959646557825
1,64.02167452056052,11.852075243688317,11.334468076623049,0.5176071670652682
0,67.08094454419167,16.081615802577932,11.68606282908284,4.395552973495093
1,69.92578302441642,11.316544442411592,11.988016615954647,-0.6714721735430551
1,67.71049341041322,11.34605235522508,11.719590883677064,-0.3735385284519843
0,61.6068885013034,14.779141979687523,10.688328084486283,4.09081389520124
0,64.10539154517095,10.290861845103194,11.352565696859884,-1.0617038517566897
0,47.38415054827334,7.190760785345108,6.991485648809535,0.19927513653557316
0,51.46966430050141,7.097811816963514,8.037992426477278,-0.9401806095137637
0,71.68557085888854,19.66643105669788,12.541166480042708,7.125264576655173
1,66.69348895533949,16.89910431742791,11.665872751080288,5.233231566347621
0,53.42250992019744,9.997348781858724,8.695217433985885,1.3021313478728391
0,51.34373679414492,11.73384804336716,7.996441073900115,3.7374069694670453
0,57.74645508011999,5.70506417270971,9.768854865642352,-4.063790692932642
0,73.23055994403123,14.921066713618208,13.237010203017272,1.6840565106009358
1,67.70952756043648,16.78228916625483,11.71953441952265,5.06275474673218
1,71.49542777551373,14.625752618502109,12.467007552379417,2.158745066122691
0,50.80278508443586,6.277301616058456,7.8224151939201905,-1.5451135778617342
0,52.63314244670963,11.654165077819526,8.430815242369174,3.2233498354503514
0,48.074760095970696,1.0963894711835938,7.124477251180791,-6.028087779997197
0,45.53608383175475,4.744357999294626,6.682452509442323,-1.938094510147697
0,63.90454017340466,12.02971800850271,11.308415603523466,0.7213024049792445
0,51.31196528856389,3.13090804866618,7.986010746028484,-4.8551026973623035
0,50.495248184013086,0.4859867877492094,7.727605983438585,-7.241619195689376
1,60.140333395689616,11.445666474048412,10.281866692372732,1.1637997816756798
0,51.57325435750868,5.139397498568785,8.072403269282635,-2.9330057707138497
0,48.07051920377888,6.583301799693992,7.123619176907681,-0.5403173772136887
1,73.48157237869037,6.6664462616544045,13.362110297522054,-6.69566403586765
0,59.573693983058845,12.891208944604548,10.144759527305704,2.7464494172988445
0,74.17777160189152,11.812954509304436,13.720028000565586,-1.9070734912611496
0,55.75280097190994,11.0264280624056,9.359198922658367,1.6672291397472332
1,63.91768577252985,16.054013652965782,11.311380678591869,4.7426329743739135
0,58.51695986351484,12.63842038019554,9.919571518932269,2.7188488612632717
1,66.55887490187126,8.103684613189449,11.658367942354815,-3.554683329165366
0,60.37407141477024,17.804611988701723,10.342559761952964,7.462052226748758
0,71.11631473292188,14.73195224355118,12.328510074318771,2.4034421692324095
0,51.593526364535286,7.306342620137179,8.079159367227142,-0.772816747089963
0,45.71252493126472,9.269340159504184,6.710176251683953,2.5591639078202304
0,53.61712428579074,7.308998105343335,8.758695330227672,-1.4496972248843374
0,54.84779868898289,11.380000473038749,9.13078521111058,2.2492152619281693
0,47.53818057960663,8.754249979142127,7.020045458286869,1.7342045208552577
0,45.05379436213613,1.114460010183206,6.607352057161975,-5.492892046978769
0,60.323871933000575,12.60609021277347,10.329340126559767,2.2767500862137027
0,51.30046543241005,9.367849204985028,7.982241004139822,1.3856082008452058
0,55.39573443478183,6.5146286826457045,9.273819050172934,-2.7591903675272293
0,52.93806820378335,9.228996601912659,8.533916918459578,0.6950796834530806
0,50.115142729526845,6.803951256589329,7.61568805734341,-0.8117368007540806
0,54.76640755287498,8.667688754705226,9.10818292667266,-0.44049417196743335
1,62.94112842656399,17.87985854590486,11.067334472995292,6.812524072909568
0,52.87173660987074,6.418607277186946,8.511561605099715,-2.0929543279127687
1,61.10130117490165,13.460364678156472,10.542922725355893,2.917441952800578
0,66.15055865546881,12.7361117180192,11.63260665900166,1.1035050590175413
0,66.44213060962403,11.439177495647876,11.651522818221485,-0.2123453225736096
0,55.31335073931817,9.17690729293443,9.253298871447884,-0.07639157851345324
1,62.21682576807467,7.954891517529248,10.864687014665336,-2.9097954971360878
1,63.245547429102885,9.455370662118012,11.1479656260368,-1.692594963918788
0,55.14122100906531,8.964362666913402,9.209339026109065,-0.24497635919566285
0,48.9642900643474,4.294443207821549,7.317866577539121,-3.0234233697175723
0,46.95387565216325,6.07465247251718,6.914586289535202,-0.8399338170180215
1,73.0436514622353,17.02650231751087,13.145593999837956,3.8809083176729153
0,50.53716237886261,11.749163167630623,7.740319875833169,4.008843291797454
0,65.55781825605331,14.582585293329478,11.582445336955043,3.0001399563744346
1,64.37009937535043,12.578936576278773,11.406728098077968,1.1722084782008046
0,48.541364553385456,-0.0929549141331067,7.222436658869295,-7.315391573002402
0,47.241542787515165,9.617684205013827,6.965548824803825,2.6521353802100016
0,46.625297569251615,7.756884200726997,6.858339108515918,0.8985450922110791
1,60.16346054388837,16.362810538564062,10.287770742873992,6.075039795690071
0,46.18515390779776,9.765533739040848,6.785676470699041,2.9798572683418065
0,53.82020360986333,12.248428826893958,8.823876155539969,3.4245526713539896
1,69.89889947737592,16.24241713499474,11.982188176128329,4.26022895886641
0,50.23271111549352,3.1936230615515724,7.649621357759162,-4.455998296207589
0,65.57414411789095,10.152858754043995,11.5840945722052,-1.4312358181612037
0,63.33876894737318,14.59794000299824,11.171929813569248,3.4260101894289914
0,56.04478740203464,8.998287755990283,9.425196208688245,-0.42690845269796185
0,46.821722046499545,10.952728920987012,6.891730315370347,4.060998605616665
0,62.788550731256855,13.994999050595904,11.025728472938795,2.9692705776571096
1,69.15852114302831,20.534828362681107,11.852284117918503,8.682544244762605
0,51.081758576775,3.1076995982412754,7.911156943828749,-4.803457345587473
0,49.873121301732205,8.201499959215782,7.54794009072034,0.6535598684954422
1,60.55090683095953,5.931195241884812,10.389857514225302,-4.458662272340489
0,53.002172307353696,5.377193144854696,8.555472215177117,-3.1782790703224206
0,50.536623445592525,4.595485818367323,7.740155963658296,-3.1446701452909727
1,61.474897755605895,2.8386004643641702,10.650132566644071,-7.811532102279902
1,60.446166573154485,14.39667918889554,10.361709882693471,4.034969306202068
0,60.119408457040464,6.853795539224623,10.276545061856625,-3.422749522632002
0,55.40638235289867,3.354465454852752,9.27644759472053,-5.921982139867778
0,67.66259020297197,11.674040994482468,11.71681824858332,-0.042777254100851536
0,45.07712761058263,7.945764052535795,6.610973867525203,1.3347901850105917
0,71.43404007873283,16.102532069595522,12.443715297451847,3.658816772143675
0,65.58199074610901,15.793588638386446,11.584881083753974,4.208707554632472
0,47.417437331828175,2.5469455165837767,6.997608418465367,-4.45066290188159
0,53.994100807283765,3.175620612311848,8.87869991574503,-5.7030793034331815
0,54.29326077018652,2.0421440821956,8.970539304777754,-6.928395222582154
0,49.668296637150725,2.512642306142556,7.492837662132515,-4.980195355989959
1,64.90021885396315,12.97925742620385,11.499522066302841,1.4797353599010084
0,60.55112258922188,13.120053636674273,10.389915877098673,2.7301377595756
0,50.28783465522486,7.330408115759822,7.665749172948097,-0.3353410571882742
0,69.358396327063,6.739973401558132,11.88196299426495,-5.1419895927068175
0,71.7777419391823,11.983454743147483,12.57817369003942,-0.5947189468919376
1,63.6708327099559,17.364486266465704,11.25405112184922,6.110435144616485
0,58.035673835139626,15.756249848218904,9.824832321622797,5.931417526596107
0,59.42241756954622,6.365661532782032,10.110422009320423,-3.7447604765383913
1,71.96558925801311,11.468411142378052,12.655635630589384,-1.1872244882113314
1,73.32988264728816,12.774668333222497,13.2862089038352,-0.5115405706127039
1,65.32556540931074,11.333615251764176,11.557006091615683,-0.22339083985150765
0,61.66953280225373,9.000734466836828,10.706482675504617,-1.7057482086677886
0,70.22165680597817,6.209039984616114,12.057892642708614,-5.8488526580925
0,61.04681549791041,14.308577554155544,10.527458127904396,3.7811194262511485
0,50.347616334977815,6.593333503368686,7.683391339755586,-1.0900578363869
0,48.49844143252217,12.375337369505615,7.21311849555793,5.162218873947685
0,70.68403873152855,17.339597645486137,12.187235213669226,5.152362431816911
1,70.6397560338407,18.233057851979503,12.17383770717412,6.059220144805382
1,60.056710380105045,14.236893584134672,10.26071728182946,3.976176302305211
0,46.15268013598988,7.835367452670415,6.780416561356184,1.0549508913142303
0,55.19467167888156,16.433547686265246,9.223151268740734,7.210396417524512
0,50.87931271406106,3.267629076000843,7.846520372193302,-4.5788912961924595
0,60.431962050272325,12.026850868123596,10.35792190693319,1.6689289611904066
1,66.66210037482783,6.972897937713745,11.664154967127562,-4.6912570294138165
0,51.30702523097042,12.523314858702577,7.984390990131253,4.538923868571324
0,70.28219321224854,11.065350949117732,12.073463827207135,-1.0081128780894026
1,66.36834239303685,12.550297522612023,11.647002945069241,0.9032945775427823
0,55.5124833008923,10.74378516609389,9.302352477799602,1.441432688294288
1,69.77123379517398,12.164868534615772,11.955658169739646,0.20921036487612632
0,55.77259771030271,13.746933426995676,9.363775208056918,4.383158218938759
0,56.684166330908496,12.948245203229138,9.560347121313228,3.3878980819159104
0,65.4540683881871,13.291430033102229,11.571549183298677,1.7198808498035518
0,65.02430481007899,12.388013657083729,11.5178822341716,0.8701314229121291
0,58.14543892280064,11.257343010291413,9.846208568831715,1.4111344414596978
1,64.29423064079174,7.483204638476637,11.391697781439863,-3.908493142963226
1,67.17945578519377,12.01136774241414,11.691071343669826,0.3202963987443148
0,64.04507879870792,12.030973496228686,11.339572277101,0.6914012191276857
1,67.47038061283229,14.791716080754338,11.70618642976263,3.085529650991708
0,52.24161049052629,7.043737175440778,8.297781072299244,-1.2540438968584668
0,48.3276828130747,8.062534239514473,7.17667964843341,0.8858545910810633
0,58.50625732780008,13.300581863112589,9.91743004192563,3.3831518211869582
0,59.04557089219944,6.67683056360648,10.028297693651496,-3.351467130045015
1,72.87145399707084,18.35091607013047,13.062837436966484,5.288078633163986
0,49.28729562736823,9.904277027934953,7.395491593294616,2.5087854346403367
1,73.93320460020163,8.13880590424376,13.592777717180676,-5.453971812936915
0,46.88667637019574,2.1720899151769735,6.902923008847599,-4.7308330936706255
0,69.31029040735831,12.933170638842611,11.874485831191185,1.0586848076514261
0,61.61143339529764,10.273670912169372,10.68964480382898,-0.41597389165960763
1,69.09902537179076,14.007302054160066,11.84413289366282,2.1631691604972456
1,58.64356379088012,18.63347640586852,9.945059987832828,8.688416418035693
1,65.82666382738243,5.064493119463801,11.607518531690873,-6.543025412227072
0,50.36920187644296,9.757998469547983,7.68979933802172,2.0681991315262636
0,51.15572585463805,2.155148321845097,7.935062233343837,-5.77991391149874
0,64.66562081934103,13.026879637311886,11.461213664829865,1.5656659724820212
1,67.0780082547752,12.371593604980374,11.685913571187113,0.6856800337932611
0,49.93931708698884,5.01344266510283,7.566181883444514,-2.552739218341684
0,58.990760039304135,10.662122348291184,10.0167114878717,0.645410860419485
0,58.197198994781274,6.927823887562441,9.856326678426042,-2.9285027908636003
0,53.372404166711725,5.9380535950719775,8.678732976262813,-2.7406793811908354
0,53.87757011487513,4.787070456748202,8.842068978667829,-4.054998521919627
1,62.520821707235385,12.286328006580389,10.951169407000048,1.3351585995803408
0,69.03677869087277,10.982594859085278,11.83592310059045,-0.8533282415051726
1,59.81117388854885,18.7950877310527,10.200490943533453,8.594596787519247
0,50.50297707227314,6.329935875508537,7.729945191458316,-1.400009315949779
0,49.31872033304866,5.885930836038647,7.403277256316803,-1.5173464202781553
0,54.057949284500175,8.072662777570127,8.898576181408002,-0.825913403837875
0,68.11758672351456,5.479135181493932,11.745976586594011,-6.266841405100079
1,65.83025852224678,16.02540239677507,11.607825461470197,4.417576935304874
1,70.36834774268306,12.920404277406302,12.096348690568199,0.824055586838103
0,49.452115566933045,1.710476039834104,7.436805889941534,-5.7263298501074305
1,59.55337551673836,12.185564052463198,10.140097237965048,2.04546681449815
1,60.652031443449,5.274945072189266,10.417373734558021,-5.142428662368755
1,70.96505640689278,17.524073685310704,12.276967699452353,5.247105985858351
0,58.553362117912855,4.74327757822212,9.926870145216569,-5.183592566994449
0,48.48033679288325,5.270323827512853,7.209207557875485,-1.9388837303626314
0,63.11370004191431,12.415922494930832,11.113466384012913,1.3024561109179196
0,61.642115960569456,13.979337998380306,10.698535788536464,3.2808022098438414
0,48.05260708607875,1.6875930290490837,7.120001043771609,-5.432408014722525
0,55.9320397256087,8.485747015442962,9.400082173039786,-0.9143351575968239
1,73.33011720258713,20.952332906048067,13.286325571290645,7.666007334757422
0,60.21879486175765,3.9537823305950575,10.301990142931961,-6.348207812336904
0,56.51423229781549,11.212634844785985,9.525472620370747,1.6871622244152373
0,57.131639000596905,10.062597481461143,9.649589960432996,0.4130075210281472
1,60.42208280086184,14.642908158676144,10.355291636542487,4.287616522133657
0,55.92783545422287,6.991664646287491,9.399136980184394,-2.4074723338969033
1,68.11761166681282,11.753647216991835,11.745978390581136,0.00766882641069877
1,58.874301974441686,9.542429917805482,9.992358547290282,-0.44992862948480017
0,52.38065780038894,9.076480837291529,8.345041092512878,0.7314397447786511
0,72.24528469070472,13.238344144059742,12.775747298709732,0.46259684535001
0,63.984459691666494,9.18686034251507,11.326281676080587,-2.139421333565517
0,57.70407472673797,5.12564894225396,9.760673141166745,-4.6350241989127845
0,56.81389538153928,15.180609623316505,9.586563783288243,5.5940458400282616
0,71.99741826736896,9.2335283707762,12.66902318372406,-3.4354948129478586
0,46.66910321667657,4.92086247797688,6.865728914689918,-1.9448664367130384
0,48.83106465317826,7.19486725610183,7.287075223933578,-0.09220796783174823
0,52.4750021136682,4.643055862125098,8.377110275902204,-3.7340544137771063
0,46.62643490729279,6.089740863255244,6.8585305746066725,-0.7687897113514284
0,57.76368656444759,7.510545271587152,9.772182048338326,-2.261636776751174
0,57.3652130902919,10.87396064293689,9.69514823320125,1.1788124097356398
1,73.94415282106355,20.18490761744368,13.598443830246135,6.586463787197546
0,61.72071050680509,10.2397478423225,10.72132035088443,-0.48157250856193023
1,70.58018316014606,10.190708956254896,12.156142819240497,-1.9654338629856003
0,66.10108586253565,10.599736664189628,11.62908471748885,-1.0293480532992216
0,71.92287927440954,8.734333855523444,12.637789013374986,-3.9034551578515426
0,48.14620804994725,3.692002601615744,7.139017364207365,-3.4470147625916208
0,48.51487848132087,3.3215158675603997,7.216679142146087,-3.8951632745856872
0,52.84241642464093,12.222635488405244,8.501665051073969,3.7209704373312746
0,47.467302076426485,11.119675758720287,7.0068307731289865,4.112844985591301
0,63.26051253519864,14.906452500637908,11.151837348453437,3.7546151521844706
0,47.10516100010014,3.820633610814757,6.941171119750018,-3.1205375089352607
1,68.61067464492929,15.38258113031088,11.787662395036751,3.5949187352741294
0,64.3851057790685,11.46832829962268,11.409652309212788,0.05867599040989191
0,74.35082322063639,7.056156115979873,13.810806050743992,-6.754649934764118
0,52.68504775161785,10.67127976396625,8.44841724960491,2.2228625143613403
1,65.93324876769748,15.35367045896094,11.616330753024338,3.737339705936602
1,61.061572057273445,12.18675817744642,10.53164105831921,1.65511711912721
0,63.24548608382288,7.5917855563009535,11.147949735952439,-3.5561641796514856
0,67.38952149205664,10.092644783475585,11.701899934727395,-1.6092551512518103
0,72.20298168588185,9.794409351709312,12.757231492717061,-2.9628221410077487
0,51.2437285920366,8.532119523925301,7.963686908732387,0.568432615192914
1,58.866481704601775,8.026517858570756,9.990735517426087,-1.9642176588553308
0,56.72286083592102,13.22482499333482,9.56820114459582,3.6566238487390006
1,69.63814139218145,16.860882299146294,11.929950036049542,4.930932263096752
0,57.19927898370173,8.766716439383318,9.662835480945642,-0.8961190415623239
0,68.68847045462053,10.505752479933488,11.795518091140734,-1.2897656112072458
0,46.691189359445,11.297725215908052,6.869466820060485,4.428258395847567
0,56.22842243314805,7.9853846998463505,9.465192201266264,-1.4798075014199137
0,52.6914663504567,2.2830920119255325,8.450592759573919,-6.167500747648386
0,49.97518720341464,-0.9144061796294202,7.5761571026041326,-8.490563282233552
0,57.433265662782006,8.979728150516383,9.708342394311952,-0.7286142437955689
0,47.92836181818129,6.435521479994886,7.095170917521176,-0.6596494375262898
1,59.20161743719184,16.414327411756403,10.061757140409544,6.35257027134686
1,60.00966215921024,8.90676621652451,10.248959110643394,-1.3421928941188845
0,50.35131539917236,5.791810042466446,7.684488050963541,-1.8926780084970947
0,45.75050624326007,0.8493356776236051,6.716171087257352,-5.8668354096337465
1,66.04150987004326,14.003918250511012,11.62470496260513,2.3792132879058823
0,56.53099285836888,12.7871388561036,9.52894165011732,3.2581972059862796
0,59.462749908902445,9.510090180411794,10.119493670003937,-0.6094034895921432
0,54.8080127422958,5.3676108392938895,9.119779104669309,-3.7521682653754196
1,71.18276663138336,12.36945211870392,12.351842426941005,0.017609691762915602
0,46.811968858920125,6.833806837198787,6.890056379642638,-0.05624954244385094
0,50.81391875065982,11.180695190282012,7.825910262906204,3.3547849273758086
0,51.79707967720567,3.2684475795150494,8.14734627517613,-4.87889869566108
0,51.137042110827245,10.92421770876153,7.92901021267145,2.99520749609008
0,48.447024668365465,12.426719656317871,7.202041312155675,5.2246783441621965
0,58.531534518558765,11.17582194023086,9.922490939266916,1.253331000963943
0,56.50470911847678,8.060913880678733,9.523498535588153,-1.4625846549094206
0,49.998831908989935,7.020724622369098,7.5827675553313645,-0.5620429329622665
0,49.9648050085555,2.7675914220403115,7.57326331701692,-4.805671894976609
0,72.45726484204089,9.087073400164888,12.870297184926864,-3.783223784761976
1,73.29124260084491,15.75325641800996,13.267020061416458,2.4862363565935013
0,50.70880843464826,6.638496689011036,7.793081336601993,-1.1545846475909576
1,60.576683185826326,16.527966278148995,10.396840728962873,6.131125549186121
0,69.73274668069342,8.093311009165603,11.948023711675186,-3.854712702509582
0,46.84000468863895,8.477889689308341,6.894872829948162,1.5830168593601792
0,55.37021429897032,7.224690412439995,9.267497299247994,-2.042806886807999
1,71.61241809824858,16.45013535729848,12.512281664021609,3.9378536932768693
0,55.968681115455134,11.309581783093886,9.40829288588708,1.9012888972068058
0,51.6768123525758,4.906202227132642,8.106985850756624,-3.200783623623982
1,68.9746987400774,6.554426672861573,11.82804952077395,-5.273622847912377
0,52.4079777322336,14.333586892554,8.354328407506253,5.9792584850477475
1,68.58107932987203,16.23009393233342,11.784775788355724,4.445318143977698
1,71.72551225958344,16.419162846861195,12.557120230424001,3.8620426164371935
0,46.56001984628471,2.4021897467339746,6.847384596563268,-4.445194849829294
0,65.82621897302582,13.701579333160597,11.607480499631132,2.094098833529465
0,54.32175288839071,13.34868378127788,8.979106360850519,4.36957742042736
1,62.82429704552023,15.5100063704882,11.035539454035046,4.474466916453155
0,46.958824696351066,12.351769621492512,6.915448707360811,5.4363209141317
0,64.83827718690293,9.914265532674367,11.489855449655613,-1.5755899169812455
0,63.550053045114296,7.565364997737988,11.224802802857857,-3.659437805119869
1,61.31222002867933,10.427492738100415,10.603239496242159,-0.17574675814174334
0,54.40890472785987,5.583061164005991,9.0051025331832,-3.422041369177209
1,71.81258017985664,17.43123138383182,12.592335811979954,4.8388955718518645
1,61.043621514914086,16.439754698304085,10.52655329728036,5.913201401023725
0,46.889858598646846,8.438356319951353,6.903473380375117,1.534882939576236
1,59.70668639421041,9.56822574184069,10.175681400233703,-0.6074556583930129
1,62.1302346942104,15.360755552091693,10.839799947951212,4.520955604140481
1,63.320463920285306,10.870573028743287,11.167253474614023,-0.29668044587073616
0,57.658945492411135,8.743035904660267,9.751961479614348,-1.0089255749540804
1,73.60878096500186,14.182574798175716,13.426418515831875,0.7561562823438415
1,73.60641285070693,16.901267192006323,13.425216215891092,3.4760509761152303
0,73.61880884313547,17.69904024498507,13.431511796028982,4.267528448956089
1,67.55796475056349,12.91749707464272,11.710942927216019,1.2065541474267008
1,61.40982304734901,9.209109926756275,10.631344378900467,-1.4222344521441919
0,51.63897652633026,14.919176820812046,8.094331138978816,6.82484568183323
0,68.80009493588307,5.056793162169147,11.807500113384437,-6.75070695121529
1,69.65035864026267,12.639980805285123,11.932229543850566,0.7077512614345576
1,72.00907496105458,18.45008041373838,12.673944630536385,5.776135783201996
0,58.207253328299984,6.932619308242455,9.858295306474012,-2.925675998231557
0,54.386739275927184,14.662899618004102,8.998521203035281,5.664378414968821
0,61.5214584524349,10.769533915614202,10.663594957565003,0.10593895804919917
1,71.79009462139143,12.138359708512866,12.583184361220438,-0.4448246527075721
0,54.2447309996009,9.712614952552515,8.955872022472146,0.7567429300803692
0,48.25894179289264,8.781603582279553,7.162287703461422,1.6193158788181314
1,66.6336654389086,12.767681026574015,11.662582843298564,1.1050981832754516
0,49.873922879172525,3.789322699043293,7.5481596990436035,-3.7588370000003106
1,70.3831602253176,16.7311903444732,12.100367984639986,4.630822359833216
1,69.79644222173336,13.254014888947296,11.96074872556001,1.2932661633872868
0,53.27088176295075,5.5432949706562615,8.645174113478221,-3.10187914282196
0,53.662710316856064,7.107746649064849,8.773426860439582,-1.6656802113747329
0,46.492006265967255,-1.792249007437008,6.83604153187335,-8.628290539310358
0,56.7535376438259,13.879355919778902,9.57440658978815,4.304949329990752
1,63.198260946547805,8.936524627815805,11.135671664689202,-2.1991470368733967
0,46.05124565655422,5.74521645251538,6.764063276964226,-1.018846824448846
0,49.52940641509471,6.687989865504224,7.456594267507358,-0.7686044020031346
0,70.73247029222117,9.650454161120583,12.202123634326616,-2.551669473206033
1,60.10773623171348,7.532077513270771,10.27358502661188,-2.7415075133411086
0,62.57155909095148,14.166938947656412,10.965432452225443,3.2015064954309693
1,58.33972837255379,10.237203197314248,9.884343530679915,0.3528596666343322
0,54.23579912981175,7.6000151714558415,8.953162339223251,-1.3531471677674096
0,49.61729060571129,3.3359886351329227,7.479424279536168,-4.143435644403246
0,67.20783951989709,9.50989752835336,11.692518073581555,-2.182620545228195
1,66.62120442871344,18.7852602735177,11.661888846125397,7.1233714273923034
0,46.019925092525696,5.632597339445144,6.7590360312012,-1.1264386917560563
1,61.41293511818745,11.615802516592948,10.632242067688171,0.9835604489047771
1,62.292033402672544,5.415131650408858,10.886223999946825,-5.471092349537967
0,58.07091021284378,14.67611622705834,9.831683626286928,4.8444326007714125
0,55.299997955504246,12.462923198828994,9.249941970783716,3.212981228045278
0,56.62158577798894,6.7027288659750655,9.54757885477466,-2.844849988799594
0,74.89658265189264,18.64311779735637,14.09956568234416,4.543552115012211
1,61.828777597182224,8.82308690082487,10.752652403055741,-1.9295655022308704
0,55.579459210054175,11.93021767105792,9.318443428931612,2.611774242126307
0,57.73083466207294,11.445456213799613,9.765839088781318,1.6796171250182947
0,58.43317661027852,12.141259401000626,9.902857866069876,2.23840153493075
0,59.2097684794414,16.823514242293868,10.063525152790376,6.759989089503492
1,64.68188405884088,9.062062164183104,11.46401558431422,-2.4019534201311163
1,58.55009973480146,11.916907712236975,9.926215085415173,1.9906926268218026
0,48.437746192459706,7.660311916247891,7.200052120153705,0.4602597960941859
0,57.4217701693159,12.454154533039636,9.706115492076995,2.7480390409626416
0,54.68744527883056,1.99641535810994,9.085935915556338,-7.089520557446398
0,46.60546589474162,4.408330233485169,6.855003891074204,-2.4466736575890344
0,46.465936499543005,3.882369339224152,6.831712145757137,-2.9493428065329845
0,64.2337541849154,9.710168153320371,11.379428055537543,-1.6692599022171724
1,73.51797327420522,18.391537669213072,13.3804535331545,5.011084136058573
1,58.9996070569788,11.392824888342153,10.01857604756016,1.374248840781993
0,45.14086405212821,9.25437189998044,6.620869427803659,2.6335024721767804
1,59.043204867916266,9.45706278399613,10.027795832942857,-0.5707330489467264
0,45.11822309731965,0.9011807031433248,6.61735375975624,-5.716173056612915
0,63.03240444309387,8.65008656021259,11.091865155472039,-2.44177859525945
1,64.54641116381293,14.71393785209828,11.440036575802404,3.2739012762958755
0,51.92252760169134,7.418131432986665,8.189633941322379,-0.7715025083357139
0,64.66773334575065,9.97637394642657,11.461578821763897,-1.4852048753373275
0,52.85982666428559,5.577185486927464,8.507542644655501,-2.9303571577280376
1,65.43065467507702,5.699576426589437,11.568987921759874,-5.869411495170437
0,55.08448904409368,3.129690199667793,9.194514708432973,-6.064824508765179
1,71.7297783622261,8.78223472171731,12.558831770735749,-3.776597049018438
0,51.93653324542712,13.842803749935008,8.194365322321751,5.648438427613257
0,62.14290794246405,9.588174806868876,10.84344775131012,-1.2552729444412432
0,58.601995992323495,4.810141536279054,9.936658444772439,-5.126516908493385
0,66.8238523152003,13.736288169974884,11.672837171408462,2.063450998566422
0,71.88736558645584,17.55977687323513,12.623053242778939,4.936723630456191
1,64.98016744456548,10.026696954488887,11.511507274070476,-1.4848103195815892
1,60.38585104550277,10.082203191977394,10.345675651411653,-0.2634724594342597
0,48.569245269615486,13.223176765890258,7.228524211805047,5.994652554085212
0,46.582891597769965,14.22734774495116,6.8512150987542375,7.376132646196923
0,52.77775399299759,7.546541792695233,8.479810306202918,-0.9332685135076844
0,47.10959432975906,7.164016673649544,6.941957267182697,0.22205940646684752
0,63.76939194376493,15.398547892117373,11.277349738556651,4.121198153560721
0,58.685986583546594,13.546939221835387,9.95366960318763,3.593269618647758
0,47.92417799857894,11.783219492638697,7.094342770694267,4.68887672194443
0,57.263261779205365,6.099451780305299,9.675322532811288,-3.575870752505989
1,74.7200752831044,14.739670826580555,14.005909523109418,0.7337613034711374
1,62.45321871129782,16.142405697535953,10.93208054015751,5.210325157378442
0,70.69768800606084,10.276137375029482,12.191406350041794,-1.915268975012312
0,48.626756760003246,6.566595887034321,7.241169404878412,-0.6745735178440908
0,73.98177762694375,18.277694084121418,13.617939205526831,4.659754878594587
0,53.31798166517488,13.217243144473148,8.660768758067498,4.55647438640565
1,58.31989800198525,10.413062564099492,9.880430409776565,0.5326321543229273
0,67.47860976474782,7.913859268272456,11.706627903331405,-3.792768635058949
0,52.49944540188418,10.81144012971385,8.385416715302078,2.4260234144117714
0,45.007233685077445,6.193132462394988,6.600125498662955,-0.40699303626796635
0,69.07417525753856,8.340532909603112,11.840816896329285,-3.5002839867261724
1,67.00324203757134,10.567976468941255,11.682106408396411,-1.1141299394551556
1,70.32845854257354,8.343139490430737,12.085648142948402,-3.7425086525176656
0,52.73643439728723,5.700140312945336,8.465826218753763,-2.7656859058084278
1,60.373091246921874,12.560663421354812,10.342300726700344,2.218362694654468
0,71.54343144843025,13.287806945584494,12.485445596152486,0.8023613494320081
1,60.47590009117887,10.783612513113356,10.369662148897557,0.41395036421579867
1,65.92777003422499,6.897953174462872,11.615891957857484,-4.717938783394612
1,64.63521075260273,6.647521019955386,11.455917717908044,-4.808396697952658
1,73.49883955377206,15.971995833039989,13.370805609279465,2.601190223760524
0,71.08864224887276,15.234207404000832,12.31891643824164,2.9152909657591923
1,73.52657443518001,16.023763012543792,13.384794849104553,2.6389681634392392
0,46.450909716725775,6.476279190149201,6.829221189005583,-0.352941998856382
0,54.128649951513694,8.562051404005937,8.920416720328976,-0.3583653163230398
1,72.34159584092836,17.985254383419335,12.818346162903316,5.166908220516019
1,62.56606427601711,10.639306057086332,10.963890535041372,-0.32458447795504064
0,53.93234924347834,8.147418980435502,8.859344124646942,-0.71192514421144
1,58.30623106176354,6.214896533552519,9.877736526754466,-3.6628399932019473
0,63.07940162838892,10.942905136468616,11.104382297786923,-0.1614771613183077
0,53.61882461653547,5.982038859755457,8.759245795005127,-2.7772069352496693
1,66.1890958066399,8.405859444728621,11.635281277443669,-3.2294218327150475
0,49.156242345706985,13.302875003458109,7.363475857435059,5.9393991460230495
0,53.39664618364476,15.10097714556136,8.686715177840377,6.414261967720984
1,71.46646243091628,21.16401821833423,12.455976902079023,8.708041316255208
1,61.99344743434264,14.151589738495742,10.80033089106291,3.351258847432833
1,62.82640770455325,17.205744665565394,11.03611757689066,6.1696270886747335
0,59.085283961375154,9.567091843908447,10.036744969189213,-0.4696531252807663
1,62.316733727926525,15.090585318774124,10.893279361945385,4.197305956828739
1,62.74662553556881,14.812359331226396,11.014175073015405,3.7981842582109913
0,56.39082614807144,8.203728080186982,9.499715236203873,-1.2959871560168903
1,68.13278677557246,13.352179078059718,11.747080847444646,1.6050982306150718
0,68.68916012035484,6.243977805172668,11.795589508762177,-5.551611703589509
0,61.522189391124336,5.569960960536407,10.663806410582653,-5.0938454500462464
1,61.91296374344626,16.679827354390593,10.777043327544764,5.902784026845829
0,59.798402234678285,11.902067268405633,10.197433206839802,1.7046340615658302
1,71.63336285795256,12.978347028418993,12.520507208050386,0.4578398203686067
0,50.976185265641554,10.172809384892837,7.877298582236837,2.2955108026559996
0,46.883268368471285,9.591629897451675,6.902333801169457,2.6892960962822183
1,74.38354195064505,19.98207788604124,13.82802579889885,6.154052087142389
1,65.26764423208942,14.169288971734089,11.550050015957781,2.619238955776307
0,56.85285766946972,8.084651482684766,9.594376462135639,-1.5097249794508727
0,46.206120434894416,9.281240711214604,6.789079102942989,2.4921616082716147
0,46.75437865217301,8.214763356299098,6.8802069900071645,1.3345563662919337
1,58.88471727631878,15.812535721259362,9.99452248686947,5.818013234389891
0,53.290621156371685,8.794845601757249,8.651714983755285,0.14313061800196358
0,72.8185777405607,17.148521036473863,13.037727365644978,4.110793670828885
1,70.02950676506538,19.92792165244748,12.011316824247208,7.916604828200272
0,68.69504511352838,11.677972110522369,11.796200215815718,-0.11822810529334937
0,57.46918662665568,11.261726266018965,9.715296709994746,1.5464295560242185
0,54.39383210252909,12.5520866663204,9.000629470563274,3.551457195757127
0,74.25705065551361,19.21694047879992,13.761549463893973,5.455391014905947
0,55.145392228147735,10.951407926139147,9.210422270084177,1.7409856560549706
0,67.01551274393613,9.871081330783484,11.68273247271114,-1.8116511419276549
0,45.4399200439879,11.755519577422428,6.667415606488023,5.088103970934405
1,73.87504632126851,11.565326492988763,13.562731254075768,-1.9974047610870045
0,62.00505447931442,2.431861370971207,10.803685999534007,-8.3718246285628
0,51.83621203672868,13.69327695539998,8.160518752927652,5.532758202472328
1,63.53607459449942,10.697824926858514,11.221370193058581,-0.5235452662000668
1,60.00689766326053,9.796093305043689,10.24827145641743,-0.45217815137374195
0,58.40276208348641,15.113786111254273,9.89681803056968,5.216968080684593
1,59.76009412088896,14.855593043748025,10.188304144630452,4.6672888991175725
0,59.91751873875601,5.121352088400617,10.226233632874582,-5.104881544473964
0,58.43259880289782,5.7343731666138975,9.902742991521576,-4.168369824907678
0,58.619237743544666,6.313051609492635,9.94013923461301,-3.6270876251203754
0,51.43279881274769,11.345576615933744,8.025794812729377,3.3197818032043678
0,56.70042057734983,2.990402497132334,9.563650027219463,-6.573247530087129
0,51.30484145231621,7.362858900053093,7.983675144280989,-0.6208162442278962
1,74.62067319544587,7.088171954376276,13.953248151913069,-6.865076197536793
0,63.492011993212216,12.327814909636686,11.21048751602282,1.1173273936138663
0,53.435891651548005,5.377353587869012,8.699610683821069,-3.3222570959520565
0,50.79450772894759,2.4911782672603664,7.819819446161281,-5.328641178900915
0,51.571083494182254,3.74894844492571,8.07168019184357,-4.322731746917859
0,66.50891303073487,9.939331558670979,11.65548110570291,-1.7161495470319306
1,59.04184463304341,7.026948475001367,10.02750738269775,-3.0005589076963837
0,74.4306438579884,10.32118718611085,13.852843002162786,-3.531655816051936
1,66.49764516334793,9.955255047032596,11.654821499783822,-1.6995664527512258
1,66.81801433024755,16.35831426770509,11.672530347717434,4.6857839199876565
0,53.19600224693775,15.060602197178872,8.62029659857096,6.440305598607912
1,60.50102488964456,13.986614192748153,10.376405756682168,3.610208436065985
0,61.71994505989124,6.696754318733836,10.721098408150812,-4.024344089416976
0,52.94111498414383,6.830368897541955,8.534942554475453,-1.7045736569334977
0,50.199882809563455,7.9535907052039825,7.640081765938649,0.31350893926533363
1,60.96224893155025,14.504673165190953,10.503569441992964,4.001103723197989
0,67.02236537662581,15.785914753896671,11.683081839906341,4.10283291399033
0,71.84536896333303,8.305104177819553,12.605750750965237,-4.300646573145684
0,59.10134731552704,7.84053883169555,10.040174644107472,-2.1996358124119215
0,60.62800636829358,6.290599676872641,10.410807724690248,-4.120208047817607
1,69.4450153836659,8.436019004112845,11.89598377585224,-3.4599647717393953
0,45.08390440569773,5.744207478238565,6.612025834577843,-0.8678183563392787
0,46.09685166244581,8.113956765304156,6.771401926292519,1.3425548390116369
0,68.164558935235,6.4444952871765455,11.749421499515813,-5.304926212339268
1,58.48175410495909,12.974018785795788,9.912534448630165,3.0614843371656235
0,64.2982803604879,11.998487569997073,11.392510340593715,0.6059772294033579
0,56.42886963896044,15.272020673741528,9.507697252492001,5.764323421249527
0,56.59449890347084,12.881977560262682,9.542025985409648,3.3399515748530337
1,68.68349356791963,11.532798472146789,11.795003654704683,-0.26220518255789393
0,49.74547789130108,10.220325938668523,7.513366215540632,2.7069597231278912
0,52.39381977598724,8.326029524894528,8.349515490263375,-0.02348596536884706
0,64.97323328998877,12.891607496552046,11.51049001636086,1.381117480191186
0,45.65047484864856,9.54591435439224,6.70040419700612,2.84551015738612
1,60.93986289491845,11.00244232298121,10.497270670249991,0.5051716527312191
1,72.21969002791127,10.912428641626722,12.764530213794867,-1.852101572168145
1,65.98192831059794,12.632288852656274,11.620164942806056,1.0121239098502173
0,68.19956561881254,13.37834994361,11.752052620816619,1.6262973227933823
1,71.45197156685452,9.279460781539225,12.450485478889739,-3.1710246973505143
1,65.75323296565513,14.185693884733688,11.601092920832869,2.5846009639008187
0,45.909990558371454,10.079462543900869,6.741467340899439,3.3379952030014293
0,63.25806168403463,14.796995119142398,11.151203907595885,3.6457912115465128
1,66.06112824194554,18.585015354189164,11.626164429365614,6.958850924823549
0,52.95781028909441,8.266478569503889,8.540560713544352,-0.27408214404046305
0,46.37084791779089,10.883544760979944,6.816003817662693,4.067540943317251
1,74.20113210974294,10.172383557641306,13.732250377312514,-3.5598668196712087
0,68.73878804157053,15.412910222744603,11.800812874218272,3.6120973485263317
0,57.39700218347826,9.426192135413075,9.701314968870763,-0.2751228334576883
1,60.359188201104416,11.915724266132226,10.33863037421796,1.5770938919142665
0,45.458695632099214,10.286809222785982,6.670348067094549,3.6164611556914323
1,70.67707878383074,8.561696060095635,12.185115823096265,-3.62341976300063
0,66.22937962343228,14.413845457803342,11.638015558409704,2.7758298993936386
0,46.05845776607775,7.6404876591808355,6.765222332593276,0.8752653265875594
1,67.52378950136259,9.02520249422875,11.709071179913929,-2.6838686856851783
1,71.72158070519964,8.478852225612702,12.555544192365554,-4.076691966752852
0,54.77836338694621,4.37042389771438,9.111524251584866,-4.741100353870486
0,61.048231753919296,12.059665714586489,10.527859404558336,1.531806310028152
1,61.856289289859085,15.886776124635782,10.760625889614845,5.126150235020937
1,70.83546713288013,15.751939957563792,12.234592320111503,3.517347637452289
1,63.0987448727042,9.321100823678963,11.109510808689537,-1.7884099850105741
0,45.832452008365,2.3460636091558884,6.729142479740897,-4.383078870585009
1,74.83082255001437,12.24791012316337,14.064657277636162,-1.8167471544727913
1,71.67388437695632,15.671491324461895,12.536522805986966,3.1349685184749294
1,74.71792807811715,10.21141441105062,14.004771196980291,-3.793356785929671
0,57.35858147110668,16.197298086066574,9.69386095342822,6.5034371326383535
1,60.3951479986465,9.651920277406077,10.34813847990185,-0.696218202495773
0,49.365363158644776,9.060876579484871,7.4149121287786155,1.6459644507062556
0,51.38739930373646,10.454147621550232,8.010810966526002,2.443336655024231
0,59.68409096716022,7.859930969305525,10.170377057922423,-2.3104460886168976
0,62.694933068145694,17.766662997633208,10.999863762289836,6.766799235343372
1,67.78471186652732,16.026667560699003,11.72400356099873,4.302663999700274
0,46.14297771766954,-0.4674226844643159,6.778847387685175,-7.246270072149491
1,69.04055433350631,14.624867822569955,11.83641198473444,2.7884558378355155
1,69.73396281029707,15.098023575826776,11.948262424178758,3.1497611516480184
0,59.73741512071892,14.393667374124778,10.182929293362456,4.210738080762322
0,54.464284266845596,8.840725774419916,9.021453209366948,-0.18072743494703225
0,52.88860435290648,3.3847626027785696,8.51725101874298,-5.132488415964411
1,72.50997511513523,13.649351544109416,12.894247668195778,0.7551038759136386
1,73.85931610580172,22.52961337729519,13.55462012897993,8.974993248315258
0,47.18407394923823,5.617679222503526,6.955227147916585,-1.337547925413059
0,62.66938534571402,10.36753921357977,10.992764779272829,-0.625225565693059
0,54.89739278125743,10.063138574234353,9.144388897023918,0.9187496772104353
1,72.0889098435401,11.117392713273468,12.707914375890248,-1.59052166261678
0,65.45055736738583,11.672259576437533,11.571167560569323,0.10109201586820937
1,72.77212856832621,14.981116462589926,13.015791492339078,1.9653249702508475
0,60.67701379294467,9.877118396794515,10.424219654456671,-0.5471012576621561
0,53.76526741370036,3.959676400668827,8.806360141725879,-4.846683741057052
0,53.56058065722226,7.29566138038153,8.740347492382673,-1.4446861120011434
0,48.67545674020021,4.468466606737628,7.251971007402689,-2.783504400665061
1,62.233328339838565,15.730605523674868,10.869419502711963,4.861186020962904
0,66.57304041620819,12.128765746417264,11.659175675275275,0.4695900711419885
0,60.42300648416474,11.416880487483356,10.35553741051229,1.061343076971065
0,57.51013279143783,10.533491262151273,9.723216957317502,0.8102743048337704
1,60.32149206327635,10.065531887853082,10.328715811665205,-0.2631839238121234
0,53.25231962435265,9.658180887898876,8.639016641897676,1.0191642460011998
0,56.34047025388681,1.3572425003490496,9.489090286669963,-8.131847786320915
0,48.98813595009078,13.117276964147027,7.3234515374233675,5.79382542672366
1,62.50585742068552,17.911436826081225,10.946952081416113,6.964484744665112
1,69.53011240221895,17.244713260426106,11.910478843638424,5.334234416787682
0,71.98678966136539,12.464309226959926,12.664544438487068,-0.20023521152714174
1,74.78198460209214,19.13670018138924,14.03874248385475,5.097957697534492
0,47.7616502616598,6.49076554426119,7.062561179230328,-0.5717956349691384
0,70.59435126010641,11.550153862637895,12.160316760381631,-0.6101628977437361
1,58.88853849224177,8.910855604478785,9.995317075793716,-1.0844614713149312
1,67.72060868957053,9.27901780102708,11.720183661162245,-2.4411658601351647
0,65.15095837038427,17.06999439655073,11.535236569097352,5.534757827453378
0,68.51813180638314,8.980671052258936,11.778815894432295,-2.7981448421733592
0,61.116307312998806,11.549953118723932,10.547191249697963,1.002761869025969
1,66.43307219289778,19.29827760207516,11.650976533414827,7.647301068660333
1,61.12257506060496,10.646224090319627,10.548975272037152,0.09724881828247511
0,57.958092049563504,8.247594050896579,9.809777859386937,-1.5621838084903583
0,58.579009278346966,3.6054591199182457,9.932026587672215,-6.32656746775397
0,50.050614120446795,10.14610307272184,7.597341979896314,2.548761092825525
1,60.35309095941678,6.9435582341830155,10.337023032035361,-3.393464797852346
0,70.8405178795245,15.57126409668098,12.236212379662371,3.33505171701861
0,54.042066426323046,9.887664114094472,8.893645078725195,0.994019035369277
0,45.35562513494287,9.101268361109476,6.654267936589939,2.447000424519537
0,46.7911098490113,6.990954659090811,6.886482123960402,0.10447253513040877
1,66.62905757946785,13.0937957058625,11.6623265823151,1.4314691235473997
1,58.80470653247524,12.91713179590683,9.977966239945573,2.9391655559612566
1,71.75387296011239,7.611800979023657,12.568525524318217,-4.956724545294559
1,62.86196323575646,10.147185670761122,11.045836378543834,-0.8986507077827124
1,58.977698279667024,8.931650864100526,10.013962499661584,-1.0823116355610587
1,65.39204644574329,18.1523756288814,11.564679460254146,6.5876961686272555
0,74.73945949268662,14.122598111161016,14.016187281547582,0.10641082961343429
0,58.56918464245721,12.761852365843076,9.93004989816231,2.8318024676807667
0,60.433281592989445,5.0932496573317625,10.358273490457625,-5.265023833125863
0,46.1834722561941,5.448144856891206,6.785403783748585,-1.3372589268573787
0,46.85930491761192,13.13688708106596,6.898196921436163,6.2386901596297974
1,68.72188146862979,13.041029341019556,11.799014665635898,1.2420146753836576
0,68.0671075969235,8.925333242658029,11.742379175189457,-2.8170459325314283
1,61.044512503306734,6.802812324304561,10.526805687770013,-3.7239933634654516
1,69.09604973276733,11.68042993594914,11.843733101948283,-0.1633031659991424
0,60.93613635555595,13.14301827559038,10.49622319382162,2.6467950817687598
1,69.7592778683742,12.416794502762464,11.953268825350005,0.4635256774124592
0,66.48003675123053,13.793604445595571,11.65378415125464,2.1398202943409306
1,71.28619778065709,13.981803420183526,12.388971950495817,1.5928314696877095
0,61.572514131254714,11.206237584821473,10.678372022336424,0.527865562485049
0,69.7229603587468,4.762552759745414,11.946108726058833,-7.18355596631342
1,64.72199631228091,18.138897239206617,11.47083505320521,6.668062186001407
0,52.179115456472765,7.34571742209569,8.276554819660142,-0.9308373975644519
0,50.918654335231366,3.774383180765597,7.858985199118326,-4.084602018352729
0,55.17462189621202,8.453805119527843,9.217987562373873,-0.76418244284603
0,46.32782560010336,10.97660541663836,6.808937824881093,4.167667591757268
0,54.97490667920745,9.632652772628694,9.165388098099312,0.4672646745293818
0,63.156602484113634,12.103527993246328,11.12476695820801,0.9787610350383176
0,45.965255140466155,7.785226935609024,6.750284684535416,1.0349422510736082
0,48.87852812922127,3.109103069270261,7.2979657969384695,-4.188862727668209
0,63.82323568930369,13.279447679830891,11.289851844251102,1.9895958355797898
0,59.01786188754803,11.568073942764508,10.022430086497476,1.5456438562670325
0,57.484711724522334,7.3215366321510675,9.7183005428983,-2.3967639107472323
0,50.71398991894456,10.018491630108942,7.794690734985564,2.223800895123378
0,46.42359450888604,4.34772712250253,6.824701557976472,-2.4769744354739425
1,72.55998345116737,19.578751353016823,12.917125885261463,6.661625467755361
0,56.536700114204,10.693639444682123,9.530121381987765,1.163518062694358
0,60.00858885258839,16.489171210682812,10.248692087984896,6.240479122697916
0,55.67524826204858,10.82646396342275,9.34111953245434,1.4853444309684107
1,60.94475800409501,16.527444768425614,10.498647078777722,6.028797689647892
1,69.52527143402808,14.024875093361478,11.909634636600146,2.1152404567613328
1,68.65444527586432,12.364809324758886,11.792033774153529,0.5727755506053569
0,47.38980273896982,8.550296079449922,6.992523440361938,1.5577726390879834
0,69.17378234801139,11.860018712322526,11.854424003910907,0.0055947084116194645
0,57.31877400803175,10.122901551145416,9.686127394865467,0.43677415627994876
1,62.76937646162632,4.5813912859449175,11.020450712897432,-6.4390594269525145
1,71.18197584194849,9.539385762129823,12.351562342886231,-2.8121765807564074
1,66.91524156098191,10.47088533820724,11.677592285026241,-1.2067069468190006
0,69.15455387986464,10.172064880097668,11.851731146423049,-1.6796662663253805
0,51.46010553637044,12.816676150594787,8.034827189129674,4.781848961465114
0,69.4711027536004,15.91879901348517,11.900350248001454,4.018448765483717
0,58.30882041659648,10.312660656312126,9.878246727505983,0.4344139288061424
0,55.86049791648083,10.3609811033139,9.383909943345962,0.977071159967938
0,54.64444892753038,12.542911941064975,9.073693575533055,3.469218365531921
0,46.66299076148006,0.993697959180392,6.864695871150163,-5.870997911969771
1,74.0816835200743,16.84824341841399,13.669871297391026,3.1783721210229636
1,73.98602682250302,11.781349071556942,13.62014314956902,-1.8387940780120786
0,55.51890135597416,13.67456315868372,9.303903029425712,4.370660129258008
1,65.92473229123577,10.172492513480046,11.615648018952992,-1.4431555054729461
1,68.03474662515744,12.191695631336035,11.740127566479782,0.45156806485625367
0,54.50377033970993,5.6883225745213535,9.033029127056817,-3.344706552535464
0,48.09216301591553,12.441884064979858,7.128004246749063,5.313879818230795
1,71.99258316233063,17.358903440169286,12.666984714271141,4.6919187258981445
0,69.35624024366439,18.320422140637287,11.881623200683304,6.438798939953983
0,48.72547643164394,11.092779008406533,7.263156173369304,3.8296228350372283
0,66.91515173606818,12.432242928221164,11.677587649984902,0.7546552782362621
0,48.46374851386078,12.076482768789948,7.2056342077968765,4.870848560993071
1,64.00976217869963,13.321978815972518,11.33185697866528,1.9901218373072371
1,74.64627169398294,16.224383456387162,13.966802179186496,2.257581277200666
0,45.53099615358344,6.424947159274409,6.6816558103537025,-0.2567086510792933
1,58.747701063650695,8.983601989819038,9.966261251710831,-0.9826592618917935
1,59.64886867761574,6.653920334272648,10.162150450783955,-3.5082301165113066
1,62.50304905617343,11.55807877145744,10.946160086711862,0.6119186847455786
1,64.29826365879734,12.345806092064333,11.3925069918267,0.9532991002376328
0,56.55928560006079,11.596774601952694,9.534782434404782,2.0619921675479116
0,52.87374185641471,5.425535778382628,8.512238122780737,-3.086702344398109
0,69.89120014197056,11.632266607132898,11.980534656781339,-0.34826804964844094
1,65.80863778200836,20.170832420180037,11.605968811606989,8.564863608573049
0,67.27569436671517,10.717126131901937,11.695992213664368,-0.9788660817624315
0,55.32467384256975,12.784910412472684,9.256138668870815,3.528771743601869
0,54.29219089466719,15.67715526073359,8.970216970684167,6.706938290049424
1,71.55554933829947,13.062631298979618,12.49013076337641,0.5725005356032078
0,47.0551184531433,10.674864197942954,6.932325719314582,3.742538478628372
0,61.4436154477312,14.373336005873265,10.641096481265707,3.7322395246075573
0,57.155554353773326,10.20226150459558,9.65427879671829,0.5479827078772903
1,60.27619934831587,5.782171960116872,10.316876567101168,-4.534704606984296
1,63.29205257800525,9.212213234817936,11.159966678424471,-1.9477534436065351
1,66.80753230342751,14.817673864783544,11.67197839636586,3.145695468417683
0,58.118739076487394,7.602224760885679,9.840999395092716,-2.2387746342070374
1,74.12632994464782,14.06652146758628,13.693151981269647,0.37336948631663347
1,65.93412308547867,17.538088000957842,11.61640063973698,5.921687361220862
1,73.69467059834848,20.51726385742757,13.470150177574107,7.047113679853462
0,56.63079270224858,10.60130450464882,9.549462607655643,1.0518418969931762
0,56.62232862540568,7.373794040899248,9.547730911435153,-2.173936870535905
1,73.24354115913705,10.96286418234044,13.243416796213069,-2.2805526138726293
0,60.94567249065023,9.82519612452545,10.49890427260812,-0.673708148082671
1,66.8613843662006,17.673626513844606,11.674800315923378,5.998826197921229
0,66.95170136060817,11.001774016806332,11.679468555386187,-0.6776945385798552
0,67.97567292827723,8.509388891899983,11.736121972616239,-3.226733080716256
0,58.174009396595686,12.050677081649804,9.851790220644805,2.1988868610049987
1,61.39275277270122,8.046694385971568,10.626421986145182,-2.579727600173614
0,64.27363839829698,14.596849327075727,11.387548338488532,3.209300988587195
0,60.136227736455005,13.969426069317388,10.28082101734873,3.6886050519686577
0,73.32807634974414,21.73395182454461,13.285310528823551,8.44864129572106
0,67.6535329757493,6.477154424252532,11.716300195470144,-5.239145771217611
0,50.6415094643358,10.593821990812952,7.7722649415265055,2.8215570492864464
0,63.68238018538776,12.015967103421737,11.256807894428336,0.7591592089934007
0,55.889774489253725,11.96764375369137,9.390550862561643,2.577092891129727
0,56.97443045621382,10.43213007321541,9.618592096856087,0.8135379763593225
0,68.78323082820123,13.585823713714992,11.80563425318566,1.780189460529332
0,63.037153471984645,7.296568432184181,11.093133594612343,-3.7965651624281627
0,48.017557888843115,5.803711042415314,7.112949628087053,-1.3092385856717392
0,54.01107807738815,6.632875888214244,8.88399879662793,-2.251122908413686
0,52.81420987600914,14.350437355724566,8.492136439101593,5.858300916622973
0,47.25135559533109,12.592788361277671,6.9673185975445575,5.625469763733114
0,58.3390358022477,8.442572886288618,9.884206777352645,-1.4416338910640274
0,48.370192852264495,8.713637732183873,7.1856582994244524,1.5279794327594205
0,46.67596732550372,7.539901983473899,6.86688973498353,0.6730122484903696
0,58.28816591092761,14.419593870086985,9.874179382282518,4.545414487804466
0,56.36753966766453,11.807746855799993,9.49481043273347,2.312936423066523
0,57.73748427987931,15.089322160644423,9.76712287322601,5.322199287418414
1,74.69447603010198,10.02981455960588,13.992340306877045,-3.9625257472711652
1,62.97514982476485,7.380562717013662,11.07651090641755,-3.6959481894038877
0,60.36706786562949,8.917762124677752,10.340709681538126,-1.4229475568603736
0,59.54004833480345,11.389112623210307,10.137047830884937,1.2520647923253705
1,67.65690638425485,18.92197512236405,11.716492924476011,7.205482197888038
0,64.13746170353565,16.433887959779373,11.359379199714683,5.07450876006469
0,65.77642580232177,10.886944398187431,11.603154956738516,-0.7162105585510847
0,50.62663632738103,10.19002958993504,7.767686683541284,2.422342906393756
1,62.789420146465744,6.623864031535782,11.025967533225467,-4.402103501689685
0,52.03982709354486,7.582464991792749,8.2293127569767,-0.646847765183951
0,50.55947824685628,13.337030233640322,7.747116940756326,5.589913292883995
0,54.23947203066244,7.03753654561467,8.954276975644625,-1.9167404300299546
1,73.89160003542537,14.642226942256324,13.571274278972128,1.0709526632841957
0,63.47255189713072,16.690718444595927,11.20565146086114,5.485066983734786
0,66.60452358079297,15.5332884446098,11.660954820094076,3.872333624515724
0,70.55424110021389,11.951207531855625,12.1485562566054,-0.19734872474977472
0,45.0107043300248,4.834706649808348,6.600664155551387,-1.7659575057430388
1,65.5902003264465,4.280959817342088,11.585699729809395,-7.304739912467307
0,57.338923723966815,6.671659023080872,9.690043377129747,-3.018384354048875
0,48.315181385496714,10.914143190779814,7.174050677807465,3.7400925129723497
0,50.98835924245315,11.047654384090912,7.881186529833866,3.1664678542570455
0,49.255191462488206,2.798384953158916,7.3875813667590196,-4.589196413600103
1,61.81013992992197,9.371234680213806,10.747249754476513,-1.3760150742627069
1,73.40696948824102,16.011885978677075,13.324669915658703,2.687216063018372
0,54.05644342683415,1.6984792117190173,8.898109044765834,-7.199629833046816
1,70.12411088428044,8.264897377922285,12.03370077234925,-3.768803394426966
0,51.11476795099944,12.035709259206882,7.921807156461716,4.1139021027451665
0,45.0267694161525,10.011033995984391,6.603157528516797,3.4078764674675943
0,46.99508863603268,4.768191635866739,6.921782749241767,-2.153591113375028
1,69.0461644498394,15.998941464384616,11.837140551817122,4.161800912567495
0,51.13596761715701,14.099464692698891,7.928662440632455,6.170802252066436
0,47.300811539423655,10.269408763170018,6.976271327618402,3.293137435551616
0,52.57466185943032,6.137133535571643,8.41096625499694,-2.273832719425296
0,57.4592043166406,3.3070602119087398,9.713364747116769,-6.4063045352080294
1,69.85733480967797,12.51999887950597,11.973344126564337,0.5466547529416328
0,46.76350488229827,6.549216444740842,6.88176388235992,-0.3325474376190778
0,71.53354577044233,10.30970578369308,12.481632614718361,-2.1719268310252815
1,59.80101486476346,5.53097136432215,10.198058131635905,-4.667086767313755
0,70.4066427060324,11.086924924114305,12.106790323982372,-1.019865399868067
0,49.30310764930563,3.390860296928264,7.399403799890342,-4.008543502962078
0,48.499853953382846,9.713874450320136,7.213424108169051,2.500450342151084
0,58.54579145873664,13.657903336097972,9.925350310006479,3.7325530260914928
0,52.60510474389078,8.923241512950284,8.421300954131809,0.5019405588184753
1,67.62834387661997,11.440042699952349,11.714869268114647,-0.27482656816229856
0,49.85156835449581,5.0882671746587445,7.542046966461554,-2.45377979180281
1,59.752976364970735,12.742842348353031,10.186614898265374,2.5562274500876576
1,72.03388352073658,19.399724132290125,12.684451624942568,6.7152725073475565
0,72.77048611357182,8.550598476255619,13.015017956705593,-4.464419480449974
0,48.725299189753535,11.877522682094932,7.26311637538399,4.614406306710943
0,58.99207497063763,11.970678892278316,10.016988483363642,1.9536904089146745
1,60.45224396372494,16.082330319167227,10.363332758206202,5.718997560961025
0,45.769258663471085,4.3392069943742095,6.719134835224024,-2.379927840849814
0,46.03542644511402,6.760265346072416,6.761522879615237,-0.0012575335428213208
0,48.88025457478377,4.239437490195939,7.29836357504173,-3.0589260848457913
0,73.01352145791235,15.242844862790587,13.131008635628024,2.111836227162563
0,63.13025702710412,11.124733142186978,11.117835830984323,0.006897311202655132
1,69.22939508266329,14.638532946548318,11.862394854551917,2.776138091996401
0,45.6578320595483,6.354704920677543,6.701561513809318,-0.34685659313177464
1,73.24285590625021,12.077716035303244,13.243078424725752,-1.1653623894225085
0,59.12916946802272,8.314646839214204,10.046132829415505,-1.7314859902013016
0,45.33395197835534,9.1475193330785,6.650891780076907,2.496627553001594
0,49.380576109046814,7.583984892184314,7.418727458245993,0.16525743393832126
1,59.17224500415169,18.830260017215743,10.055403246271684,8.774856770944059
0,65.49646738537089,14.313095773700836,11.576090216091403,2.7370055576094323
0,62.317791460162326,13.535361212177468,10.893581279668304,2.6417799325091647
0,51.14577519331695,6.017380898925905,7.9318378939420295,-1.914456995016124
0,46.07213642810206,1.6706390827291433,6.767422135469513,-5.09678305274037
0,55.800174523224975,9.646629016003974,9.370124218126401,0.276504797877573
0,72.59009855795468,17.58470177580131,12.930974900198335,4.653726875602976
0,54.75955751573325,9.095271037361293,9.106265281830257,-0.010994244468964354
0,54.053243010254775,12.997897326840109,8.897115967259477,4.1007813595806315
0,46.66187339894444,12.669378197554927,6.864507096977061,5.804871100577866
0,60.2958036408624,10.090657418392553,10.321991043422575,-0.23133362503002175
0,48.63908965974508,10.485805994507013,7.243896641202518,3.2419093533044947
0,45.12419779821131,4.074974310670213,6.618281445900459,-2.543307135230246
1,60.82627110625664,13.267752105328798,10.46548561302264,2.802266492306158
1,63.59060589539489,11.645399951192552,11.234706125392524,0.41069382580002767
0,65.81767894549972,16.562841768901436,11.606748303865757,4.9560934650356785
0,68.51330382115601,9.809181546675395,11.77836865182708,-1.9691871051516845
1,69.65010456683959,12.458405391756338,11.932181975704488,0.5262234160518506
0,50.15330639892855,8.523797166373114,7.626632342712912,0.8971648236602023
1,68.59569173844989,19.306624128003648,11.786194148106002,7.520429979897646
1,72.7523494012118,14.49921151653344,13.006485969948994,1.4927255465844471
0,50.99257950016207,4.324966976223001,7.882535351672463,-3.5575683754494625
1,58.38197429943931,6.5349591307708135,9.892697832427054,-3.35773870165624
0,59.95414299778445,8.71157258221602,10.235218584739796,-1.5236460025237761
0,61.19139887055848,11.696155505626434,10.56860739361443,1.1275481120120041
0,45.007034485333925,12.6765594656998,6.6000945821332495,6.07646488356655
0,70.87589741004165,13.836709868270637,12.2476327938005,1.5890770744701364
0,47.986051107560634,3.552075136120199,7.106642569021447,-3.5545674329012478
0,52.07975351701543,3.937735069561744,8.242842805276794,-4.30510773571505
0,53.975390288539,10.97994199314676,8.872848678598649,2.107093314548111
0,63.258875505559885,12.503925824975571,11.151414273542642,1.3525115514329293
0,57.4211737809671,2.6798957839173703,9.705999940666683,-7.026104156749312
0,58.63846513920917,9.373278225496822,9.944027655709856,-0.5707494302130343
1,60.91084481833367,5.288229801343769,10.489122290044303,-5.200892488700534
0,49.19599873594435,3.3999825770432186,7.373111605951843,-3.9731290289086245
0,60.10523572760791,10.320082700714172,10.272951699857892,0.047131000856280636
0,72.02603205232218,12.807356368320756,12.681121530230335,0.12623483809042035
0,62.914747796409415,12.388182967111234,11.060192736881827,1.3279902302294069
0,45.18764208447433,13.227551431239364,6.6281353909663485,6.599416040273016
0,61.82348412337567,9.942674416091082,10.751118017220348,-0.8084436011292659
0,57.630407009550666,9.969342243777424,9.746452023672383,0.22289022010504134
0,50.902967549611205,15.488007162041647,7.854009276049585,7.633997885992062
0,55.19276252471986,4.605543153641523,9.222660469665787,-4.617117316024264
0,46.41827290701947,6.963707402980508,6.8238222748716755,0.13988512810883247
0,59.785708130821234,14.232082917847032,10.194401087864495,4.037681829982537
0,71.81964471843959,16.87388647898303,12.595219127788237,4.278667351194795
0,54.066743470903134,8.952580799280307,8.901302644631691,0.051278154648615626
1,70.68830972358387,11.844486321267368,12.188538302974681,-0.3440519817073131
0,45.400538385501406,3.2534359659166854,6.66126968499109,-3.407833719074405
0,56.40774618200569,4.126564153352526,9.503269983282568,-5.376705829930041
0,55.0740207272527,2.1284118338261795,9.191760524495075,-7.063348690668896
0,72.72589659069024,7.3954732311319695,12.994074106054851,-5.598600874922882
0,48.146173843244576,15.038676135252992,7.139010364761098,7.899665770491894
1,63.79057554980651,12.074839555155684,11.28228785321041,0.7925517019452748
0,59.47290658062092,7.377943783376091,10.12178749204237,-2.7438437086662795
1,73.72487146027184,11.956511913584508,13.48558349798632,-1.5290715844018123
1,70.5131472594252,14.948463817694428,12.136687841032044,2.8117759766623838
0,48.665606297288285,13.013778207533608,7.249779187177517,5.763999020356091
0,66.78409889835686,14.45318916046989,11.670739349096227,2.782449811373663
0,50.885828162095365,1.8978313302969243,7.848581347697608,-5.950750017400684
1,66.13747256123085,12.071585616079687,11.631684901793646,0.4399007142860416
1,66.57884204970665,17.697223392787244,11.659505175301408,6.0377182174858355
1,68.71414994795035,10.537480470900912,11.798198830528063,-1.2607183596271518
0,52.23156963940407,9.15293935759644,8.294369830292087,0.8585695273043523
1,66.06383173991821,9.654133681132068,11.626364209331813,-1.972230528199745
1,66.17143256487407,7.1089988381858715,11.634062683102739,-4.525063844916867
1,65.1835789729918,12.391143250023925,11.539488218795597,0.8516550312283275
0,53.78493775702765,11.738012915579176,8.812642224672388,2.9253706909067887
0,60.317002889326375,4.7206439813932475,10.327538760421973,-5.606894779028726
0,71.0170121429644,17.67171101157827,12.29442302655483,5.377287985023441
0,46.97952293364265,5.3018567912726,6.919060781250214,-1.6172039899776136
0,72.11408998080198,10.061610528334336,12.718722672318199,-2.6571121439838628
1,74.34880527312501,14.143661570240024,13.809744550997861,0.333917019242163
0,45.39024250696926,1.5410595002443404,6.65966393919491,-5.11860443895057
0,45.82203335886809,2.6202999086044043,6.727490316944504,-4.1071904083401
0,49.00458573346006,10.134838646989328,7.327317477129223,2.807521169860105
0,52.63620855854546,2.9339655681979044,8.431855446220275,-5.497889878022371
0,52.41813177879274,11.53795427052218,8.35778014555766,3.1801741249645197
1,72.77198483781855,19.34812348149003,13.015723794739975,6.3323996867500565
1,66.3069327142827,18.39040342296921,11.643112378479772,6.7472910444894385
0,61.97687134921373,13.450395854562831,10.795537848904278,2.6548580056585536
1,71.20714351441308,20.86867974546641,12.360504725802445,8.508175019663964
1,73.37898617367912,16.762713187826893,13.310681046874908,3.452032140951985
0,47.53347090194829,5.828144888178876,7.019163463202231,-1.1910185750233548
0,49.02910963668624,6.0940531900770125,7.333101110933288,-1.239047920856276
0,49.18932256548062,5.424552967773412,7.3714888815289195,-1.9469359137555076
1,71.6319625907868,6.330071374990572,12.519956164469228,-6.189884789478656
1,58.88208142692119,9.710061940540019,9.993974595519395,-0.28391265497937646
0,58.75911859556679,6.84252952118934,9.96859979292168,-3.126070271732339
0,55.48871912374942,9.41268608068208,9.296595117251654,0.1160909634304268
0,66.74772186906529,16.619524668337966,11.66880082239556,4.950723845942406
0,58.732068960295216,12.578029157596976,9.963064112991944,2.6149650446050323
0,51.04700840818301,11.357665035030315,7.899977327473549,3.457687707556766
0,46.72569933030052,11.058449273471478,6.875323896755935,4.183125376715543
1,70.08691375097993,17.64815653856509,12.024771848542704,5.623384690022386
1,62.32444885976865,13.420141476520246,10.895481153364932,2.524660323155315
0,51.79565151686609,3.5913575659020305,8.146865885189472,-4.5555083192874415
1,67.56843048720215,11.222110838300493,11.711520484044353,-0.48940964574386037
0,51.06032367098776,11.3143614217877,7.904257070451229,3.4101043513364706
0,54.3503650059272,9.500329089396836,8.98767598846726,0.512653100929576
0,71.48052133930295,13.665882081064815,12.461321880081375,1.2045602009834404
0,64.50905033560423,5.553733415940156,11.433172746323788,-5.879439330383631
0,59.41885804585349,6.796280785497281,10.10962421274308,-3.3133434272457993
1,67.94314943484048,15.373667838767556,11.733971770182348,3.6396960685852076
1,64.55284343637918,12.546159768567104,11.441207517039423,1.1049522515276813
0,50.9315110805926,9.53195193899186,7.863069079325153,1.6688828596667067
1,69.1771243010647,14.363379037392894,11.854895309383673,2.508483728009221
0,74.74060537810021,11.386125423329702,14.016794918812172,-2.6306694954824703
0,67.45738321159061,7.9026940214089905,11.705491251605025,-3.8027972301960347
0,55.96939150970238,11.518817128059572,9.408451599956228,2.110365528103344
0,74.8350138646273,10.764818986525388,14.066881783026282,-3.302062796500895
0,74.96912622136206,10.018054228367689,14.138086382198827,-4.120032153831138
0,66.83629704277354,11.844251993102954,11.67348986700219,0.17076212610076524
0,49.10644528085246,4.997920483459951,7.351499270488805,-2.3535787870288543
0,74.09374160155309,19.270230106329397,13.676154664184068,5.5940754421453285
0,53.12638926017477,13.87254874560402,8.597081846908411,5.275466898695608
0,47.613569621596845,-0.41713032884123,7.0342411480246385,-7.4513714768658685
0,67.06773754269231,15.6705794274801,11.685391395466972,3.985188032013127
0,60.35552159500244,6.5441788879557805,10.337663621821365,-3.7934847338655846
0,47.80750836033409,11.8565939443706,7.071452758000402,4.785141186370198
1,66.3348224088166,15.638297038532944,11.644894534501022,3.9934025040319217
0,49.94761311977832,15.360870993172744,7.568483274838685,7.7923877183340595
0,55.43379520054313,5.76774445007442,9.283190256769053,-3.5154458066946335
0,55.49193545136396,8.935791268821895,9.2973758304009,-0.3615845615790061
1,73.39172028455587,16.35418886112508,13.317043048622645,3.0371458125024358
0,51.84523720367402,12.438170388863163,8.163559280292915,4.274611108570248
0,71.96910729315448,12.659924818199876,12.65711168679892,0.0028131314009556263
0,54.02686334286031,6.811112254686776,8.888916725036665,-2.0778044703498892
1,72.80291104306198,11.079389171616814,13.030315787405256,-1.9509266157884415
1,64.40901800441705,8.24330726926827,11.414278224437107,-3.170970955168837
0,59.587098518428256,12.973869965504743,10.147844142004624,2.826025823500119
0,57.82223923902141,9.836460822216996,9.783492074683114,0.05296874753388181
1,71.93273838678954,16.031647223734755,12.641896655525876,3.3897505682088784
0,52.00203382072432,9.464721968952084,8.216516064665255,1.248205904286829
0,54.31807198064513,3.911018819150187,8.978001442287997,-5.06698262313781
1,60.783103060618274,13.267455923716714,10.453489191858251,2.8139667318584625
0,64.35160229221682,16.970174641437186,11.403101385146297,5.56707325629089
0,66.38676593358397,9.324898463382471,11.648146740816943,-2.3232482774344714
1,67.2690923122146,13.10480767396491,11.6956529730504,1.4091547009145096
0,62.703092841018794,15.800859506822537,11.002127564948772,4.798731941873765
0,51.095521198098936,4.23779525816702,7.915593761671822,-3.6777985035048015
0,55.214140288730086,14.822965047889053,9.228145524795439,5.594819523093614
0,50.34361155805141,2.5091498961357015,7.682204651268604,-5.1730547551329025
0,54.746617895235616,9.410768102878839,9.102636448970216,0.30813165390862274
0,50.959558578146485,13.049758956182098,7.871995689418788,5.17776326676331
1,70.20333788208839,17.71421611604054,12.053264389100445,5.660951726940095
0,62.69993207680662,12.477085261923394,11.001250866876765,1.475834395046629
0,46.55829355426487,0.2501590498855419,6.847095813819099,-6.596936763933557
0,73.14286325499661,12.795966508324613,13.193921630300975,-0.39795512197636285
0,64.33263838127476,15.579657112567125,11.399357756028419,4.180299356538706
0,66.4749634050362,8.549941339599052,11.653483754148608,-3.1035424145495565
0,49.351162733069394,6.022360151501188,7.411359865142792,-1.3889997136416037
1,67.5364020410268,10.458984453543012,11.709759481731204,-1.2507750281881922
0,62.69400147166486,6.120690730055329,10.99960519452809,-4.878914464472762
0,51.103651469532366,9.613575706195855,7.9182172271753,1.6953584790205545
0,48.948171988153874,8.882649006364455,7.314104344279305,1.5685446620851495
0,51.5575177285604,8.711427977631663,8.067163495856088,0.6442644817755756
0,50.8514926963267,5.221857987775479,7.83773549552555,-2.6158775077500707
0,61.656170548953256,8.440072836047046,10.702609346603829,-2.2625365105567834
0,49.757589683660605,10.848268810174046,7.516613273635946,3.3316555365380998
0,59.60259161373903,11.979020083419304,10.151418162641097,1.827601920778207
0,66.31329270091328,15.956563176246457,11.643521065582828,4.313042110663629
1,64.30252426448773,12.839661940943843,11.393360629877204,1.4463013110666392
0,59.160719715691215,7.828871645710628,10.0529173406753,-2.224045694964672
0,54.72742875748956,15.555278464570462,9.097239583760054,6.458038880810408
0,68.45356125107583,17.533996042328162,11.772947301064102,5.7610487412640605
1,71.18534812497168,18.411796640232986,12.35275715180765,6.059039488425336
0,49.41075801291966,14.960605026884377,7.426327008629194,7.534278018255183
0,62.2816051738525,10.391373153054252,10.883242517269732,-0.49186936421548033
1,61.65046444017017,13.070472025728558,10.70095543685946,2.3695165888690983
0,63.25822232415856,12.032374318401027,11.151245433880828,0.8811288845201997
0,74.4922743357335,11.114187254590568,13.885360480885161,-2.771173226294593
0,60.97169179643839,10.20962717677444,10.506229617730039,-0.2966024409555992
0,48.78232147429007,12.67559638423366,7.275980940652995,5.399615443580665
0,57.24849500989478,5.071256016473336,9.672443969594203,-4.601187953120868
0,56.55479633825159,4.99118182913202,9.533856919588022,-4.542675090456002
0,55.030851006283775,4.096772652950833,9.180340047806725,-5.083567394855892
1,67.10276839478487,15.968047079984276,11.687171943500138,4.280875136484138
0,51.345429021784526,10.317499871381736,7.996997243168218,2.320502628213518
1,67.73007638762635,9.735097356193062,11.720740885034372,-1.98564352884131
0,60.03204468742817,10.229653906094084,10.254539962673903,-0.024886056579818572
0,47.55590309391139,14.62275527829432,7.023369460274804,7.599385818019517
0,48.00433094631127,7.326841204559331,7.1102982131822,0.21654299137713107
1,64.9570511213343,10.212405480950029,11.508099514643554,-1.2956940336935254
0,55.020296494539615,10.579412301129713,9.17753240307926,1.4018798980504528
0,55.25799912212997,7.3649742763268,9.239325988092524,-1.8743517117657245
1,74.05556446801079,18.54354546426264,13.65627199026599,4.887273473996649
1,74.47849391078297,14.016829537145226,13.87808543724567,0.13874409989955616
0,57.55726861784457,6.133401502693857,9.732327079107433,-3.598925576413576
0,56.311434216288795,11.958331398719762,9.482931953540682,2.4753994451790806
1,69.47722811632863,15.635131432897545,11.901385317875222,3.7337461150223223
0,46.85533111264963,2.8874979681543804,6.897511946952688,-4.010013978798308
0,55.551852810579305,7.248658431594396,9.31183496347351,-2.0631765318791144
0,52.1380608264481,2.639584554025962,8.262619373475456,-5.623034819449494
0,55.751032957889535,7.3627748609389245,9.358789464357082,-1.9960146034181578
0,65.36074633056674,11.400192894214506,11.56110738905046,-0.16091449483595355
0,54.14154069383893,11.026062411432,8.924379187488023,2.1016832239439758
0,45.29100970725371,10.636952695029482,6.644206857500095,3.9927458375293865
0,48.03166663682174,6.2402362796374655,7.11578362909957,-0.8755473494621047
0,63.00609983714456,5.311621696948468,11.084824992522826,-5.7732032955743575
0,59.37246726483948,13.375600450267765,10.099267765081503,3.2763326851862615
1,71.63362578010427,12.202979366251292,12.520610693039359,-0.31763132678806727
0,49.777482719994005,2.60155766188155,7.521961586485709,-4.920403924604159
0,46.09092131967608,3.800655201238896,6.770446384862407,-2.9697911836235105
1,63.504487727310384,13.435953808299285,11.213578343940615,2.22237546435867
0,45.607434248547314,1.351235885475564,6.693640619579696,-5.342404734104132
0,59.85231915658533,10.639714461348802,10.210390670254272,0.42932379109453045
0,67.85845975565536,5.322073292013102,11.728544061932062,-6.40647076991896
1,60.82319798161754,16.156090254139265,10.464630017120939,5.691460237018326
0,54.02748532782796,6.307095974480909,8.889110328606147,-2.5820143541252385
0,47.84043918177704,13.214064481689848,7.077874206697412,6.136190274992436
0,53.90631602570589,14.461154581256023,8.851146348390829,5.610008232865194
0,52.04987782986744,6.020974009530948,8.232717674232113,-2.2117436647011646
0,67.09883766990079,5.040649758491512,11.686972200088785,-6.646322441597273
0,69.58715537117982,16.05445121469498,11.920608224796268,4.13384298989871
1,63.28591068964582,13.2213385789437,11.158386912904302,2.062951666039398
0,46.219768302479686,0.2021395993127503,6.791296833795787,-6.589157234483037
0,47.79871934676436,4.044670132164603,7.069744081203986,-3.025073949039383
0,54.76783380722574,6.8008191950087244,9.108581904508709,-2.3077627094999844
0,50.71810996015123,6.562713837212217,7.795971116678492,-1.233257279466275
0,61.08054197706805,8.72496988781264,10.53702427648169,-1.8120543886690506
0,68.3957041150677,15.010025534199492,11.767890365851661,3.242135168347831
0,67.45765014861145,15.372524439718866,11.705505503614077,3.667018936104789
1,71.29797745471213,14.958756145219905,12.393262399564268,2.565493745655637
0,74.65241290854122,16.751325597002193,13.97005469727936,2.7812708997228324
0,50.84100461875168,11.04747831285912,7.83443007124245,3.2130482416166695
1,69.14892434032762,6.841255557531186,11.850948813939414,-5.009693256408228
1,74.05850740946809,22.832822075646963,13.657803510288327,9.175018565358636
0,74.55700671097053,9.800919728860784,13.919564253987335,-4.118644525126552
0,54.66550876846389,16.1684686837531,9.079701091118997,7.088767592634104
0,52.20545802480719,5.982715665654254,8.2855002857255,-2.302784620071245
1,60.3680061744908,16.73083757761358,10.340957441225564,6.389880136388017
1,71.5235369374534,15.108622844207336,12.477780524833607,2.6308423193737287
1,65.06620067117677,14.840071546957804,11.523774883219295,3.316296663738509
0,53.811190847761935,9.282469940059446,8.821008705082647,0.4614612349767988
0,58.68929948521476,15.393144089134994,9.954343494579724,5.4388005945552695
0,59.40450063363858,7.055573825971504,10.106410877515644,-3.05083705154414
1,66.84787945145175,18.756056566913728,11.674095737262725,7.081960829651003
0,69.26589953188177,14.008052502794948,11.867777074873603,2.1402754279213454
0,66.94715168433451,18.768866550813403,11.679234944339509,7.089631606473894
0,70.34934869880745,8.622208682866956,12.091229606595931,-3.4690209237289746
0,47.73989701452289,7.296750339633372,7.058363746666858,0.23838659296651432
0,52.56452342114541,7.112621447749555,8.407523594798551,-1.2949021470489965
1,61.614284020104265,11.31989748540348,10.690470707805835,0.6294267775976454
1,73.03790099872478,17.01052177300754,13.142806960266661,3.8677148127408785
0,63.44880210628224,13.377939328974524,11.199725072129258,2.1782142568452656
0,50.632148970454814,6.023857227313339,7.769382638046663,-1.7455254107333236
0,55.57471936260277,4.428865267017376,9.31731116333116,-4.888445896313784
0,63.59686121453705,14.53354459777002,11.236226357796998,3.2973182399730216
0,48.32358792904992,7.600517983312311,7.175817948098265,0.42470003521404553
0,74.40438623156697,11.119154771639336,13.839004395362206,-2.7198496237228706
0,45.581089672881575,5.546985194413153,6.689506279096744,-1.1425210846835903
0,56.975559981201016,7.837335710860483,9.618816009291518,-1.7814802984310347
0,57.395266246973456,5.399916744211273,9.700978377190806,-4.301061632979533
0,54.7861988578819,9.479905199781378,9.113710123374414,0.3661950764069637
1,69.8976451370117,16.768692613782722,11.981918316624101,4.786774297158621
1,67.23178801392406,7.689602595517581,11.693741335165925,-4.004138739648344
1,74.48831266733234,14.371025837933727,13.88326877391217,0.48775706402155805
1,73.70758968099321,11.908176771551098,13.476748629485595,-1.5685718579344972
1,62.29908047688844,11.860367193401512,10.888237869069425,0.9721293243320872
0,74.56909434171116,14.962672642876434,13.925956322363305,1.0367163205131291
1,70.18123350870269,9.525084551632316,12.047731912634074,-2.5226473610017575
0,58.19895225084217,11.01184310947174,9.85666988659358,1.1551732228781617
0,55.04918950092235,9.9003085709469,9.185203840974554,0.7151047299723459
0,51.16197573127239,8.469000296943072,7.93708870598789,0.5319115909551826
0,70.57891492423826,13.380179368924752,12.15577024693548,1.2244091219892717
1,58.96713149874228,9.169912975805603,10.011741940010516,-0.8418289642049128
0,50.79187707817579,8.84791874644397,7.818994963179105,1.0289237832648643
0,72.40481362962554,13.473724635398778,12.846634801160459,0.6270898342383191
0,64.63034509536507,2.897158501385287,11.455063537763092,-8.557905036377804
1,68.95258131141344,8.474176668386603,11.825318270744896,-3.351141602358293
1,65.99856284582106,12.561412256733131,11.621449068857338,0.9399631878757937
0,45.05781020126823,5.409222926831296,6.607975378025594,-1.1987524511942977
1,60.073677541149664,9.564078903073288,10.264982907707696,-0.7009040046344079
0,47.721695878842155,13.463914394901105,7.0548616882831885,6.409052706617916
1,64.86731331640982,19.024497679568167,11.494427738465294,7.530069941102873
1,60.68233102107456,10.50432155748897,10.425679102563967,0.07864245492500288
1,61.77042675854378,9.678898247002222,10.735735868623296,-1.0568376216210744
1,67.24720627173527,10.548350983320471,11.694530429452707,-1.1461794461322352
1,64.95147576538523,9.971137452216007,11.50727055141561,-1.5361330991996027
1,69.96134109562826,14.70749672751148,11.99585791264139,2.7116388148700903
0,68.10554413505112,11.068047690904184,11.7451087084423,-0.6770610175381169
0,53.75979679814722,13.972463817647853,8.804610981104465,5.167852836543387
0,58.24180380666549,13.26173910629668,9.865068692752027,3.396670413544653
0,65.17194965488395,13.471639898642866,11.537982489558857,1.9336574090840095
0,46.369724507344806,1.4000898001649895,6.815818990085166,-5.415729189920176
0,53.15353177268439,8.387682597138763,8.606142904598409,-0.21846030745964562
0,55.733611959095086,9.624772070496434,9.354748207265123,0.27002386323131056
0,64.83868088440839,6.705707830466723,11.489919511155811,-4.784211680689088
0,66.51380914165884,6.9139321787617245,11.65576671284511,-4.741834534083386
0,50.102293941450455,13.622136281853116,7.612018982362203,6.010117299490913
0,71.03753753388459,12.53420327303499,12.301391113205923,0.23281215982906645
0,58.01409693692559,7.129468480226751,9.820641440223023,-2.6911729599962717
1,60.5080833315004,7.6547323236450335,10.3783041568629,-2.723571833217866
0,58.41962944370288,8.187829112898742,9.900165886685091,-1.7123367737863493
0,58.894172645875344,7.135326980487584,9.996489311584192,-2.861162331096608
0,61.005142704279336,9.65858752112435,10.51566816543013,-0.8570806443057801
0,46.262945596955696,5.414070260535299,6.798328036486691,-1.3842577759513919
1,68.05503092361441,9.53861990904086,11.741534023480806,-2.202914114439947
0,50.1819957998178,13.480509268894409,7.6349047872552,5.845604481639208
0,73.73890927831809,9.387670072252993,13.492766768063127,-4.1050966958101345
0,58.76406573751223,6.77997639230463,9.969613963280704,-3.189637570976074
0,49.86326526519016,2.51808644659045,7.545242392263388,-5.027155945672938
0,72.61915865700115,10.113004633913866,12.944389094634328,-2.8313844607204626
1,67.83688807555538,12.33328658107516,11.727198868435218,0.6060877126399422
0,52.93957502822192,13.85549148374842,8.534424173687771,5.3210673100606485
0,64.94987905415488,16.53511562910027,11.507032643313462,5.02808298578681
1,71.45730252425759,15.52988937533672,12.452503582823542,3.0773857925131782
0,59.13122219044268,12.18001449706755,10.046573333813889,2.1334411632536607
0,69.92707548831504,14.455818304357836,11.9882989856793,2.4675193186785354
0,46.47741912141584,8.893863003671209,6.83361781998733,2.060245183683879
0,66.158550759414,10.926284180012694,11.633166194838887,-0.7068820148261938
0,70.38139700595703,15.525590920991682,12.0998882497084,3.4257026712832825
0,47.06616671960638,9.664024476988958,6.934274115446975,2.729750361541983
0,59.83520004648068,12.061320578636169,10.206262621783207,1.8550579568529617
1,66.87097332715095,18.544012607642067,11.675299431655697,6.86871317598637
0,73.61447435202106,6.267910167017589,13.429309841373344,-7.1613996743557555
0,56.86088219573574,3.330872838800768,9.595982254745119,-6.265109415944351
0,49.144533810758944,9.456119161605406,7.360650628758716,2.0954685328466898
0,46.56285859259529,9.349072909581983,6.847859577162575,2.5012133324194075
1,74.7249091323879,17.13213181818817,14.008472266716776,3.1236595514713947
1,67.54076683859813,10.082015008198574,11.709998346577216,-1.627983338378641
1,74.55591113107137,14.762752263139191,13.91898497546824,0.8437672876709517
0,45.27754638849574,6.945094350372513,6.642112110456626,0.30298223991588724
0,48.304128900117846,7.799675675414794,7.171730730006268,0.627944945408526
0,55.80359114822242,10.773563062921449,9.370908759425818,1.4026543034956305
0,45.76809914793054,8.567959316677676,6.718951500950986,1.84900781572669
0,46.09060992984796,9.028024949888342,6.770396221974222,2.2576287279141205
0,64.35731855661068,9.692997041257232,11.404224788856434,-1.7112277475992013
1,65.89803824747034,15.146065365506107,11.613484456971838,3.5325809085342694
0,69.67645842666764,10.253313765198577,11.937153035272743,-1.6838392700741664
0,74.9914589085115,17.950654841352343,14.149946068031502,3.8007087733208405
1,71.24276417583476,14.83341277048588,12.373260979283309,2.4601517912025717
0,54.262107391004335,7.565838102610136,8.961134523419213,-1.3952964208090775
1,73.64281812569635,15.684423323006444,13.44372002758052,2.2407032954259236
0,73.60276503707158,14.477273501771409,13.42336457872702,1.0539089230443892
0,46.7599927281428,6.539456598410338,6.881164551953605,-0.341707953543267
0,49.03313344699475,1.7998718843450412,7.3340523856917095,-5.534180501346668
0,52.8955337623812,12.043494037982033,8.519587395608996,3.5239066423730367
0,55.810810820232966,4.850271882107881,9.372565084244345,-4.5222932021364635
0,47.29400225061188,11.181977082598484,6.975035367440881,4.206941715157603
1,73.98186754239485,13.133899796380884,13.617985837669108,-0.48408604128822397
1,74.46765239027408,19.087691044796205,13.872363583446257,5.215327461349949
0,49.89670486025715,7.931414616175703,7.5544144158525475,0.3770002003231552
0,60.089574632834086,7.607834280427174,10.268991461122189,-2.6611571806950147
0,50.52947620201999,5.446429333534462,7.737983257042196,-2.2915539235077347
0,48.84529875995148,12.00971777409139,7.290332143861422,4.719385630229969
0,51.83106123458552,3.69979436470024,8.15878389415131,-4.458989529451069
0,51.25908735008191,12.74899821112451,7.968702081015052,4.780296130109458
0,72.77574005915413,16.58122781248351,13.01749288454239,3.5637349279411215
1,71.37817406973763,11.114486040664431,12.422802042274673,-1.3083160016102422
0,67.37208308347483,7.965673590677258,11.7009864369169,-3.7353128462396414
0,55.2748220693836,11.034273415717806,9.243588820826233,1.790684594891573
1,61.91241217920208,5.800297815950603,10.776883614641317,-4.9765857986907145
0,66.40881362714839,12.972063665173431,11.649501970971556,1.322561694201875
0,48.34603741960906,6.668216164857728,7.180548942154746,-0.5123327772970185
0,57.80568513081628,10.51927293571926,9.78029367918759,0.7389792565316693
0,46.956672352120826,12.218673773748916,6.915073582145028,5.303600191603889
0,54.40284450682104,4.8712738708819625,9.003305223962942,-4.132031353080979
0,53.644122519681005,0.9201691438696188,8.767426736907106,-7.8472575930374875
0,45.442379613257735,8.828664299124696,6.667799665166093,2.160864633958603
0,56.27881410609932,3.606885846679162,9.475984934508046,-5.869099087828884
1,73.55665896739414,17.10715343061343,13.400000277725576,3.7071531528878534
1,71.30016247149315,13.852771171558704,12.394059611784579,1.458711559774125
0,58.271850683387434,9.34691906273192,9.870970304844233,-0.5240512421123125
0,48.98018081189807,6.367499582658731,7.3215858424099975,-0.9540862597512669
0,48.01847454909955,4.480984190745925,7.113133573253214,-2.632149382507289
0,52.867026778489546,2.965230290132233,8.50997246703042,-5.544742176898188
1,67.93215625274296,15.520814475483112,11.733253490069337,3.7875609854137746
0,45.10185090488938,5.543063449323272,6.6148118626051575,-1.0717484132818855
1,69.18746753502431,14.071078691070014,11.85636017310433,2.214718517965684
1,67.65991026137215,11.343655493800387,11.71666476332127,-0.37300926952088354
1,74.60210571155096,19.36407324388585,13.94342062622736,5.420652617658492
0,49.73543883184868,5.434487521924572,7.510680122728609,-2.0761926008040374
0,49.01375594059097,4.379177215754296,7.329477317015931,-2.950300101261635
0,47.806454330663065,5.397626038350295,7.071247729166062,-1.673621690815767
0,54.69941252377865,11.672906540024323,9.08932738880942,2.583579151214904
0,50.55078428920791,12.326499186460524,7.744466609928183,4.582032576532341
0,58.14676816825255,4.552687958804705,9.846468080147622,-5.293780121342917
0,55.6307036883775,3.315882776732689,9.330622954135844,-6.014740177403155
0,51.95749484411248,8.778307456012403,8.201449964540044,0.5768574914723583
0,61.89503877257472,7.250823739811679,10.771852209758107,-3.521028469946428
1,61.548592263822414,10.777976328712151,10.671446570438318,0.10652975827383315
0,56.85531728872436,2.6686308163325982,9.59486877499613,-6.926237958663531
0,54.64820144453829,6.702724822743461,9.07476557480115,-2.372040752057689
0,59.06067905865514,12.386892071106825,10.031506026748746,2.355386044358079
0,62.93213372310535,10.494157012993622,11.064901978142128,-0.5707449651485064
1,71.59584279033723,19.44251410598281,12.505797721142706,6.9367163848401034
0,67.50891417752162,13.93227923310474,11.70826297237119,2.224016260733551
1,73.45987090084665,16.420507020666847,13.351197563529295,3.0693094571375514
1,67.99478400345589,20.800394104190477,11.73740342646129,9.062990677729188
0,72.13956802382589,13.71444067341756,12.729704110083082,0.9847365633344776
1,73.9186176898432,23.193163197035616,13.585233256936535,9.607929940099082
0,50.28576985575323,2.429467893159309,7.665142622579851,-5.235674729420542
1,71.09885334530017,17.528266890712928,12.32244801738427,5.205818873328658
1,68.22459070963941,6.649724581817887,11.753968024905456,-5.104243443087569
0,61.43590939294592,10.432141304476572,10.638871739471412,-0.20673043499484045
0,57.35273303639528,10.862383977742448,9.6927254539648,1.169658523777649
0,58.74868255213738,10.217151447501696,9.966462167595525,0.2506892799061706
0,59.16811645506489,14.606236404112131,10.054512286636543,4.5517241174755885
1,74.61919228007133,17.95904952586668,13.952464206399302,4.006585319467376
1,60.82307945673196,12.5438297901033,10.464597023087514,2.079232767015787
1,70.05391783796618,15.849197067002745,12.01698982943243,3.832207237570314
0,59.39460901620471,15.368618955711788,10.104201293119411,5.264417662592377
0,49.69838025067248,11.508150741919708,7.500805881770889,4.0073448601488195
1,67.79889543329979,9.368447038078173,11.724864225277559,-2.3564171871993853
0,52.02032570783628,9.155830816638147,8.222708296465697,0.93312252017245
1,72.75134724754237,20.40383627093888,13.006015052667884,7.397821218270995
0,60.747825579731,15.257131843441089,10.443721844531446,4.813409998909643
1,70.44100228160943,15.43101924204106,12.116298480160708,3.314720761880352
0,46.35785889001921,9.152509992584385,6.813867865984966,2.338642126599419
0,50.84192708849218,13.521509058583996,7.834720654089861,5.686788404494135
0,48.665850472761,5.138520190123087,7.249833475541157,-2.1113132854180705
0,59.23795609925942,7.25446146792514,10.069655415053457,-2.815193947128318
0,45.91813930208109,8.767344862418827,6.742765675951926,2.0245791864669016
1,66.87887875048887,11.67177396569964,11.675710223330357,-0.003936257630718032
1,62.5583465024884,4.806577569991331,10.961723677607427,-6.155146107616096
1,68.85146816723753,13.397067002399575,11.813310146016706,1.5837568563828697
1,67.36754000766408,15.135958833024237,11.700749016722655,3.4352098163015814
1,71.08966622948587,16.783591158736,12.319270141972218,4.464321016763783
0,71.1718819410054,13.605737035571444,12.347992362463918,1.257744673107526
0,47.20038543301257,1.6644702746404851,6.958149355813921,-5.293679081173436
1,69.63194387949723,15.459167335802752,11.9287997969197,3.530367538883052
1,58.861535707510605,8.001689144089223,9.989709788796567,-1.988020644707344
1,62.49269590960999,11.593116208762526,10.9432389526777,0.6498772560848263
0,73.43613813955933,14.133669495661533,13.339283525308218,0.7943859703533143
0,61.43521363906106,10.371977201102816,10.638670899373485,-0.2666936982706698
0,49.56274491059767,5.218412497647616,7.4652131257794565,-2.2468006281318402
1,72.8191819246235,17.79170733340628,13.038013453141154,4.753693880265125
1,72.15665573476086,7.7586462245395245,12.737094493244497,-4.978448268704972
0,52.87040748670861,11.578650895290693,8.511113170672441,3.0675377246182514
1,63.68307044901567,16.02154932347721,11.256972459666947,4.764576863810262
0,47.297199773724685,5.439766582120977,6.97561562011175,-1.535849037990773
0,51.9820546685712,7.1822874260205225,8.209755699030895,-1.0274682730103724
1,64.10199976617226,19.167484472739886,11.351841184134834,7.815643288605052
0,54.01000098405337,12.964906698305183,8.883662912349271,4.0812437859559125
0,47.4235347339813,10.629335180661236,6.998732866276273,3.630602314384963
0,53.44219837827388,4.915046728753735,8.70167981266469,-3.7866330839109548
1,58.212770522843385,13.063454107694822,9.859376029263398,3.204078078431424
0,49.70677874048703,5.600491054332148,7.503037974111339,-1.9025469197791907
0,70.07005286920881,13.377817415353627,12.020778923862148,1.3570384914914797
1,60.00195632931028,3.939377054323234,10.24704323070528,-6.307666176382046
0,72.50503739843715,15.336205130148556,12.89199687884991,2.4442082512986456
1,66.08515840106733,12.823128279327657,11.62792895176533,1.1951993275623263
0,45.4347084745429,7.147025764254077,6.666601913015244,0.48042385123883324
0,51.07594456679329,3.760714378974236,7.909284168160785,-4.148569789186549
0,61.746504758422,7.571272294438111,10.728799570655225,-3.157527276217114
1,74.9715557039445,14.450194477379128,14.139376541087628,0.31081793629149956
0,71.07435453280316,12.40723266666786,12.313991590244726,0.0932410764231335
0,45.47079425814143,3.1327335270661334,6.672238529927385,-3.5395050028612514
0,63.151310296142725,16.9692607924776,11.12337679803529,5.845883994442309
0,54.30845327752336,6.141962420026527,8.975111526651999,-2.8331491066254717
0,49.09783511007187,4.122955471307204,7.349438829736995,-3.2264833584297907
0,66.9807933737354,11.674041744421093,11.680959271828659,-0.006917527407566126
0,56.241878108261275,7.312036992613704,9.468081456898572,-2.156044464284868
0,45.38344507968755,7.360634635491765,6.658604036021794,0.7020305994699712
0,54.71864478224406,10.422787088811452,9.094763026674405,1.3280240621370467
0,67.7435441011722,14.12323410034822,11.721537594559496,2.401696505788724
1,66.78046961422034,8.250113046086716,11.670546791561177,-3.4204337454744618
0,55.69560894503213,10.078136926167115,9.345889851228304,0.7322470749388117
1,64.4138844879395,13.227601064988889,11.415214562232624,1.8123865027562651
0,68.2666079733657,10.511962110895183,11.757250720637341,-1.2452886097421576
0,57.84929154108652,10.432104996581442,9.788720526598617,0.6433844699828253
1,64.09704989818931,11.392123965229471,11.350782516338123,0.041341448891348165
1,72.4856450602537,13.00252589985126,12.883171479861419,0.11935441998984153
0,67.82487899527877,9.213505319225165,11.726456221819394,-2.5129509025942287
0,63.82521471177864,15.008381012958674,11.290308235971075,3.718072776987599
0,49.31891541603899,5.1400063191880525,7.403325722377997,-2.2633194031899446
0,50.93127474249624,10.951560776794931,7.862993962022171,3.0885668147727605
0,53.04790962273324,7.133540485982282,8.570818860678665,-1.4372783746963833
0,59.41256006111976,4.32080573935454,10.108213754851276,-5.787408015496736
1,65.02788239705666,5.844125692865635,11.518391407807643,-5.674265714942008
0,48.721875340168566,3.313850638030833,7.262347812275555,-3.9484971742447224
1,61.01313545955775,16.166153691829013,10.517926796531393,5.64822689529762
1,71.86441839611268,10.129603850021065,12.61358240845197,-2.4839785584309055
0,55.41181213360591,11.761235278124673,9.277785935909806,2.4834493422148665
0,59.214742339904014,10.711537972994282,10.064605041062409,0.6469329319318735
1,59.291085162127686,13.336444964875556,10.08127957472612,3.255165390149436
1,72.90279384479551,15.428733862724789,13.077788657258335,2.350945205466454
0,71.77281515172248,7.972207677904076,12.57617854870637,-4.603970870802294
1,73.92862955620907,17.916075776533848,13.59041087541379,4.325664901120058
0,45.811246797517605,2.0805845282348123,6.725780746344003,-4.645196218109191
0,53.45440596746394,16.56235680763878,8.705682371499364,7.856674436139414
0,55.88015905685157,6.260357831112112,9.388373283871097,-3.1280154527589845
0,68.2948042615303,16.841104383125938,11.759501839993796,5.081602543132142
0,64.4212176049096,5.618173746984348,11.41662221936226,-5.798448472377912
0,49.21965472835237,4.6912855158496205,7.378876576460748,-2.687591060611127
1,71.05249111722934,12.049412898257636,12.306493231009851,-0.2570803327522153
1,71.41774226358783,16.188832373585864,12.437586110548397,3.7512462630374674
0,53.92111337045107,11.36335537124878,8.855808689186464,2.5075466820623156
1,68.08569056926707,12.363167284251135,11.743691210734935,0.6194760735161999
0,45.82296419927694,12.280314034636916,6.727637890972636,5.55267614366428
0,74.58700730121545,13.662747422908222,13.935431641000667,-0.27268421809244536
0,45.2591102757096,7.797237032911044,6.639244443275606,1.1579925896354375
0,45.98024960388373,4.924298451291879,6.752682010037276,-1.8283835587453972
0,59.83906123283908,11.38765566844236,10.207192556441983,1.1804631120003766
0,56.285522981241215,10.310806853961594,9.477416204771421,0.8333906491901732
0,72.91756053246345,18.79002928844688,13.084850743337807,5.705178545109074
1,73.42261157087091,17.680398342703715,13.332502612739296,4.347895729964419
0,53.31874554919717,12.000407303175736,8.661021321390171,3.339385981785565
0,63.104437749325285,14.431850446951136,11.111017533427638,3.320832913523498
0,70.74226483888557,17.907946476500722,12.205164288539319,5.702782187961404
1,64.57477477536294,6.656370757967697,11.445175944837333,-4.788805186869635
0,71.27151520024303,15.825061853132407,12.383641744459162,3.4414201086732454
0,50.37651409294145,6.105448306356496,7.691974574078363,-1.586526267721867
0,51.46350291750096,10.683156879771298,8.035951977486276,2.647204902285022
0,72.75709976439276,8.995819384474785,13.00871893604659,-4.012899551571804
0,62.35414689080396,7.875656514051485,10.903947594877993,-3.0282910808265076
0,69.55838367050582,14.524332658204235,11.915457028520127,2.6088756296841087
0,52.50508442382623,11.158230713407711,8.387332790789756,2.770897922617955
1,61.407925923353424,12.985517675136627,10.630797189493741,2.3547204856428863
0,69.66517232930859,16.00874320594742,11.935014993927568,4.073728212019853
0,57.00558687598552,13.064486847794267,9.624761664115102,3.4397251836791654
0,45.060340011827705,8.902657374682466,6.6083680482543405,2.2942893264281254
0,65.26125310324261,14.984405218515436,11.549266649739701,3.4351385687757343
0,54.82650168960261,3.2673109792437898,9.12490393535509,-5.857592956111299
0,60.07851818651009,12.3261061337456,10.266202288758983,2.059903844986618
1,64.25869172995395,10.1699612763233,11.384518078928474,-1.2145568026051752
1,71.34318199036127,16.40037972356694,12.409842638605216,3.9905370849617228
0,47.82782550733392,0.3900652688185273,7.0754109417809525,-6.685345672962425
1,68.55248839578633,17.202669001473794,11.782038880455403,5.420630121018391
0,74.02850857473278,15.339710122066228,13.642201320396603,1.697508801669624
0,67.18379279710139,12.483430512791193,11.69129222190239,0.7921382908888024
0,69.19562695185483,13.400266751492117,11.857522377094707,1.5427443743974099
1,64.69652033721567,9.789291636695296,11.466518997592319,-1.6772273608970227
1,62.09643692739951,6.311923356748045,10.830063587118863,-4.518140230370818
1,62.77937469662983,14.213634670748334,11.023204051478023,3.1904306192703107
0,46.64345211962004,6.346487671711582,6.861397868099455,-0.5149101963878726
0,58.7945731294376,11.334404935193556,9.975880158937656,1.3585247762558996
0,59.087416251099896,9.065196563542727,10.03719980162975,-0.9720032380870229
0,47.39936418059625,6.641476607851402,6.994280743665963,-0.35280413581456127
0,71.77256709217363,12.538896810174768,12.57607814538135,-0.037181335206582844
0,48.671114235421456,5.3182299855169815,7.2510043180182695,-1.932774332501288
1,60.7214581126816,12.281539838463551,10.436443519016589,1.845096319446963
0,57.37209666046209,4.526888337132784,9.696484113023535,-5.169595775890751
0,74.64165230526795,11.540317415904246,13.9643558613403,-2.4240384454360537
0,61.7271549803046,7.66443075913558,10.723188950645504,-3.0587581915099245
0,46.95023282401246,1.2750530496213082,6.913951797870896,-5.638898748249588
1,72.1499970706608,10.406678682802433,12.734212234822504,-2.3275335520200713
1,70.52109273417078,18.123636113277367,12.13896826812335,5.984667845154018
1,65.7914255896812,13.356585707297608,11.604472424742337,1.7521132825552712
0,57.809130693486615,7.581750555682452,9.780959331966756,-2.199208776284304
0,46.48604962201173,4.1416623517342925,6.835051430794186,-2.6933890790598936
0,49.549147276015354,9.065064283442435,7.461691676031721,1.603372607410714
0,53.17857740321104,9.286148378023118,8.614493274598777,0.6716551034243405
0,68.82023611752598,15.960637012801683,11.809755188445022,4.150881824356661
1,69.61673533398803,14.590724817189605,11.925994461069829,2.664730356119776
0,62.10267316518764,14.352445600422165,10.831860968055791,3.520584632366374
0,45.26633127604844,7.770930149378992,6.640367536548528,1.130562612830464
0,49.342395692792095,7.183125902579736,7.409171161702414,-0.22604525912267803
0,72.28075083647923,15.956559201346709,12.791363055074962,3.1651961462717466
0,48.2074553508356,11.088321509738972,7.151609385039829,3.9367121246991426
1,73.41803815404718,9.491088233430483,13.33021152417438,-3.8391232907438972
1,71.36420018065674,10.292843447169371,12.417613782786749,-2.1247703356173773
1,59.234562208715005,9.920004629667224,10.068915969921255,-0.1489113402540312
0,68.84701401051436,14.125222238679164,11.812798796786122,2.312423441893042
0,47.553464676792,5.243398289703944,7.02291164014318,-1.7795133504392355
1,68.16606789345585,15.291462794508735,11.749533773496095,3.54192902101264
1,63.70632413671312,11.467359438557876,11.262501498415443,0.20485794014243375
0,51.095758507140594,14.026647231602922,7.915670310932224,6.110976920670698
1,65.19308972276234,13.670314713871893,11.540711470951596,2.1296032429202967
0,63.92003669945453,9.5432441260813,11.31190986183342,-1.768665735752121
0,58.50251075064788,9.037743412646073,9.916680847174787,-0.878937434528714
0,54.320944987919674,13.971305735461092,8.978863896437328,4.992441839023764
0,62.50785477964147,13.906849150173182,10.947515261890235,2.9593338882829467
0,72.79967955817072,10.987793345526711,13.028788667410428,-2.0409953218837167
0,47.32217041993817,4.000172790015413,6.980155132709897,-2.979982342694484
1,58.38636901505022,12.711325213418087,9.893568353060195,2.8177568603578926
0,54.84202393818305,9.765436753369714,9.129192811580864,0.6362439417888499
0,57.40002240196853,10.90392272876698,9.701900535483453,1.2020221932835273
0,68.8043924473827,10.170001315086584,11.807978833896247,-1.637977518809663
0,51.75139604373697,8.853677138397636,8.131992429061231,0.7216847093364045
0,58.61567538793916,11.033004136908945,9.939419594656409,1.093584542252536
1,63.936060056497226,15.851275882672098,11.315507849418324,4.535768033253774
0,59.94031258921673,12.529649763262151,10.231818271885635,2.2978314913765168
0,59.733766836513965,3.891970224073064,10.182066702380444,-6.2900964783073805
0,54.00019210282802,13.762448536888874,8.880602243717526,4.881846293171348
1,72.16261912926656,12.605748935223044,12.73967839966392,-0.13392946444087528
0,66.52857770373294,15.072346424686613,11.65662459078876,3.4157218338978534
0,63.795476953314555,7.626274566574942,11.283426843494542,-3.6571522769196
0,60.439007453323285,11.879082468502387,10.35979983133799,1.5192826371643982
0,50.429982934690166,5.146206852426733,7.707948625599004,-2.5617417731722707
0,54.567176860439965,13.675850893794635,9.051470786174535,4.6243801076201
0,47.74740534440642,10.229777041330935,7.059811057395399,3.169965983935536
0,55.121990946757805,5.986762409073832,9.204333242860006,-3.2175708337861737
0,58.195401428370495,8.451791306852435,9.855974830046673,-1.404183523194238
0,51.29456562648521,5.586925583039525,7.980308168419924,-2.393382585380399
0,58.02880252735092,7.0078828855493,9.82349735139594,-2.8156144658466395
0,59.05956518272228,3.22467086659162,10.031269266338516,-6.806598399746896
0,60.14511338443335,3.5376744671311657,10.283085045373628,-6.7454105782424625
0,64.44702420791214,3.3664024486665367,11.421544576831463,-8.055142128164928
0,46.373815555369895,4.420855623951128,6.816492147276762,-2.395636523325634
0,67.85916297480273,11.039977178926978,11.728588159925787,-0.6886109809988081
1,59.44646382143639,7.7143686565675775,10.115823449360922,-2.401454792793345
0,54.10746547993124,9.683699510055444,8.913891542961716,0.7698079670937279
1,70.83039225138013,11.67488336881512,12.232967122448644,-0.5580837536335235
0,48.98170702887232,4.486337720711103,7.321943585901649,-2.835605865190546
1,59.78116763087748,14.11293520362927,10.193318240924905,3.9196169627043655
0,58.25870099306549,15.314960186524592,9.868386215181237,5.446573971343355
0,71.67801460294874,14.652636404319232,12.538162709001144,2.114473695318088
1,74.76304351001843,14.823309563577016,14.028694927940073,0.7946146356369432
0,67.51822278092851,4.763868489848754,11.70876828115651,-6.944899791307757
1,69.19639298813456,16.100201094370714,11.857631790030123,4.242569304340591
0,74.07107393080835,7.522706354925123,13.66434539363192,-6.141639038706797
0,53.58552487509401,9.241517572284256,8.748451698650289,0.4930658736339666
0,52.36030953894472,10.31644210282375,8.338123728970684,1.9783183738530656
0,57.70134455494302,8.235531417401333,9.76014611005853,-1.524614692657197
0,48.75916549721863,6.167848888432832,7.270742072952452,-1.10289318451962
0,48.53832484928906,4.923318999789156,7.2217746312373725,-2.298455631448216
1,68.61707269987424,13.778700404409578,11.78829370156134,1.9904067028482384
1,66.49004689465919,10.886455988349208,11.654374863539562,-0.7679188751903538
0,52.120564789875296,10.746991225791508,8.256683094904783,2.4903081308867243
0,60.40242492032606,9.992297442636934,10.350068415445875,-0.3577709728089413
0,57.45095409708402,9.773833043554193,9.711767661360874,0.06206538219331925
0,56.670384740458,10.817096881176774,9.557542394580542,1.2595544865962314
0,56.61543927431976,4.5585448600783485,9.546320234855918,-4.987775374777569
1,73.3982657908803,11.064403667150934,13.320315668177077,-2.255912001026143
0,57.08765522015304,13.238615117482142,9.640949259783575,3.5976658576985674
0,48.34295806649466,7.0665914265978405,7.179899004629279,-0.11330757803143854
1,58.843450848576815,3.8583660055760287,9.985964288281172,-6.127598282705144
1,68.04357457214758,10.76253543536714,11.740737673005532,-0.9782022376383921
1,69.17160036860493,10.701478033276471,11.854116811640829,-1.1526387783643575
0,46.91537426756569,13.115347672059928,6.907893297683653,6.207454374376274
1,67.78873335540291,14.918359809985308,11.724246997635332,3.1941128123499762
1,60.97200494176548,11.010617993799334,10.506317867170225,0.5043001266291096
0,50.60190950325907,10.137577852837984,7.760093400568102,2.377484452269882
0,50.358271053854565,5.8084154290502354,7.686551872385941,-1.8781364433357055
0,57.648649287153965,12.448927794309252,9.749973835706538,2.698953958602715
1,66.10480381829734,13.96818405608084,11.629352949477415,2.3388311066034255
0,65.98476724388462,9.755323189557918,11.620385023935318,-1.8650618343774
0,49.12466261995941,9.6392788337338,7.355868791771306,2.283410041962493
0,70.37298531257099,16.405164317538315,12.09760441677173,4.307559900766584
0,72.89754794771326,18.28849732876813,13.075282505113003,5.213214823655127
0,62.86000537451304,8.331791670999909,11.045302210998027,-2.7135105399981185
0,68.82270629044464,3.773233156881029,11.810033768997721,-8.036800612116693
0,47.25700039941712,9.265081784479689,6.968337638313495,2.2967441461661933
0,52.068680598462656,15.54379160791552,8.239089409510003,7.304702198405517
0,46.75322048188433,9.696140006951824,6.880009516082978,2.8161304908688454
0,49.93756308532263,7.409420163069234,7.565695744395778,-0.15627558132654418
0,53.231565302123,11.76856547871884,8.63212445669444,3.1364410220243997
0,46.97271450730514,6.541428610844995,6.917871703610005,-0.37644309276501
0,56.66207369096296,14.987230653874832,9.555849072885511,5.431381580989321
1,70.30674573612055,14.688821062157652,12.079899465605196,2.608921596552456
1,58.88309470036587,13.916861570992236,9.994185195623459,3.922676375368777
0,46.89496004688273,5.023789235332433,6.904356083200988,-1.8805668478685549
0,65.41048399493653,5.119351323508235,11.566750310123949,-6.447398986615713
1,62.920331631838,17.21582606720652,11.061706268021682,6.154119799184839
0,53.459495323173975,3.298713241436212,8.707350044845251,-5.408636803409038
1,58.379447742776975,12.929604832188431,9.892197489170917,3.037407343017515
0,61.0970584365306,15.491488378486777,10.541716584085766,4.949771794401011
0,70.91823994155833,7.181208643019241,12.261465853621871,-5.08025721060263
0,55.63950349812862,16.79204294486185,9.332703170129493,7.459339774732358
1,73.27381682684478,16.329859661260517,13.25838649833137,3.0714731629291467
1,73.05521380741875,9.086083605703177,13.151202594307845,-4.065118988604668
1,65.04526228626537,14.880062057996025,11.520849009958246,3.3592130480377786
0,51.78778093103144,1.92234768435322,8.144218910021243,-6.221871225668023
1,71.2590059431162,20.391554967233297,12.379115939679378,8.012439027553919
0,61.92148752092309,9.271181253123393,10.779511319757592,-1.5083300666341994
1,73.94115679221994,12.451486715231404,13.596892967944624,-1.1454062527132205
0,66.04417065100641,17.44737959373143,11.624903914570751,5.822475679160679
0,56.243636016250775,9.824463981024554,9.46845852251709,0.35600545850746457
0,46.20260106640429,1.5405283185291183,6.788507582179314,-5.247979263650196
0,45.171288027831885,13.653227145449982,6.625594741189855,7.027632404260127
0,57.227309518532834,4.125796041224363,9.668310725008704,-5.542514683784341
0,61.515922760919885,12.950132022596216,10.661993645109876,2.288138377486341
0,71.25131409275252,10.445056042653937,12.37634012220648,-1.9312840795525439
0,63.8715525257976,4.81615457654472,11.300930099561649,-6.484775523016929
0,58.26808344044509,12.016502101117425,9.870229779255382,2.1462723218620425
0,47.27844812666791,11.557273496982276,6.9722161086258705,4.585057388356406
0,48.44402192135229,4.8927126334096975,7.2013972351382085,-2.308684601728511
0,48.111523196897195,9.50131277430088,7.131938928425249,2.3693738458756313
1,58.6814565470207,11.351770184846416,9.952748496152905,1.3990216886935105
0,47.32379600864923,11.802402470794286,6.98045115518905,4.8219513156052365
0,58.2714917169974,11.899340933364485,9.870899735555895,2.02844119780859
1,58.715775923039836,7.1253135492847175,9.95973741781283,-2.8344238685281127
1,65.30650960731185,11.746905769705275,11.55474584414833,0.19215992555694505
0,53.42786803767203,5.2022090161083545,8.696976991423782,-3.494767975315427
0,73.38304936500553,14.867669917158032,13.312710339905687,1.5549595772523457
0,71.82956888278902,10.738352068836102,12.599276086008821,-1.860924017172719
0,48.34856047746245,12.828790420139534,7.18108170300797,5.647708717131564
0,69.87283499797125,13.007797978699788,11.97661861927776,1.031179359422028
1,71.31695404480685,17.869194349942724,12.400200404406194,5.46899394553653
0,62.81954107343704,10.709470603431315,11.034236279803846,-0.3247656763725306
1,64.81080500927779,6.446094826552015,11.485463597641266,-5.039368771089251
0,69.46467483573521,18.84340827891134,11.899268076693717,6.944140202217623
0,56.164657571317726,12.058715907171807,9.451425500797722,2.6072904063740854
0,55.407021602470394,12.366996761681484,9.276605229936678,3.0903915317448067
0,52.4552018967096,3.664293998034009,8.370380763556074,-4.706086765522065
0,59.44429889793507,10.05495239735298,10.115336291927985,-0.06038389457500415
1,74.22073501829257,11.831626128306388,13.74251487922511,-1.9108887509187227
0,57.63053247331392,10.305684178897245,9.746476246549962,0.5592079323472827
1,59.170791652773566,14.684345875210832,10.055089546841108,4.629256328369724
0,54.346285871337,11.497130724872028,8.986456316245803,2.5106744086262243
0,65.84064071720799,11.968595866265474,11.608708028329117,0.35988783793635726
1,70.14504796007878,13.105336923655496,12.038798875417763,1.0665380482377333
1,68.53302449733002,16.369836029111028,11.78020424756023,4.589631781550798
0,55.500363251450295,7.302608703577235,9.299419327832036,-1.9968106242548007
0,46.78018317753457,4.945781054524078,6.884612918256354,-1.9388318637322763
0,73.49064222372432,15.429068544149636,13.366676281161396,2.06239226298824
0,50.40652962217498,4.413440698642935,7.700927174503116,-3.287486475860181
1,59.210418314946814,8.929581016604171,10.063666196057232,-1.134085179453061
1,73.4101856263475,14.88196021083168,13.326279612405937,1.5556805984257434
0,54.682827730080085,13.123675955054622,9.084625451007156,4.0390505040474665
0,48.59266297389885,4.750642787696529,7.233658749418098,-2.483015961721569
1,71.84236498003429,16.007607005403074,12.604518281060665,3.4030887243424086
0,63.140310360560605,6.938917609383304,11.120483864811229,-4.181566255427925
0,63.246252991775314,9.637392131524884,11.14814837468505,-1.5107562431601664
1,71.07561815168265,9.244276099364024,12.31442636358413,-3.0701502642201053
0,49.32659006078218,7.402466409134701,7.405233703844771,-0.0027672947100700895
0,67.5484724582728,14.256752190102652,11.710420890423746,2.546331299678906
0,46.52441305653941,11.755462295086724,6.841437435137729,4.914024859948995
1,59.07844908776308,11.45231659352062,10.035287927218786,1.4170286663018352
0,71.78835232960057,15.042252396029832,12.582476905490354,2.459775490539478
0,48.51081316962016,1.3810589627482694,7.215797618157433,-5.834738655409163
0,71.3340334268598,10.264407547768585,12.406472361850485,-2.1420648140819
1,71.54842374481379,16.52537533188525,12.487374286313582,4.038001045571669
1,73.47274497185283,11.180437395548752,13.357669270892318,-2.1772318753435655
0,63.078528433391455,12.16678568740014,11.10415046125538,1.06263522614476
0,59.030384600492155,11.780220441815874,10.025079230374592,1.7551412114412823
0,61.469536975392494,7.796380240898292,10.64858353932301,-2.852203298424718
1,69.19411843976805,16.249279506972506,11.85730706753895,4.391972439433557
0,47.87562702929712,3.690561293152749,7.084769839182338,-3.3942085460295894
1,68.91674142749031,16.73781762726307,11.820973125572662,4.916844501690408
1,73.77875008666217,9.200903705219138,13.513186195994388,-4.3122824907752495
1,67.2362540210125,13.116589797634433,11.693969767414258,1.422620030220175
1,59.844231064344086,13.450503918000296,10.20843870557206,3.242065212428235
1,69.81260601572356,10.974656397161128,11.964050726080702,-0.9893943289195732
0,62.477017957150366,10.28788860437236,10.938811245692015,-0.6509226413196547
0,51.45182990676452,11.213134314630077,8.032088272438166,3.1810460421919107
0,66.94753768759527,15.117549298931957,11.679254769755758,3.438294529176199
0,50.25066335717092,3.591635935376732,7.654858805398926,-4.063222870022194
0,54.838634469752776,13.679770912407594,9.128257350727033,4.5515135616805615
0,62.808286591559,2.966486227474843,11.031149809834872,-8.06466358236003
1,62.31864950341749,18.256867928659982,10.893826185481341,7.363041743178641
1,68.5377127606651,17.834634761364715,11.780644059755065,6.053990701609649
0,53.22686941645727,12.791812658346924,8.630563944069678,4.161248714277246
0,45.80060517858938,1.242084910063114,6.724095067495731,-5.482010157432617
0,54.71088101700996,13.582613804725526,9.092570934416571,4.4900428703089545
0,52.29182800926934,5.963911532241988,8.314845740503529,-2.350934208261541
0,46.41285959731204,10.676571525419202,6.8229282502282,3.8536432751910024
1,59.67411929587609,9.733356264051954,10.168042893336617,-0.43468662928466273
0,52.418294640886415,6.51626008158212,8.3578355078005,-1.8415754262183803
0,51.76941040834813,6.6590065093030075,8.138043701279118,-1.4790371919761105
0,50.817316877218765,7.155069031252276,7.826977816257986,-0.6719087850057104
0,53.6550917778876,12.010350512522836,8.770968728084075,3.239381784438761
1,72.73757652698941,15.686966013144392,12.999549684293946,2.6874163288504462
0,47.55744792366821,1.899187629784488,7.023659585343666,-5.124471955559178
0,57.64912465606941,12.719280145217247,9.750065605467242,2.9692145397500056
0,58.12272810583315,4.83022014828842,9.841777244522326,-5.011557096233906
0,60.55050957860479,12.2046952112252,10.389750060954611,1.8149451502705887
1,66.54863242878561,8.829687170989205,11.65778101362801,-2.828093842638806
0,54.85845908088826,6.835456908493014,9.133720267163786,-2.2982633586707726
0,56.25710653328564,14.489554274732036,9.471344862515824,5.018209412216212
0,49.1659736786751,3.6643912226255058,7.365828334801462,-3.701437112175956
0,57.53447972411447,13.580975302499098,9.727923446113294,3.853051856385804
1,70.09361420372993,16.842140116787164,12.026368067233056,4.815772049554107
0,65.28425306095686,7.596055504781363,11.55207096060223,-3.9560154558208662
0,63.95490048827716,13.709361244893651,11.319718658489938,2.3896425864037134
1,66.69324403684017,11.350031594489842,11.665859416039828,-0.3158278215499859
0,50.69751990148806,9.655991790133166,7.789578335419749,1.8664134547134168
0,69.83389550667718,8.228025358359396,11.968445371524101,-3.740420013164705
0,68.62978567901348,14.028782007868369,11.789555861287656,2.2392261465807124
0,68.93801377845448,8.429907585266111,11.823540181496808,-3.393632596230697
0,67.9742674711096,8.136515988910787,11.736028264197127,-3.59951227528634
0,57.59579212853909,11.300984503566736,9.73976822405307,1.5612162795136673
1,63.58041089502999,13.288312994687209,11.232224188880913,2.0560888058062954
1,74.53241006971545,13.487258178128092,13.906562111541863,-0.4193039334137705
1,63.00851556439845,13.474484151127283,11.085472543806606,2.3890116073206773
1,64.74089194076515,11.793423303380443,11.474002097370558,0.3194212060098849
0,45.58524040925026,7.504902663543039,6.690157397843747,0.8147452656992913
0,52.461582387514966,13.953954239776452,8.37254938202374,5.5814048577527124
0,63.59043732125302,8.20049462743299,11.234665129319751,-3.034170501886761
1,59.59143234140606,10.137793895213864,10.148842936124842,-0.011049040910977581
1,74.16591613387935,14.703222306885472,13.713829260579578,0.989393046305894
0,56.15922242393162,15.51835705987078,9.45024623893927,6.06811082093151
0,72.29813118166257,10.806326921408472,12.799046044567506,-1.9927191231590342
1,64.71031616603844,9.906828337244619,11.46886279000326,-1.5620344527586418
0,54.55201960650321,6.893135971054438,9.047079020586427,-2.153943049531989
0,53.372949882087696,3.0892977042029135,8.678912801458694,-5.5896150972557805
0,49.317787110034416,2.183632179143488,7.403045430865138,-5.21941325172165
0,56.96450721678042,10.155437072504965,9.616624146878973,0.5388129256259919
0,51.080947429939755,12.041436926056807,7.910895606196344,4.1305413198604635
1,67.46500515172748,13.733100677098331,11.705898610235987,2.027202066862344
0,68.12806900005324,6.059534950559498,11.74673704550586,-5.687202094946362
0,73.87393231068644,10.091408154687976,13.562156603182412,-3.4707484484944366
1,70.45701424113332,19.35654664377221,12.120774189906017,7.235772453866192
0,59.58185178739807,8.654518494932333,10.1466359412384,-1.492117446306068
0,46.47330106292598,5.968846271654497,6.832934157595099,-0.8640878859406014
0,57.34581598573646,7.553033570827976,9.691382175052768,-2.1383486042247917
0,52.65262515699874,3.1575792187196448,8.437424029053107,-5.279844810333461
0,65.0112773721062,14.469041156091953,11.516018597513627,2.9530225585783256
0,55.416222720158686,8.10371352682663,9.27887204623906,-1.175158519412431
0,58.36350213472032,14.751391420784628,9.889041819926913,4.862349600857716
0,61.98139851353073,12.428593809766188,10.796847076937443,1.631746732828745
0,72.48584779100847,12.632401218462874,12.883263623539431,-0.2508624050765569
1,70.33990561009773,14.425574794506373,12.08870045769875,2.3368743368076235
0,62.23663000263736,11.681721069036428,10.870365894271004,0.8113551747654242
0,45.5830662976769,-0.1565753980985817,6.68981633635217,-6.846391734450751
0,61.66391101791898,3.1261910276933724,10.704853036140346,-7.578662008446973
1,60.39189212911269,7.528441700520328,10.347275612850055,-2.818833912329727
0,53.36566407598075,11.366721363133752,8.676511454422132,2.690209908711621
0,57.63953707723752,12.79583324979562,9.74821469236662,3.0476185574290007
0,48.81386813836876,4.03909666950468,7.283150835037941,-3.244054165533261
0,50.43120648910342,7.34260673600387,7.708315556669666,-0.36570882066579546
1,74.39630060769032,20.18661104752346,13.834744980352488,6.351866067170972
1,70.35504101756781,14.300247937229404,12.092759060807131,2.207488876422273
1,63.766036176455394,13.344915705902794,11.276565182223692,2.0683505236791024
0,67.71726124686072,16.52344386765316,11.719987202963011,4.803456664690149
0,63.342882861624815,15.370346919381564,11.172978774511675,4.197368144869889
1,73.92464237546989,18.952267161238247,13.5883485995639,5.363918561674346
1,67.56185114611267,11.305147803140525,11.71115715450845,-0.40600935136792593
0,55.667095028604656,7.805175813010393,9.339204494140823,-1.5340286811304296
0,55.2649448817,7.887301572345008,9.241087713953984,-1.3537861416089765
0,48.00610724207619,6.152242449597219,7.1106539754029106,-0.9584115258056913
1,64.07139355723083,16.309828616227428,11.34526994077375,4.964558675453677
0,51.12420970985788,8.607710033020737,7.92485884576431,0.6828511872564276
0,59.02933232145136,13.283032740352564,10.024856456732554,3.25817628362001
1,60.788307428084174,11.666218215565625,10.454932934294186,1.2112852812714383
1,70.59629970109718,10.787847350949477,12.160892458420197,-1.3730451074707197
0,57.521703039782366,10.211786161069114,9.725453842299654,0.4863323187694597
0,62.5555803302986,11.857424569541289,10.96094671698054,0.8964778525607482
0,49.705525418698656,3.937140926311171,7.502704664025522,-3.565563737714351
0,57.73110050274696,12.074708223996742,9.765890411504733,2.308817812492009
0,45.343193747220965,6.202874188307588,6.6523312310913125,-0.4494570427837248
0,47.591156088563054,1.1398160009883027,7.030005373038309,-5.890189372050006
0,55.70963372847844,16.38244750151418,9.349165817410169,7.03328168410401
0,54.99832609761766,9.750665600597337,9.171668299577432,0.5789973010199052
0,69.61175399784223,8.664290483053735,11.925080947302174,-3.260790464248439
1,70.82232229519649,13.320779950581247,12.230388153578032,1.0903917970032158
0,72.09370706945681,6.90134694903531,12.709970084473982,-5.808623135438672
0,54.467889392023295,10.526817170093397,9.0225129715411,1.5043041985522958
1,67.02424561626233,15.894212910535018,11.683177669689353,4.211035240845664
0,59.03229662800588,11.550475833545685,10.025484096528192,1.5249917370174924
0,57.56798226092499,13.023089177374851,9.734396852461753,3.2886923249130984
1,60.97932896257292,8.92366327365077,10.508382484040187,-1.5847192103894159
0,55.226357615659424,14.622086795077257,9.231269739148882,5.390817055928375
0,66.98276472959051,10.67810865776162,11.681060110584843,-1.0029514528232237
1,69.58911676996335,8.203441770372645,11.920962530561695,-3.71752076018905
0,70.38902759362436,9.980263391212464,12.101966886525311,-2.121703495312847
0,67.33052314623433,10.0849571618731,11.698822594526344,-1.6138654326532436
0,56.523527700319136,10.237383317109892,9.527397375409427,0.7099859417004648
1,61.250587573233965,8.308060080883811,10.585548649848777,-2.2774885689649658
1,59.35714523135261,13.948368061037746,10.09586378736065,3.8525042736770967
1,71.31913525013996,14.1464920076067,12.400999942142057,1.7454920654646422
0,61.506925019999365,8.065307945016578,10.659391272296967,-2.594083327280389
1,71.73644125211524,14.715487598804748,12.561507785348013,2.1539798134567345
1,67.61276793110775,15.968591139571007,11.713991453977982,4.254599685593025
1,69.42222934612795,19.09599386259929,11.892224836069738,7.203769026529551
0,49.466573089100656,8.227150571846364,7.440486985452627,0.786663586393737
1,70.90513781710294,16.07979704858993,12.257166356812723,3.822630691777208
0,60.20203177797202,13.956182959653034,10.297668779520636,3.658514180132398
1,65.00678646827971,17.979096327302713,11.515372674861053,6.46372365244166
0,55.16817659278456,12.247608383181092,9.216323195773608,3.0312851874074838
0,72.44319801225004,8.505572335159636,12.86393437192968,-4.358362036770044
1,59.542521210816886,14.310879859279368,10.137613137002441,4.173266722276926
1,59.37717998228828,3.6783084717623487,10.100316394027503,-6.422007922265155
1,63.430592163923855,14.120990408208907,11.195163190695517,2.9258272175133904
0,50.1708631648406,6.963805175426939,7.631690188495007,-0.6678850130680676
0,47.13563718719214,0.5624684397441831,6.94658375688896,-6.384115317144777
0,74.61510232263694,15.368687569156608,13.9502992276562,1.4183883415004068
0,45.107975669849566,0.5468424082390015,6.615762742911604,-6.068920334672603
0,52.94121830981996,10.877831497806802,8.534977335012876,2.3428541627939268
0,56.585299410022394,12.402309253740569,9.540136333318209,2.86217292042236
0,49.88778849208957,1.701001600088632,7.551963431723135,-5.850961831634503
0,55.98507853024846,4.556050183255479,9.411951804812702,-4.855901621557223
0,58.101164256258286,8.348031200506883,9.837574034224081,-1.4895428337171985
0,50.68831182898048,4.973142477101133,7.786724280248215,-2.8135818031470823
0,51.75200819021256,6.1408954129998,8.132197987618634,-1.9913025746188335
0,70.054131009449,9.226209638076515,12.017039685821072,-2.7908300477445565
0,50.67452347835432,5.488163035477792,7.782456224177946,-2.294293188700154
0,71.29350317590664,13.800088480877536,12.391631282592844,1.408457198284692
0,66.03177233609925,11.205649454735012,11.623974143166599,-0.41832468843158743
0,58.02026052823473,13.215968832041394,9.821838262813653,3.394130569227741
0,73.5955520759309,8.54285956025775,13.419704593135041,-4.876845032877291
1,73.63959287961994,13.68106550928712,13.442078946151588,0.23898656313553168
1,73.62080829975274,16.919229751337383,13.432527747319243,3.48670200401814
0,47.51977051962595,12.33999083446862,7.016600944465763,5.323389890002858
0,70.28034309203944,19.056875726064103,12.072981678552598,6.983894047511505
0,74.55366675430123,16.987364384040834,13.91779832024456,3.069566063796275
1,73.46194853476666,15.345391987927623,13.352241558454956,1.9931504294726672
0,63.92607911708679,6.786943011082025,11.313268469869167,-4.5263254587871415
0,56.990398477489926,7.967006486049518,9.621755809286244,-1.6547493232367252
0,45.84677437298256,8.251728543019402,6.731415152804176,1.5203133902152262
1,60.21453940800277,17.815761053301873,10.30089201117658,7.514869042125293
1,71.86894678275175,14.77809643240689,12.615448207942183,2.162648224464707
1,74.27662204407265,11.228919879117065,13.771817535333119,-2.542897656216054
0,52.53939040087632,7.202566362685337,8.398987605659132,-1.1964212429737948
0,62.01546615636708,15.671640743565668,10.806694755194648,4.864945988371019
0,50.907665945701154,2.293506939370476,7.855498829137961,-5.561991889767485
1,61.166957054598896,10.391177782252353,10.561626663442814,-0.17044888119046142
0,52.306901317581854,8.12411671548434,8.319968901907917,-0.19585218642357738
0,50.920612025944095,9.783719958916407,7.859606721956027,1.9241132369603804
1,68.75289292687185,18.89395062894251,11.802328138459831,7.091622490482678
0,46.95282562642922,10.306790857519935,6.914403374146866,3.39238748337307
0,49.84502178113807,6.691494833275808,7.540261440500515,-0.8487666072247073
0,49.68576824047388,5.77642129154842,7.497460181559923,-1.7210388900115028
0,47.277936984609184,10.112593561306788,6.972123555445453,3.140470005861335
0,45.30055764584438,3.4478198114712875,6.645692725114604,-3.197872913643317
0,73.94708362493549,10.939177991432413,13.599961151303162,-2.66078315987075
0,69.4954159971792,12.152022988034728,11.90448087553427,0.247542112500458
0,45.873140967182856,10.754193746523343,6.735603543940781,4.018590202582563
1,62.23475452669307,9.32690403930376,10.869828324209063,-1.542924284905304
0,49.914003194756205,7.095285198339343,7.559180610584071,-0.4638954122447281
1,65.83529478262089,9.76418526302668,11.608254305900713,-1.8440690428740325
0,57.495662270357805,13.93568220930584,9.720418677294393,4.215263532011447
0,46.5523275788389,12.599003654248728,6.846098152363435,5.752905501885293
0,65.90372837427671,5.014203517380366,11.61394866956086,-6.599745152180494
0,72.78332699762974,16.847838138250854,13.02106942430511,3.826768713945743
0,54.883085127175214,8.13448404765549,9.140477608360674,-1.0059935607051838
1,65.3993519386043,15.096705738495196,11.56550292248335,3.531202816011845
0,45.19431573816961,7.697705586566877,6.629172298983638,1.0685332875832385
0,52.60520217763262,9.479199504143507,8.421334023982112,1.0578654801613947
0,52.87790877810982,5.853757646976064,8.51364379848395,-2.6598861515078855
0,56.136076921325255,2.7764262400134863,9.445213912984453,-6.668787672970967
0,58.38091679695347,5.922456234895214,9.892488400184643,-3.970032165289429
0,48.59223020060119,5.1674644474710485,7.233563681595484,-2.0660992341244357
0,46.06653910709409,8.339818001785993,6.766521733967104,1.5732962678188889
0,45.455937280310856,2.8792885484045425,6.6699171561179424,-3.7906286077134
0,50.35135637784103,13.191141917524313,7.684500203741225,5.506641713783088
1,73.02153664183271,8.63926113570631,13.13488438801213,-4.495623252305821
0,49.44037230568523,9.27016700762295,7.433822744909419,1.8363442627135314
0,64.80073207258013,8.289909215506377,11.48383735916744,-3.193928143661063
0,52.310067257513765,9.17195598946046,8.321044997307025,0.8509109921534357
1,69.97195283354807,17.34866594353289,11.998227444196687,5.350438499336203
0,45.38422976643061,9.337115728003011,6.658726380989756,2.6783893470132556
0,53.075454372263806,13.916529656908608,8.580047065469483,5.336482591439125
0,62.56288437366096,12.532843452232552,10.962997901344291,1.5698455508882603
0,52.00670126817006,8.370695516058461,8.218095857122071,0.15259965893639027
0,63.09040000047749,10.748973113454696,11.107300010052999,-0.3583268965983031
1,72.03653065379699,14.59734558640196,12.685575373353746,1.9117702130482144
1,67.51865390085321,8.171127145819163,11.708791720179313,-3.53766457436015
1,72.40973829758809,13.70450091860719,12.848849147695102,0.8556517709120879
0,48.073294435630565,1.984326073644508,7.124180636555817,-5.139854562911308
0,69.5647795341746,13.451139458681078,11.916594686762291,1.534544771918787
1,66.32279917116267,11.216227147359929,11.644129415416899,-0.42790226805696996
0,47.354061670180485,9.830096548074515,6.985973844164436,2.844122703910079
0,66.25948870308137,6.630570559340217,11.640019756152082,-5.009449196811865
1,58.61989054943184,16.700944630210916,9.940271135994738,6.760673494216178
0,57.64407271239283,6.149093114562314,9.74909032099779,-3.599997206435477
1,70.57062145342982,8.456507250858339,12.153338124415935,-3.6968308735575963
1,69.5909677461461,11.049802145497924,11.921297259212489,-0.8714951137145643
0,57.88418788426428,15.062173883843688,9.79546873927656,5.266705144567128
0,49.34496311027926,10.205590710296038,7.40981177458364,2.7957789357123977
0,64.49691789269636,11.925232579290403,11.430920984246999,0.4943115950434045
0,45.70178349666977,10.834771982302383,6.708482737179614,4.126289245122769
0,52.533412183135454,13.58279804868441,8.396956881023195,5.185841167661215
0,51.961436522054555,12.931388018952646,8.202782622914741,4.728605396037905
0,55.221639793159646,15.524448360427694,9.230064197481388,6.294384162946306
0,45.70524456239579,11.936250439490845,6.709028326832455,5.2272221126583895
0,57.46143331760223,6.695675918049885,9.713796184483115,-3.0181202664332307
1,61.3953765368686,9.073432018275623,10.627178397703437,-1.553746379427814
0,53.60910766960634,13.955247914254604,8.756099015802986,5.199148898451618
0,52.254042364964086,9.07530214570245,8.30200503384528,0.7732971118571701
1,65.67605333576833,7.626379545688312,11.594006501270986,-3.9676269555826735
0,61.222325453851326,15.55063968661759,10.577453096450078,4.973186590167511
0,49.905505800647305,5.868837340766639,7.556837494051855,-1.6880001532852162
0,49.57265281308456,7.1041827614261255,7.467784345813782,-0.36360158438765655
1,58.79283414150973,6.747135119154928,9.975522404721213,-3.228387285566285
0,58.28042752602734,9.494739390829347,9.872656894842061,-0.3779175040127143
0,52.664666590057,4.491354601560426,8.441507551037457,-3.9501529494770313
1,71.28247222903246,11.421689262524955,12.3876176195074,-0.9659283569824453
0,47.511622788481205,10.462763748874393,7.015079238104859,3.447684510769534
0,57.871083561577606,14.527996803203449,9.792934100817936,4.7350627023855125
1,71.76736751891038,15.398231122632032,12.573974704476523,2.8242564181555085
0,50.097091406819466,10.681104300204153,7.6105356107361954,3.070568689467957
0,53.675022713264795,10.413200151879163,8.777396142662134,1.6358040092170292
1,63.79438586746623,8.897612042510419,11.283173413272493,-2.3855613707620744
0,53.6479014335537,7.048389946880795,8.768647318624863,-1.7202573717440677
0,57.18173997461453,10.47512084180614,9.659405585519563,0.8157152562865768
1,61.411787555232,13.666098205372633,10.631911038513982,3.0341871668586506
0,48.08597557716017,12.532320505533525,7.126749186894011,5.405571318639514
1,73.65120846149489,16.417322402340638,13.447990828887736,2.9693315734529016
0,56.05274761413824,9.06997035204581,9.42695270126621,-0.35698234922039873
0,52.77575894563197,10.759343190643676,8.479135426471561,2.280207764172115
1,66.995981232574,16.925841015334615,11.68173564538889,5.244105369945725
0,65.34839304298849,10.571658074090292,11.559677772048067,-0.9880196979577747
0,72.20898194679614,11.558649231608465,12.7598504143931,-1.2012011827846347
1,70.07660990044072,8.464016537618683,12.022327686275105,-3.558311148656422
1,67.99645404991219,14.029395656382007,11.737516053259851,2.2918796031221564
0,61.896557999982576,16.842961886693185,10.77229223611215,6.070669650581035
0,49.34614566275139,13.326826641660992,7.41010693733112,5.916719704329871
0,46.85790983686394,11.862975886491174,6.8979564145694745,4.9650194719217
0,69.25764543469101,8.628806702702454,11.866549542463721,-3.2377428397612675
0,52.87078946675591,4.500943452783195,8.51124204924974,-4.010298596466544
0,53.928894547449175,13.19957325317312,8.858257523068083,4.341315730105038
0,61.79200899724188,8.835258771409844,10.74199338087351,-1.9067346094636655
0,60.14947761289833,8.662029598010138,10.284198300327068,-1.6221687023169302
0,56.25833352659558,3.910534967241784,9.471607505030484,-5.5610725377887
0,47.26165618429293,10.680442927454685,6.969178675238292,3.7112642522163926
0,61.164743772046535,10.04476527607932,10.560994995985128,-0.5162297199058088
1,63.925983969501786,11.81259420992285,11.31324709330781,0.4993471166150396
0,46.34308404735879,8.05901416057055,6.811441027586291,1.2475731329842592
0,52.32542327693585,11.751883939905664,8.326264665488665,3.4256192744169986
0,64.97259514774554,5.1502079718773714,11.510396185338033,-6.3601882134606615
1,63.151847703901375,13.21145078994115,11.123518014510479,2.087932775430671
0,73.61153866227954,10.673481890632647,13.42781884664712,-2.7543369560144733
1,73.70184382199001,17.0570342267674,13.473813270284614,3.5832209564827853
1,68.46807866900505,17.00258279597671,11.774245697918195,5.228337098058516
1,63.01499744910004,12.318445878877569,11.087209053842217,1.2312368250353511
0,62.61194485771555,9.413139515932594,10.976743898433819,-1.5636043825012251
0,64.45371101232553,9.202522254562734,11.4228119898338,-2.2202897352710664
0,47.06456693806313,8.663627182860726,6.933991833230622,1.7296353496301036
1,68.67089842941616,11.200583811978154,11.793709104678713,-0.5931252927005595
1,67.9688749583875,13.940632418852674,11.73566938925824,2.2049630295944347
1,74.89684028369999,12.98967729668831,14.099702469033485,-1.1100251723451748
1,74.12358457384684,22.465127105679443,13.691719184326148,8.773407921353295
0,51.112333678760955,1.5667202971957137,7.921020755568706,-6.354300458372992
0,47.68963599215824,1.8176613838156173,7.048714983865784,-5.231053600050167
0,46.57067659571644,4.56866542299252,6.849168340498528,-2.2805029175060074
1,73.6602642003838,16.478516018852346,13.452602910607876,3.0259131082444704
0,73.88465082054162,12.610345187417192,13.56768703361271,-0.9573418461955185
0,50.09594429068494,9.957903817347848,7.610208714797582,2.347695102550266
1,72.47452213244316,12.206756695660523,12.878119822828412,-0.6713631271678882
1,70.12166631859826,14.919389559368192,12.033108916381691,2.8862806429865007
0,52.252247591054186,6.35745241235211,8.301395199802565,-1.943942787450455
0,52.98649790114744,12.079964780653768,8.550206406980296,3.529758373673472
0,50.008375370071136,4.2870915545122905,7.585443583116451,-3.2983520286041603
0,48.12309387476794,5.831692098357287,7.134296071527591,-1.3026039731703039
0,58.9372692473481,12.336862571617862,10.005482423577789,2.3313801480400738
0,54.09571729671788,12.767993827219891,8.910265830123562,3.8577279970963296
0,57.45012836961276,8.381693032548739,9.711607798314944,-1.3299147657662047
0,70.32126135759515,12.044345280654635,12.08373666740583,-0.0393913867511948
0,46.63484861222362,5.549070416928469,6.859947640145499,-1.3108772232170303
0,48.50926608036183,1.5793355430040767,7.215462299242437,-5.63612675623836
1,72.18877961394686,16.58466564969381,12.751042505441271,3.83362314425254
0,69.5441087573916,10.059558769281567,11.912933137004776,-1.8533743677232088
0,50.8945408031008,9.6027690312454,7.851339432028764,1.7514295992166353
1,71.87541172946563,9.61020954044104,12.618114619380822,-3.007905078939782
0,45.472601431247526,7.720245254465524,6.672520966582436,1.0477242878830877
1,64.32628606632382,8.807951659277489,11.398098043362792,-2.590146384085303
0,56.67379949840947,3.722519720980314,9.558237709210863,-5.835717988230549
1,62.97988085765078,8.644485837722401,11.07778391552387,-2.433298077801469
0,55.72830549703457,6.818772730047309,9.35351481093386,-2.5347420808865504
1,74.93019244528445,11.935729360451138,14.117411563538075,-2.181682203086938
1,58.420645945688726,4.932008679054779,9.900367780212823,-4.968359101158044
0,73.42764939425452,16.535333100144207,13.335027275258733,3.200305824885474
0,65.70789160387186,11.79183366013118,11.596972335902274,0.19486132422890634
0,48.80394340851598,-0.0208178900758753,7.280891070446027,-7.3017089605219025
0,59.10153854117901,9.225938595082383,10.040215517823462,-0.8142769227410795
1,70.39820592026865,14.35919689920401,12.104475795078198,2.254721104125812
0,57.045582943462655,6.182437131284313,9.632661789312776,-3.4502246580284623
1,60.481359055687896,11.357638583115516,10.371125511135114,0.9865130719804025
0,69.65994546917896,11.422728910165176,11.934029478486318,-0.5113005683211416
0,46.127969920416106,12.151491854380716,6.77642228351841,5.375069570862306
0,53.2337493301569,4.458158178162763,8.632850106553445,-4.174691928390682
0,53.93354050754596,2.553603984513935,8.859718720850966,-6.3061147363370305
0,60.5415009222259,12.627047779653264,10.387314685868086,2.239733093785178
0,52.565166980590725,14.095720210467782,8.407742137365283,5.687978073102499
1,58.25371841040501,12.1778111268891,9.867407608771853,2.3104035181172478
1,69.88021298448645,13.893432778634748,11.978187097095066,1.915245681539682
0,46.86738297774616,6.5022553107956655,6.899590261426203,-0.3973349506305377
0,56.41958385400722,8.066388030498706,9.505752479339476,-1.4393644488407702
0,66.1328457759724,5.778401068297996,11.631357326290848,-5.852956257992852
0,72.15390248883875,8.918958213483494,12.735902355752762,-3.816944142269268
0,63.88944223908141,12.016665752529567,11.304997543334935,0.7116682091946327
0,54.339706443165134,6.260180568893236,8.984487593720399,-2.724307024827163
0,51.19567616251864,9.299608130938907,7.948032963480199,1.3515751674587078
0,45.1260495438217,0.3734420628515229,6.618568973101598,-6.245126910250075
0,56.789250594438506,7.64800304646743,9.581608023441076,-1.9336049769736459
1,73.48913923630144,19.465030532226976,13.365919431677586,6.09911110054939
1,64.09187148340213,10.80423540850454,11.349673276058835,-0.5454378675542948
0,64.55632649206301,13.427451743415904,11.441840249194192,1.985611494221713
0,57.814409592495885,13.4549100684056,9.781979228772673,3.672930839632926
1,68.92725765536616,10.635663899801408,11.822237835128714,-1.1865739353273064
0,48.922661964402096,9.654921167336376,7.308170842489119,2.3467503248472568
0,46.846465388550484,0.6228151243647088,6.895984794578524,-6.273169670213815
0,54.548279633959325,13.368505417819996,9.045993751463522,4.322511666356474
0,58.67012671158248,7.295534056607377,9.95044660783324,-2.654912551225862
0,60.658789528091816,9.080051336191872,10.419223831849523,-1.3391724956576514
0,46.39612615314704,5.146384666708604,6.820167276467233,-1.6737826097586286
0,52.89475087903183,10.921950580864657,8.519323458318842,2.4026271225458142
1,62.39190809534093,13.529242754647449,10.914691295054084,2.6145514595933648
0,56.18883415114069,5.545505517506252,9.45665989924077,-3.9111543817345185
0,53.523042134277766,4.889130557676724,8.728122326614413,-3.8389917689376887
0,57.39819046429808,13.407790266856242,9.701545361807526,3.7062449050487167
0,64.68848020200852,16.433104653715752,11.465145939856274,4.967958713859478
0,63.64913456459839,9.453103952914494,11.248852023127366,-1.7957480702128716
0,45.89611681516564,1.52646815010527,6.739258225294911,-5.212790075189641
1,68.97936886377872,17.554339118149347,11.828631141431067,5.7257079767182795
0,67.77291663807931,15.073880053864952,11.723292203229397,3.3505878506355558
0,63.18375520757458,3.3959943556751275,11.131882328801739,-7.735887973126611
1,72.42955474148954,17.50077310015139,12.85777488924545,4.642998210905942
0,58.3008932512944,13.279786073235607,9.876685047328499,3.403101025907109
1,72.26367038784988,16.798113129106763,12.783832083748004,4.014281045358759
0,47.15411996810405,6.811934510053779,6.9498759804048085,-0.13794147035102977
0,51.97398791178964,2.4544847053968253,8.207027080306688,-5.752542374909862
0,48.25014192888312,10.752242432331126,7.160456518458777,3.591785913872349
0,74.88868917475429,20.01104152687229,14.095374806493288,5.9156667203790025
0,54.5287484620833,1.1342901234896825,9.040315792504627,-7.906025669014944
0,48.44320947110016,12.942454468800316,7.201223021302211,5.741231447498104
0,54.680954017000886,6.595061016859851,9.0840933936045,-2.4890323767446487
0,48.83132191705011,3.8063526757785646,7.287134019689255,-3.48078134391069
1,72.90364377759497,19.8166639071496,13.078194832477099,6.738469074672501
0,62.743792303913885,16.890804478839605,11.013392548055414,5.877411930784191
0,74.20137953986729,13.652682819124292,13.732379891261983,-0.07969707213769084
0,47.97458926462482,11.298621530464672,7.104355500006233,4.194266030458439
0,45.50286531836364,10.882789870142352,6.677253114115485,4.205536756026866
1,70.85632558116926,13.680060427595134,12.241299471384401,1.4387609562107322
1,72.32875170320567,21.1824574964188,12.812630036980725,8.369827459438074
0,51.12437839012621,6.983667695767776,7.924913386762274,-0.9412456909944975
0,55.832164599964315,7.314445872045666,9.377452261634575,-2.0630063895889093
0,68.51144213806491,16.263702325650737,11.778196563625166,4.485505762025571
1,62.29487327971461,7.806785278987903,10.887035652804093,-3.08025037381619
1,72.98068689503006,11.76429908573922,13.11516391576326,-1.3508648300240402
0,63.408459211731966,11.118059830530878,11.189597905004351,-0.07153807447347305
1,69.98642941360404,9.628374558549314,12.00148193507339,-2.373107376524075
1,69.24330092703798,10.21039104887697,11.86443095121334,-1.65403990233637
0,58.465589018843616,8.677759320779694,9.90931018924028,-1.2315508684605856
0,47.36323238331954,7.7057895820291025,6.987651502672642,0.7181380793564607
0,49.47374227652136,8.595992319863491,7.442315830471008,1.153676489392483
0,55.95486433626629,15.601021727918814,9.405202420317327,6.195819307601488
0,52.93843983617194,7.039914241759496,8.534042026749907,-1.4941277849904102
1,71.92761554796999,8.240033515948777,12.639761400179001,-4.399727884230224
0,66.19062964617703,13.822876540479706,11.63538652306493,2.187490017414776
0,62.927329501787696,9.284666657381305,11.063601660739526,-1.778935003358221
0,59.54204176041507,9.728703098136847,10.137503515036231,-0.40880041689938373
1,64.8792257976736,14.313862121014328,11.496282744551078,2.81757937646325
0,58.4752994833642,7.165783485902395,9.91124651067226,-2.7454630247698653
0,50.96053371447455,4.570664606551704,7.872306470372626,-3.3016418638209224
0,70.18985417015747,11.048918766314143,12.04988276612581,-1.0009639998116668
1,70.76059735132841,13.042951625246303,12.210882190340273,0.83206943490603
1,61.60794198568884,16.026274491968667,10.688633286888491,5.3376412050801765
0,50.3290464551264,5.45170556906834,7.677894565651107,-2.226188996582767
1,62.65799902003644,4.24022977005086,10.98959547945497,-6.74936570940411
1,74.38300420504169,16.859646295405927,13.827742654773248,3.031903640632679
0,69.79135814303095,11.946031918500903,11.959716269388862,-0.013684350887958274
0,71.65717485378497,13.951428207325938,12.52990240305875,1.421525804267187
0,45.43077585582071,2.7799354687477007,6.665987982054702,-3.886052513307001
0,62.25227128541307,12.66630030620736,10.874847304586506,1.7914530016208534
0,47.652631265785,8.964274326219833,7.041654587490369,1.9226197387294643
1,64.16885317667716,13.112933705155982,11.365983170211203,1.7469505349447783
0,49.41309670828301,9.11469352374712,7.426917548612246,1.6877759751348735
0,55.72075786002448,2.045384598735886,9.351758532203029,-7.3063739334671425
1,71.87707497095796,14.8676598257258,12.618801122749412,2.2488587029763885
0,46.485525578739214,1.9925451663204177,6.834964350622279,-4.842419184301861
0,65.88731747360431,13.404654945498027,11.612605333053258,1.7920496124447691
0,49.75651459408616,8.259218001018972,7.5163247697741795,0.7428932312447927
0,48.882698077978894,11.865612015003222,7.298926763246374,4.566685251756848
0,56.75853983746457,9.268472226527136,9.575416725417394,-0.30694449889025854
0,62.68038840975057,8.79618096337896,10.995824274704688,-2.199643311325728
0,50.44046071033405,9.279203204979668,7.711092790591371,1.568110414388297
1,72.14237264175128,12.789668066323111,12.730915709458957,0.058752356864154365
1,71.76640907621884,11.647557219770036,12.573587206908707,-0.926029987138671
0,54.94380842654467,9.950050305545647,9.157002309904145,0.7930479956415013
0,72.59384994882258,8.72465215699599,12.932703782483594,-4.208051625487604
0,50.95335117678916,10.304717491717737,7.870018027437476,2.4346994642802606
1,72.44029077626406,15.429579383274998,12.862620879992699,2.566958503282299
1,66.33367125089684,14.753819447412168,11.64482148408841,3.108997963323757
1,70.73624185879216,12.998210827783538,12.203293314895424,0.7949175128881141
0,59.78619352576603,8.099933488443249,10.194516900755824,-2.0945834123125753
0,51.01133502473042,5.162131491879899,7.88853602237684,-2.726404530496941
0,48.484880095386494,4.293601847144558,7.210187919884079,-2.9165860727395208
0,55.78353420885525,7.3771990188863645,9.36629668545553,-1.9890976665691662
0,53.16295825360414,7.64856852543896,8.609286974309292,-0.960718448870332
0,52.51405675211235,6.2723982664368805,8.390381309469557,-2.1179830430326767
0,73.13488360755403,9.59194977883897,13.190017896060006,-3.598068117221036
1,74.52072431936372,16.43981558096035,13.90038720416848,2.5394283767918697
0,58.65669516618247,11.713650069066492,9.947721093382434,1.7659289756840586
0,71.06163660663536,19.28567371028343,12.309624232325989,6.9760494779574405
0,51.20519326604042,13.619912768555608,7.951128826057951,5.668783942497657
0,51.41785079693208,5.660451096514141,8.020856664710156,-2.3604055681960148
1,66.37221904164001,11.754119069488205,11.647244492380416,0.10687457710778858
0,62.60728874660701,13.692516001762668,10.975441738088032,2.717074263674636
0,72.48244002976257,20.73727943052753,12.88171508694216,7.855564343585369
1,64.36684452816195,8.204771065127936,11.406091702519035,-3.201320637391099
1,64.8866556369886,12.18490349205706,11.497433544347034,0.6874699477100261
0,48.89069246439994,8.036254340540966,7.3007709634079205,0.7354833771330451
0,63.184539050030715,15.788647262041678,11.132087305110357,4.656559956931321
0,64.20805391942523,9.27501960311596,11.37413795117729,-2.0991183480613316
0,65.13788001345856,12.882541158806028,11.533507373740232,1.3490337850657959
0,72.05880824087961,13.45546595291265,12.695052505738749,0.7604134471739012
0,46.100805151659166,8.382535705985116,6.772039155641482,1.6104965503436341
0,49.63929562753994,6.576308673046,7.485196248659858,-0.9088875756138579
0,47.504608746653275,10.113315771238984,7.0137706005106235,3.0995451707283603
0,45.74742073321807,0.9420161374978856,6.71568368724122,-5.773667549743334
1,73.18557259748563,8.645037385160812,13.214864004841491,-4.569826619680679
0,49.781172661830645,7.808116803006768,7.522955719787182,0.28516108321958544
0,54.9284119418094,7.148309949197757,9.152831154873352,-2.004521205675595
0,66.64820280510298,6.639960593821935,11.663388554450457,-5.0234279606285215
0,56.7983233662613,5.78995216697591,9.583433734245624,-3.7934815672697138
1,72.56155980770694,10.982166081855487,12.917849475732064,-1.9356833938765767
0,59.84871114629762,7.477409371956701,10.209519559055199,-2.732110187098498
0,53.54788993422184,8.893771013582601,8.736218384323621,0.15755262925897995
1,73.39155969372747,9.847562864745523,13.316962777459517,-3.4693999127139943
0,48.07314698290779,9.731391060895984,7.124150799306771,2.6072402615892125
1,71.5878186346903,12.915433978900491,12.50266698875016,0.412766990150331
0,48.800820616204966,11.678430969221848,7.280180817256381,4.398250151965467
0,46.965095168932,7.786804011782595,6.916542085360826,0.8702619264217697
0,66.01307186340904,16.051890029687016,11.622558522028104,4.429331507658912
0,47.510533247401725,0.6824735208635988,7.014875877116699,-6.3324023562531
1,66.63529411909339,13.700298670349303,11.662673318585245,2.037625351764058
0,54.782459616772805,1.3448698857002377,9.112667370888651,-7.767797485188414
1,58.51605385704514,14.043633119799246,9.919390159670842,4.124242960128404
1,71.52215916765167,10.465996259107518,12.477250926544844,-2.011254667437326
0,50.69631830145436,8.203200397773907,7.7892057267027965,0.41399467107111043
0,60.89636554344527,5.768909147335821,10.485063593662279,-4.716154446326458
0,54.8469879815391,8.624204366103442,9.13056176163805,-0.506357395534609
1,65.72549226664725,17.304503800280255,11.598586085193437,5.705917715086818
0,49.38038143792764,3.1378599351576306,7.418678571685455,-4.280818636527824
1,65.49284418608275,7.561268140928725,11.575706988131076,-4.014438847202351
1,66.32570028119028,15.408445496847545,11.644314468422213,3.764131028425332
0,66.48819397521086,10.717465180032814,11.654265718700913,-0.9368005386680984
1,71.80895550162845,11.267945636781878,12.590857939193263,-1.3229123024113854
0,52.466609433509326,14.35926636883401,8.374257938136237,5.985008430697773
1,64.30341501884558,11.994194803674043,11.393538937063795,0.6006558666102482
0,54.97922487807404,12.572291455069807,9.166548343931828,3.40574311113798
0,67.73689950145959,10.845920065729189,11.721143918334239,-0.8752238526050498
0,64.38628932011575,12.636524945022236,11.409882246677485,1.226642698344751
0,52.95510885446773,3.1151933165098127,8.539651878704698,-5.424458562194885
0,72.07281756405214,5.684322969618515,12.701030417181155,-7.01670744756264
1,62.3979942588861,7.223883995386848,10.916420577178123,-3.6925365817912743
0,70.73625525983505,14.33018185221506,12.20329747360909,2.12688437860597
0,58.029817429156594,5.983693072401982,9.823694507112455,-3.840001434710473
0,64.55689083083256,15.008978893861574,11.441942679017592,3.5670362148439825
0,68.95417693228487,13.767415993406248,11.825514031370437,1.9419019620358107
1,65.22809238911418,12.456687140732528,11.545150731678634,0.9115364090538947
0,63.82493111826669,3.791766345668369,11.290242848842189,-7.498476503173819
0,56.50571948408517,12.022873383108193,9.523708081357231,2.4991653017509616
0,57.58088126563702,8.559222662714083,9.736888451808749,-1.1776657890946662
1,71.55133015843211,9.84422016838513,12.488498094279077,-2.644277925893947
1,61.707717641426896,13.265450531599184,10.717553103910218,2.547897427688966
0,60.169647286357765,13.197940313201787,10.289354072845326,2.9085862403564615
1,63.473272517679206,7.990505297733389,11.205830864475736,-3.2153255667423473
1,73.10958779251112,10.148254579456978,13.177662004607614,-3.0294074251506355
0,49.63488423242604,5.148677250752729,7.484037329780109,-2.33536007902738
0,51.253703360632166,0.8898783596169908,7.9669433813323485,-7.077065021715358
1,60.98579721846083,9.832773973691667,10.510206797046953,-0.6774328233552858
